element_id,team_id,position_id,player_name,web_name,team_name,team_short_name,position,price,total_points,points_per_game,form,minutes,selected_by_percent,status,chance_of_playing_next_round,chance_of_playing_this_round,news,news_added,now_cost,value_score,defensive_contribution,defensive_contribution_per_90,starts,bonus,bps,clearances_blocks_interceptions,tackles,recoveries,player_code,penalties_order,penalties_text,direct_freekicks_order,direct_freekicks_text,corners_and_indirect_freekicks_order,corners_and_indirect_freekicks_text,season,bootstrap_hash,data_cutoff,prior_source,preseason_minutes_prior,promoted_team,availability_probability,launch_evidence_confidence,launch_evidence_type,launch_evidence_source,preseason_points_prior,minutes_security,ownership_risk,defensive_contribution_per_90_norm,captain_score,transfer_score
124,5,3,Pascal Groß,Groß,Brighton,BHA,Midfielder,5.8,47,9.4,3.6666666666666665,450,28.6,a,,,,,58,8.10344827586207,26,5.2,5,9,166,9,7,10,60307,1.0,,1.0,,1.0,,2026-27,0c133121c3637cccea64e7dc70a58d499d53501a46c780f65d6f89cd020d52e9,2026-09-27T08:05:19.992073Z,official_2025-26_stats,0.4473684210526316,False,1.0,0.0,,,9.4,1.0,0.714,0.02888888888888889,0.5829391891891892,0.6093238272755512
229,9,2,James Tarkowski,Tarkowski,Everton,EVE,Defender,6.1,43,8.6,7.0,450,16.3,a,,,,,61,7.049180327868853,51,10.2,5,7,138,40,11,18,17761,,,,,,,2026-27,0c133121c3637cccea64e7dc70a58d499d53501a46c780f65d6f89cd020d52e9,2026-09-27T08:05:19.992073Z,official_2025-26_stats,0.9736842105263158,False,1.0,0.0,,,8.6,1.0,0.837,0.056666666666666664,0.6390202702702703,0.5702506719834587
330,13,2,Jayden Bogle,Bogle,Leeds,LEE,Defender,4.6,42,8.4,0.6666666666666666,365,7.1,a,,,,,46,9.130434782608697,16,3.95,5,6,122,11,5,11,226182,,,,,,,2026-27,0c133121c3637cccea64e7dc70a58d499d53501a46c780f65d6f89cd020d52e9,2026-09-27T08:05:19.992073Z,official_2025-26_stats,0.8157894736842105,False,1.0,0.0,,,8.4,0.8111111111111111,0.929,0.021944444444444447,0.4409384384384385,0.6179108108108108
411,15,4,Erling Haaland,Haaland,Man City,MCI,Forward,15.6,39,7.8,6.666666666666667,450,73.8,a,,,,,156,2.5,20,4.0,5,9,167,10,0,10,223094,1.0,,,,,,2026-27,0c133121c3637cccea64e7dc70a58d499d53501a46c780f65d6f89cd020d52e9,2026-09-27T08:05:19.992073Z,official_2025-26_stats,0.8421052631578947,False,1.0,0.0,,,7.8,1.0,0.262,0.022222222222222223,0.6059121621621621,0.27357477477477476
94,4,3,Kevin Schade,Schade,Brentford,BRE,Midfielder,6.2,39,7.8,3.3333333333333335,447,11.3,a,,,,,62,6.290322580645161,34,6.85,5,6,138,6,7,21,513418,2.0,,,,,,2026-27,0c133121c3637cccea64e7dc70a58d499d53501a46c780f65d6f89cd020d52e9,2026-09-27T08:05:19.992073Z,official_2025-26_stats,0.7894736842105263,False,1.0,0.0,,,7.8,0.9933333333333333,0.887,0.03805555555555555,0.5234977477477477,0.4476121185701829
115,5,2,Maxim De Cuyper,De Cuyper,Brighton,BHA,Defender,5.0,38,7.6,5.666666666666667,423,27.7,a,,,,,50,7.6,16,3.4,5,5,132,8,8,18,465730,,,4.0,,2.0,,2026-27,0c133121c3637cccea64e7dc70a58d499d53501a46c780f65d6f89cd020d52e9,2026-09-27T08:05:19.992073Z,official_2025-26_stats,0.3157894736842105,False,1.0,0.0,,,7.6,0.94,0.7230000000000001,0.01888888888888889,0.5633378378378378,0.6022585585585585
391,15,2,Joško Gvardiol,Gvardiol,Man City,MCI,Defender,5.7,37,7.4,0.6666666666666666,434,26.7,a,,,,,57,6.491228070175438,31,6.43,5,6,135,20,11,21,477424,,,,,,,2026-27,0c133121c3637cccea64e7dc70a58d499d53501a46c780f65d6f89cd020d52e9,2026-09-27T08:05:19.992073Z,official_2025-26_stats,0.3684210526315789,False,1.0,0.0,,,7.4,0.9644444444444444,0.733,0.03572222222222222,0.4403551051051051,0.435171629524261
399,15,3,Rayan Cherki,Cherki,Man City,MCI,Midfielder,7.8,34,6.8,2.3333333333333335,302,28.4,a,,,,,78,4.3589743589743595,12,3.58,4,5,150,3,0,9,466052,,,1.0,,1.0,,2026-27,0c133121c3637cccea64e7dc70a58d499d53501a46c780f65d6f89cd020d52e9,2026-09-27T08:05:19.992073Z,official_2025-26_stats,0.42105263157894735,False,1.0,0.0,,,6.8,0.6711111111111111,0.716,0.01988888888888889,0.403478978978979,0.300425872025872
572,11,1,Konstantinos Tzolakis,Tzolakis,Hull City,HUL,Goalkeeper,4.7,34,6.8,6.0,450,12.7,a,,,,,47,7.234042553191489,0,0.0,5,6,129,2,1,69,473284,,,,,,,2026-27,0c133121c3637cccea64e7dc70a58d499d53501a46c780f65d6f89cd020d52e9,2026-09-27T08:05:19.992073Z,official_previous_season_stats_unmatched,0.0,True,1.0,0.0,,,6.8,1.0,0.873,0.0,0.5584459459459459,0.5646072263753112
379,14,4,Alexander Isak,Isak,Liverpool,LIV,Forward,9.1,33,6.6,0.3333333333333333,413,22.5,a,,,,,91,3.6263736263736264,7,1.53,5,8,133,3,1,3,219168,2.0,,,,,,2026-27,0c133121c3637cccea64e7dc70a58d499d53501a46c780f65d6f89cd020d52e9,2026-09-27T08:05:19.992073Z,official_2025-26_stats,0.21052631578947367,False,1.0,0.0,,,6.6,0.9177777777777778,0.775,0.0085,0.39791366366366365,0.20592738342738337
397,15,3,Antoine Semenyo,Semenyo,Man City,MCI,Midfielder,8.4,33,6.6,6.333333333333333,450,15.4,d,75.0,,Ankle injury - 75% chance of playing,2026-09-24T12:00:09.848000Z,84,3.9285714285714284,22,4.4,5,2,147,2,6,14,437730,2.0,,,,,,2026-27,0c133121c3637cccea64e7dc70a58d499d53501a46c780f65d6f89cd020d52e9,2026-09-27T08:05:19.992073Z,official_2025-26_stats,0.75,False,0.75,0.0,,,6.6,0.75,0.846,0.024444444444444446,0.510304054054054,0.3192931788931788
165,6,4,João Pedro Junqueira de Jesus,João Pedro,Chelsea,CHE,Forward,7.7,33,8.2,1.0,360,65.3,d,75.0,75.0,Knee injury - 75% chance of playing,2026-09-16T19:00:09.919929Z,77,4.285714285714286,9,2.25,4,7,141,3,1,5,475168,,,,,,,2026-27,0c133121c3637cccea64e7dc70a58d499d53501a46c780f65d6f89cd020d52e9,2026-09-27T08:05:19.992073Z,official_2025-26_stats,0.75,False,0.75,0.0,,,8.2,0.75,0.347,0.0125,0.4305743243243243,0.3100876447876447
12,1,3,Bukayo Saka,Saka,Arsenal,ARS,Midfielder,9.5,32,6.4,4.0,416,13.6,a,,,,,95,3.3684210526315788,31,6.71,5,4,137,8,6,17,223340,1.0,,2.0,,2.0,,2026-27,0c133121c3637cccea64e7dc70a58d499d53501a46c780f65d6f89cd020d52e9,2026-09-27T08:05:19.992073Z,official_2025-26_stats,0.6052631578947368,False,1.0,0.0,,,6.4,0.9244444444444444,0.864,0.03727777777777778,0.4821861861861862,0.23671047889995248
504,5,2,Luka Vušković,Vuskovic,Brighton,BHA,Defender,5.0,32,6.4,6.5,437,3.6,a,,,,,50,6.4,43,8.86,5,2,98,37,6,17,610799,,,,,,,2026-27,0c133121c3637cccea64e7dc70a58d499d53501a46c780f65d6f89cd020d52e9,2026-09-27T08:05:19.992073Z,official_previous_season_stats_unmatched,0.0,False,1.0,0.0,,,6.4,0.9711111111111111,0.964,0.049222222222222216,0.5523303303303304,0.49967207207207204
367,14,3,Cody Gakpo,Gakpo,Liverpool,LIV,Midfielder,7.2,32,6.4,2.0,370,12.6,a,100.0,100.0,,2026-09-09T18:30:08.772955Z,72,4.444444444444445,32,7.78,4,5,113,9,8,15,243298,3.0,,,,3.0,,2026-27,0c133121c3637cccea64e7dc70a58d499d53501a46c780f65d6f89cd020d52e9,2026-09-27T08:05:19.992073Z,official_2025-26_stats,0.8157894736842105,False,1.0,0.0,,,6.4,0.8222222222222222,0.874,0.043222222222222224,0.4130930930930931,0.2857731731731731
286,11,3,Mohamed Belloumi,Belloumi,Hull City,HUL,Midfielder,5.1,31,6.2,7.0,394,5.1,a,,,,,51,6.07843137254902,44,10.05,5,2,111,14,16,14,540324,,,2.0,,2.0,,2026-27,0c133121c3637cccea64e7dc70a58d499d53501a46c780f65d6f89cd020d52e9,2026-09-27T08:05:19.992073Z,official_previous_season_stats_unmatched,0.0,True,1.0,0.0,,,6.2,0.8755555555555555,0.949,0.05583333333333334,0.5391313813813814,0.4846265854089383
426,16,3,Bruno Borges Fernandes,B.Fernandes,Man Utd,MUN,Midfielder,11.9,31,6.2,8.666666666666666,450,38.5,a,,,,,119,2.6050420168067228,29,5.8,5,3,148,3,5,21,141746,1.0,,1.0,,1.0,,2026-27,0c133121c3637cccea64e7dc70a58d499d53501a46c780f65d6f89cd020d52e9,2026-09-27T08:05:19.992073Z,official_2025-26_stats,0.8947368421052632,False,1.0,0.0,,,6.2,1.0,0.615,0.03222222222222222,0.6045608108108108,0.2787604284957226
68,3,3,Marcus Tavernier,Tavernier,Bournemouth,BOU,Midfielder,6.1,31,6.2,4.666666666666667,424,6.7,a,,,,,61,5.081967213114754,42,8.92,5,8,153,5,11,26,201658,3.0,,1.0,,1.0,,2026-27,0c133121c3637cccea64e7dc70a58d499d53501a46c780f65d6f89cd020d52e9,2026-09-27T08:05:19.992073Z,official_2025-26_stats,0.7894736842105263,False,1.0,0.0,,,6.2,0.9422222222222222,0.933,0.049555555555555554,0.49570795795795797,0.37199316201447336
449,17,2,Lewis Hall,Hall,Newcastle,NEW,Defender,5.3,31,6.2,1.3333333333333333,449,17.2,a,,,,,53,5.849056603773585,46,9.22,5,6,127,33,13,38,487838,,,1.0,,1.0,,2026-27,0c133121c3637cccea64e7dc70a58d499d53501a46c780f65d6f89cd020d52e9,2026-09-27T08:05:19.992073Z,official_2025-26_stats,0.6052631578947368,False,1.0,0.0,,,6.2,0.9977777777777778,0.8280000000000001,0.051222222222222225,0.425737987987988,0.3872492945775964
388,15,2,Marc Guéhi,Guéhi,Man City,MCI,Defender,6.0,30,6.0,5.666666666666667,450,18.2,a,,,,,60,5.0,29,5.8,5,4,114,26,3,19,209036,,,,,,,2026-27,0c133121c3637cccea64e7dc70a58d499d53501a46c780f65d6f89cd020d52e9,2026-09-27T08:05:19.992073Z,official_2025-26_stats,0.868421052631579,False,1.0,0.0,,,6.0,1.0,0.8180000000000001,0.03222222222222222,0.5253378378378379,0.39342522522522516
1,1,1,David Raya Martín,Raya,Arsenal,ARS,Goalkeeper,6.1,30,6.0,5.0,450,42.2,a,,,,,61,4.918032786885246,0,0.0,5,3,104,6,1,58,154561,,,,,,,2026-27,0c133121c3637cccea64e7dc70a58d499d53501a46c780f65d6f89cd020d52e9,2026-09-27T08:05:19.992073Z,official_2025-26_stats,0.9473684210526315,False,1.0,0.0,,,6.0,1.0,0.578,0.0,0.5091216216216217,0.40033026140894984
69,3,3,Alex Scott,Scott,Bournemouth,BOU,Midfielder,6.1,30,6.0,2.6666666666666665,446,5.8,a,,,,,61,4.918032786885246,60,12.11,5,5,129,15,9,36,503139,,,4.0,,2.0,,2026-27,0c133121c3637cccea64e7dc70a58d499d53501a46c780f65d6f89cd020d52e9,2026-09-27T08:05:19.992073Z,official_2025-26_stats,0.8421052631578947,False,1.0,0.0,,,6.0,0.9911111111111112,0.942,0.06727777777777777,0.4505870870870871,0.326092423571112
15,1,3,Martin Ødegaard,Ødegaard,Arsenal,ARS,Midfielder,6.8,29,5.8,2.3333333333333335,377,19.8,a,,,,,68,4.264705882352941,23,5.49,5,6,137,5,6,12,184029,3.0,,4.0,,,,2026-27,0c133121c3637cccea64e7dc70a58d499d53501a46c780f65d6f89cd020d52e9,2026-09-27T08:05:19.992073Z,official_2025-26_stats,0.2894736842105263,False,1.0,0.0,,,5.8,0.8377777777777777,0.802,0.030500000000000003,0.4055623123123123,0.28459862215156323
40,6,3,Morgan Rogers,Rogers,Chelsea,CHE,Midfielder,7.7,29,5.8,4.666666666666667,437,40.4,a,,,,,77,3.766233766233766,31,6.38,5,2,135,3,5,23,244850,,,,,3.0,,2026-27,0c133121c3637cccea64e7dc70a58d499d53501a46c780f65d6f89cd020d52e9,2026-09-27T08:05:19.992073Z,official_2025-26_stats,0.9736842105263158,False,1.0,0.0,,,5.8,0.9711111111111111,0.5960000000000001,0.035444444444444445,0.4889857357357357,0.30482026442026433
8,1,2,Riccardo Calafiori,Calafiori,Arsenal,ARS,Defender,5.8,29,5.8,3.3333333333333335,416,50.5,a,,,,,58,5.0,18,3.89,5,2,76,12,6,13,466075,,,,,,,2026-27,0c133121c3637cccea64e7dc70a58d499d53501a46c780f65d6f89cd020d52e9,2026-09-27T08:05:19.992073Z,official_2025-26_stats,0.5,False,1.0,0.0,,,5.8,0.9244444444444444,0.495,0.021611111111111112,0.44721996996996993,0.3878873873873873
480,18,3,Morgan Gibbs-White,Gibbs-White,Nott'm Forest,NFO,Midfielder,8.0,28,5.6,5.333333333333333,450,15.7,a,100.0,100.0,,2026-08-24T15:30:08.350159Z,80,3.5,21,4.2,5,6,116,2,5,14,222531,1.0,,1.0,,,,2026-27,0c133121c3637cccea64e7dc70a58d499d53501a46c780f65d6f89cd020d52e9,2026-09-27T08:05:19.992073Z,official_2025-26_stats,0.9210526315789473,False,1.0,0.0,,,5.6,1.0,0.843,0.023333333333333334,0.5047297297297297,0.27051981981981976
385,13,1,James Trafford,Trafford,Leeds,LEE,Goalkeeper,5.0,28,5.6,0.6666666666666666,450,5.5,a,,,,,50,5.6,0,0.0,5,5,117,6,0,55,432720,,,,,,,2026-27,0c133121c3637cccea64e7dc70a58d499d53501a46c780f65d6f89cd020d52e9,2026-09-27T08:05:19.992073Z,official_2025-26_stats,0.10526315789473684,False,1.0,0.0,,,5.6,1.0,0.945,0.0,0.3912162162162162,0.345644144144144
98,4,3,Vitaly Janelt,Janelt,Brentford,BRE,Midfielder,5.0,28,5.6,1.3333333333333333,450,2.5,a,,,,,50,5.6,64,12.8,5,3,109,27,17,20,204580,,,,,3.0,,2026-27,0c133121c3637cccea64e7dc70a58d499d53501a46c780f65d6f89cd020d52e9,2026-09-27T08:05:19.992073Z,official_2025-26_stats,0.39473684210526316,False,1.0,0.0,,,5.6,1.0,0.975,0.07111111111111111,0.40743243243243243,0.3534549549549548
453,17,3,Harvey Barnes,Barnes,Newcastle,NEW,Midfielder,6.1,28,5.6,4.333333333333333,450,5.6,a,,,,,61,4.59016393442623,33,6.6,5,3,105,14,3,16,201666,,,,,3.0,,2026-27,0c133121c3637cccea64e7dc70a58d499d53501a46c780f65d6f89cd020d52e9,2026-09-27T08:05:19.992073Z,official_2025-26_stats,0.47368421052631576,False,1.0,0.0,,,5.6,1.0,0.944,0.03666666666666667,0.4804054054054054,0.3277828385762812
154,6,3,Cole Palmer,Palmer,Chelsea,CHE,Midfielder,9.7,28,5.6,4.0,442,25.8,d,75.0,100.0,Muscular injury - 75% chance of playing,2026-09-21T13:00:09.022726Z,97,2.8865979381443303,29,5.9,5,3,148,3,7,19,244851,1.0,,2.0,,,,2026-27,0c133121c3637cccea64e7dc70a58d499d53501a46c780f65d6f89cd020d52e9,2026-09-27T08:05:19.992073Z,official_2025-26_stats,0.5526315789473685,False,0.75,0.0,,,5.6,0.75,0.742,0.03277777777777778,0.4222972972972973,0.21197070678926344
138,5,4,Charalampos Kostoulas,Kostoulas,Brighton,BHA,Forward,5.6,28,5.6,1.0,353,3.9,a,,,,,56,5.0,27,6.88,4,3,105,5,4,18,647850,,,,,,,2026-27,0c133121c3637cccea64e7dc70a58d499d53501a46c780f65d6f89cd020d52e9,2026-09-27T08:05:19.992073Z,official_2025-26_stats,0.05263157894736842,False,1.0,0.0,,,5.6,0.7844444444444445,0.961,0.03822222222222222,0.3562132132132132,0.30344954954954945
230,9,2,Jarrad Branthwaite,Branthwaite,Everton,EVE,Defender,5.5,27,5.4,0.0,450,2.4,a,,,,,55,4.909090909090909,54,10.8,5,0,97,49,5,14,480455,,,,,,,2026-27,0c133121c3637cccea64e7dc70a58d499d53501a46c780f65d6f89cd020d52e9,2026-09-27T08:05:19.992073Z,official_2025-26_stats,0.18421052631578946,False,1.0,0.0,,,5.4,1.0,0.976,0.060000000000000005,0.36875,0.27876363636363627
279,11,2,Semi Ajayi,Ajayi,Hull City,HUL,Defender,4.2,27,5.4,3.2,423,14.0,a,100.0,100.0,,2026-08-22T17:30:07.668197Z,42,6.428571428571428,27,5.74,5,2,79,21,6,16,146426,,,,,,,2026-27,0c133121c3637cccea64e7dc70a58d499d53501a46c780f65d6f89cd020d52e9,2026-09-27T08:05:19.992073Z,official_previous_season_stats_unmatched,0.0,True,1.0,0.0,,,5.4,0.94,0.86,0.03188888888888889,0.43458783783783783,0.45874903474903456
233,9,2,Vitalii Mykolenko,Mykolenko,Everton,EVE,Defender,4.6,27,5.4,1.0,450,4.2,a,,,,,46,5.869565217391305,39,7.8,5,3,109,25,14,30,224967,,,,,,,2026-27,0c133121c3637cccea64e7dc70a58d499d53501a46c780f65d6f89cd020d52e9,2026-09-27T08:05:19.992073Z,official_2025-26_stats,0.868421052631579,False,1.0,0.0,,,5.4,1.0,0.958,0.043333333333333335,0.3930743243243243,0.3704162162162161
334,13,2,Tarik Muharemović,Muharemović,Leeds,LEE,Defender,5.0,27,5.4,5.2,450,4.3,a,,,,,50,5.4,58,11.6,5,0,101,53,5,16,522047,,,,,,,2026-27,0c133121c3637cccea64e7dc70a58d499d53501a46c780f65d6f89cd020d52e9,2026-09-27T08:05:19.992073Z,official_previous_season_stats_unmatched,0.0,False,1.0,0.0,,,5.4,1.0,0.957,0.06444444444444444,0.4952364864864865,0.40262432432432427
335,13,3,Anton Stach,Stach,Leeds,LEE,Midfielder,6.0,27,5.4,1.6666666666666667,447,2.5,a,,,,,60,4.5,61,12.28,5,3,86,27,13,21,466525,,,1.0,,1.0,,2026-27,0c133121c3637cccea64e7dc70a58d499d53501a46c780f65d6f89cd020d52e9,2026-09-27T08:05:19.992073Z,official_2025-26_stats,0.7105263157894737,False,1.0,0.0,,,5.4,0.9933333333333333,0.975,0.06822222222222221,0.4079572072072072,0.2745270270270269
350,14,1,Alisson Becker,A.Becker,Liverpool,LIV,Goalkeeper,5.5,27,5.4,0.6666666666666666,450,4.0,a,,,,,55,4.909090909090909,0,0.0,5,5,96,10,0,47,116535,,,,,,,2026-27,0c133121c3637cccea64e7dc70a58d499d53501a46c780f65d6f89cd020d52e9,2026-09-27T08:05:19.992073Z,official_2025-26_stats,0.6842105263157895,False,1.0,0.0,,,5.4,1.0,0.96,0.0,0.38496621621621624,0.29117444717444707
428,16,3,Matheus Santos Carneiro da Cunha,Cunha,Man Utd,MUN,Midfielder,7.9,26,5.2,3.6666666666666665,407,5.8,a,,,,,79,3.291139240506329,13,2.87,5,4,95,1,3,9,430871,,,,,,,2026-27,0c133121c3637cccea64e7dc70a58d499d53501a46c780f65d6f89cd020d52e9,2026-09-27T08:05:19.992073Z,official_2025-26_stats,0.7368421052631579,False,1.0,0.0,,,5.2,0.9044444444444445,0.942,0.015944444444444445,0.43257807807807813,0.21758013456494463
332,13,2,James Justin,Justin,Leeds,LEE,Defender,4.5,26,5.2,3.6666666666666665,450,1.5,a,,,,,45,5.777777777777778,44,8.8,5,4,91,28,16,14,220627,,,,,,,2026-27,0c133121c3637cccea64e7dc70a58d499d53501a46c780f65d6f89cd020d52e9,2026-09-27T08:05:19.992073Z,official_2025-26_stats,0.5,False,1.0,0.0,,,5.2,1.0,0.985,0.04888888888888889,0.4516891891891892,0.40392242242242227
277,11,2,John Egan,Egan,Hull City,HUL,Defender,4.1,26,5.2,4.5,437,7.0,a,,,,,41,6.341463414634147,59,12.15,5,1,71,50,9,12,108416,,,,,,,2026-27,0c133121c3637cccea64e7dc70a58d499d53501a46c780f65d6f89cd020d52e9,2026-09-27T08:05:19.992073Z,official_previous_season_stats_unmatched,0.0,True,1.0,0.0,,,5.2,0.9711111111111111,0.9299999999999999,0.0675,0.46618168168168167,0.46615183476159083
316,12,4,Emersonn Correia da Silva,Emersonn,Ipswich Town,IPS,Forward,5.5,26,5.2,4.2,317,3.5,a,100.0,100.0,,2026-08-31T09:30:08.306145Z,55,4.7272727272727275,10,2.84,5,6,110,3,3,4,543968,2.0,,,,,,2026-27,0c133121c3637cccea64e7dc70a58d499d53501a46c780f65d6f89cd020d52e9,2026-09-27T08:05:19.992073Z,official_previous_season_stats_unmatched,0.0,True,1.0,0.0,,,5.2,0.7044444444444444,0.965,0.015777777777777776,0.40555105105105105,0.3340323505323505
586,11,2,Nobel Mendy,Mendy,Hull City,HUL,Defender,4.1,25,6.2,2.5,249,6.3,a,100.0,0.0,,2026-09-12T18:00:09.334142Z,41,6.097560975609756,39,14.1,4,1,69,32,7,6,606930,,,,,,,2026-27,0c133121c3637cccea64e7dc70a58d499d53501a46c780f65d6f89cd020d52e9,2026-09-27T08:05:19.992073Z,official_previous_season_stats_unmatched,0.0,True,1.0,0.0,,,6.2,0.5533333333333333,0.937,0.07833333333333334,0.3652274774774775,0.41432021533728847
4,1,2,Gabriel dos Santos Magalhães,Gabriel,Arsenal,ARS,Defender,8.0,25,5.0,6.0,450,22.7,a,,,,,80,3.125,41,8.2,5,2,90,35,6,17,226597,,,,,,,2026-27,0c133121c3637cccea64e7dc70a58d499d53501a46c780f65d6f89cd020d52e9,2026-09-27T08:05:19.992073Z,official_2025-26_stats,0.7631578947368421,False,1.0,0.0,,,5.0,1.0,0.773,0.04555555555555555,0.502195945945946,0.2595806306306305
356,14,2,Virgil van Dijk,Virgil,Liverpool,LIV,Defender,6.5,25,5.0,6.0,450,16.2,a,,,,,65,3.8461538461538463,48,9.6,5,0,96,43,5,18,97032,,,,,,,2026-27,0c133121c3637cccea64e7dc70a58d499d53501a46c780f65d6f89cd020d52e9,2026-09-27T08:05:19.992073Z,official_2025-26_stats,1.0,False,1.0,0.0,,,5.0,1.0,0.838,0.05333333333333333,0.502195945945946,0.30836909216909214
226,9,1,Jordan Pickford,Pickford,Everton,EVE,Goalkeeper,5.5,25,5.0,2.0,450,9.1,a,,,,,55,4.545454545454546,0,0.0,5,1,121,7,0,53,111234,,,,,,,2026-27,0c133121c3637cccea64e7dc70a58d499d53501a46c780f65d6f89cd020d52e9,2026-09-27T08:05:19.992073Z,official_2025-26_stats,1.0,False,1.0,0.0,,,5.0,1.0,0.909,0.0,0.40489864864864866,0.29001728091728085
305,12,2,Leif Davis,Davis,Ipswich Town,IPS,Defender,4.0,25,5.0,5.8,450,6.9,a,,,,,40,6.25,24,4.8,5,1,52,22,2,10,455084,,,2.0,,,,2026-27,0c133121c3637cccea64e7dc70a58d499d53501a46c780f65d6f89cd020d52e9,2026-09-27T08:05:19.992073Z,official_previous_season_stats_unmatched,0.0,True,1.0,0.0,,,5.0,1.0,0.931,0.026666666666666665,0.4973310810810811,0.4801207207207206
427,16,3,Bryan Mbeumo,Mbeumo,Man Utd,MUN,Midfielder,7.9,25,5.0,5.666666666666667,450,20.6,a,,,,,79,3.1645569620253164,26,5.2,5,3,110,7,5,14,446008,2.0,,2.0,,2.0,,2026-27,0c133121c3637cccea64e7dc70a58d499d53501a46c780f65d6f89cd020d52e9,2026-09-27T08:05:19.992073Z,official_2025-26_stats,0.8157894736842105,False,1.0,0.0,,,5.0,1.0,0.794,0.02888888888888889,0.4940878378378379,0.2551079256471661
127,5,3,Diego Gómez Amarilla,Gomez,Brighton,BHA,Midfielder,5.0,24,4.8,0.6666666666666666,433,4.0,a,,,,,50,4.8,36,7.48,5,0,80,7,13,16,514254,,,5.0,,,,2026-27,0c133121c3637cccea64e7dc70a58d499d53501a46c780f65d6f89cd020d52e9,2026-09-27T08:05:19.992073Z,official_2025-26_stats,0.6052631578947368,False,1.0,0.0,,,4.8,0.9622222222222222,0.96,0.04155555555555556,0.35866066066066066,0.2828108108108107
173,7,2,Bobby Thomas,Thomas,Coventry City,COV,Defender,4.0,24,4.8,5.2,437,8.6,a,,,,,40,6.0,52,10.71,5,3,78,49,3,16,461102,,,,,,,2026-27,0c133121c3637cccea64e7dc70a58d499d53501a46c780f65d6f89cd020d52e9,2026-09-27T08:05:19.992073Z,launch_evidence:official_scout_promoted_player_analysis,0.5903999999999999,True,1.0,0.72,official_scout_promoted_player_analysis,https://www.premierleague.com/en/news/4680821/the-scouts-analysis-of-15-key-player-prices-in-202627-fantasy,4.8,0.9711111111111111,0.914,0.059500000000000004,0.4707087087087087,0.45292432432432417
552,20,4,Brian Brobbey,Brobbey,Sunderland,SUN,Forward,5.7,24,4.8,4.666666666666667,399,7.0,d,75.0,,Hamstring injury - 75% chance of playing,2026-09-24T21:30:10.382142Z,57,4.2105263157894735,11,2.48,5,3,113,1,0,10,441264,,,,,,,2026-27,0c133121c3637cccea64e7dc70a58d499d53501a46c780f65d6f89cd020d52e9,2026-09-27T08:05:19.992073Z,official_2025-26_stats,0.5526315789473685,False,0.75,0.0,,,4.8,0.75,0.9299999999999999,0.013777777777777778,0.4135135135135135,0.30548269321953525
268,10,3,Josh King,King,Fulham,FUL,Midfielder,5.5,24,4.8,0.6666666666666666,425,2.5,a,,,,,55,4.363636363636363,28,5.93,5,3,109,5,7,16,577725,,,,,,,2026-27,0c133121c3637cccea64e7dc70a58d499d53501a46c780f65d6f89cd020d52e9,2026-09-27T08:05:19.992073Z,official_2025-26_stats,0.34210526315789475,False,1.0,0.0,,,4.8,0.9444444444444444,0.975,0.03294444444444444,0.35510510510510507,0.24785626535626523
204,8,2,Tyrick Mitchell,Mitchell,Crystal Palace,CRY,Defender,4.5,24,4.8,2.6666666666666665,419,6.0,a,,,,,45,5.333333333333333,25,5.37,5,3,68,14,11,23,244723,,,,,,,2026-27,0c133121c3637cccea64e7dc70a58d499d53501a46c780f65d6f89cd020d52e9,2026-09-27T08:05:19.992073Z,official_2025-26_stats,0.8947368421052632,False,1.0,0.0,,,4.8,0.9311111111111111,0.94,0.029833333333333333,0.40108708708708707,0.358132132132132
112,19,2,Jan Paul van Hecke,Van Hecke,Spurs,TOT,Defender,4.9,24,4.8,3.0,450,6.6,a,,,,,49,4.897959183673469,43,8.6,5,2,85,33,10,17,469142,,,,,,,2026-27,0c133121c3637cccea64e7dc70a58d499d53501a46c780f65d6f89cd020d52e9,2026-09-27T08:05:19.992073Z,official_2025-26_stats,0.9210526315789473,False,1.0,0.0,,,4.8,1.0,0.9339999999999999,0.04777777777777777,0.422972972972973,0.33075885273028116
362,14,2,Jeremy Jacquet,Jacquet,Liverpool,LIV,Defender,5.0,24,4.8,5.8,415,3.5,a,100.0,100.0,,2026-07-23T12:01:23.581126Z,50,4.8,36,7.81,5,3,112,25,11,21,606702,,,,,,,2026-27,0c133121c3637cccea64e7dc70a58d499d53501a46c780f65d6f89cd020d52e9,2026-09-27T08:05:19.992073Z,official_previous_season_stats_unmatched,0.0,False,1.0,0.0,,,4.8,0.9222222222222223,0.965,0.04338888888888889,0.4755255255255255,0.36555405405405395
282,11,2,Ryan Giles,Giles,Hull City,HUL,Defender,4.0,24,4.8,4.5,444,2.9,a,,,,,40,6.0,24,4.86,5,2,94,19,5,14,232351,,,1.0,,3.0,,2026-27,0c133121c3637cccea64e7dc70a58d499d53501a46c780f65d6f89cd020d52e9,2026-09-27T08:05:19.992073Z,official_previous_season_stats_unmatched,0.0,True,1.0,0.0,,,4.8,0.9866666666666667,0.971,0.027000000000000003,0.45679279279279283,0.43587297297297284
472,18,2,Murillo Costa dos Santos,Murillo,Nott'm Forest,NFO,Defender,5.5,23,4.6,0.0,449,2.1,a,100.0,100.0,,2026-07-23T12:01:23.801183Z,55,4.181818181818182,53,10.62,5,0,76,44,9,18,575476,,,2.0,,,,2026-27,0c133121c3637cccea64e7dc70a58d499d53501a46c780f65d6f89cd020d52e9,2026-09-27T08:05:19.992073Z,official_2025-26_stats,0.6052631578947368,False,1.0,0.0,,,4.6,0.9977777777777778,0.979,0.059,0.34330555555555553,0.22270606060606052
109,5,1,Bart Verbruggen,Verbruggen,Brighton,BHA,Goalkeeper,4.5,23,4.6,3.3333333333333335,450,21.6,a,,,,,45,5.111111111111111,0,0.0,5,0,107,3,0,34,489639,,,,,,,2026-27,0c133121c3637cccea64e7dc70a58d499d53501a46c780f65d6f89cd020d52e9,2026-09-27T08:05:19.992073Z,official_2025-26_stats,0.9736842105263158,False,1.0,0.0,,,4.6,1.0,0.784,0.0,0.4248310810810811,0.36750590590590576
88,4,2,Michael Kayode,Kayode,Brentford,BRE,Defender,4.6,23,4.6,1.0,294,7.6,a,,,,,46,5.0,16,4.9,4,1,72,14,2,14,607464,,,,,,,2026-27,0c133121c3637cccea64e7dc70a58d499d53501a46c780f65d6f89cd020d52e9,2026-09-27T08:05:19.992073Z,official_2025-26_stats,0.9736842105263158,False,1.0,0.0,,,4.6,0.6533333333333333,0.924,0.027222222222222224,0.298740990990991,0.3071495495495494
86,4,3,Keane Lewis-Potter,Lewis-Potter,Brentford,BRE,Midfielder,5.5,22,4.4,2.3333333333333335,406,1.7,a,,,,,55,4.0,38,8.42,5,3,85,17,6,15,249231,,,1.0,,,,2026-27,0c133121c3637cccea64e7dc70a58d499d53501a46c780f65d6f89cd020d52e9,2026-09-27T08:05:19.992073Z,official_2025-26_stats,0.5526315789473685,False,1.0,0.0,,,4.4,0.9022222222222223,0.983,0.04677777777777778,0.3747012012012012,0.24620450450450443
237,15,3,Iliman Ndiaye,Ndiaye,Man City,MCI,Midfielder,5.8,22,4.4,2.0,385,6.7,a,,,,,58,3.793103448275862,44,10.29,4,1,110,10,8,26,440993,,,,,,,2026-27,0c133121c3637cccea64e7dc70a58d499d53501a46c780f65d6f89cd020d52e9,2026-09-27T08:05:19.992073Z,official_2025-26_stats,0.8421052631578947,False,1.0,0.0,,,4.4,0.8555555555555555,0.933,0.057166666666666664,0.35725975975975977,0.2299370301335818
579,14,2,Ronald Araujo,Araujo,Liverpool,LIV,Defender,5.4,22,4.4,5.2,284,3.0,a,,,,,54,4.0740740740740735,24,7.61,3,1,81,19,5,15,445087,,,,,,,2026-27,0c133121c3637cccea64e7dc70a58d499d53501a46c780f65d6f89cd020d52e9,2026-09-27T08:05:19.992073Z,official_previous_season_stats_unmatched,0.0,False,1.0,0.0,,,4.4,0.6311111111111111,0.97,0.04227777777777778,0.3902087087087087,0.29967000333666993
346,13,4,Dominic Calvert-Lewin,Calvert-Lewin,Leeds,LEE,Forward,6.0,22,4.4,5.333333333333333,419,24.8,a,,,,,60,3.6666666666666665,22,4.73,5,4,73,9,0,13,177815,1.0,,,,,,2026-27,0c133121c3637cccea64e7dc70a58d499d53501a46c780f65d6f89cd020d52e9,2026-09-27T08:05:19.992073Z,official_2025-26_stats,0.7631578947368421,False,1.0,0.0,,,4.4,0.9311111111111111,0.752,0.026277777777777782,0.4534519519519519,0.29239759759759754
116,5,2,Lewis Dunk,Dunk,Brighton,BHA,Defender,4.5,22,5.5,5.666666666666667,360,1.5,d,75.0,,Neck injury - 75% chance of playing,2026-09-22T09:30:09.629652Z,45,4.888888888888889,23,5.75,4,1,79,20,3,13,83299,,,3.0,,,,2026-27,0c133121c3637cccea64e7dc70a58d499d53501a46c780f65d6f89cd020d52e9,2026-09-27T08:05:19.992073Z,official_2025-26_stats,0.75,False,0.75,0.0,,,5.5,0.75,0.985,0.03194444444444444,0.4597128378378379,0.36820670670670663
565,4,3,Mamadou Sangaré,M.Sangaré,Brentford,BRE,Midfielder,5.6,22,4.4,2.0,321,10.0,a,,,,,56,3.928571428571429,48,13.46,4,3,76,12,14,22,513545,,,,,,,2026-27,0c133121c3637cccea64e7dc70a58d499d53501a46c780f65d6f89cd020d52e9,2026-09-27T08:05:19.992073Z,official_previous_season_stats_unmatched,0.0,False,1.0,0.0,,,4.4,0.7133333333333334,0.9,0.07477777777777778,0.3288153153153154,0.24362290862290858
460,17,3,Joe Willock,Willock,Newcastle,NEW,Midfielder,5.0,22,4.4,2.0,284,0.6,a,,,,,50,4.4,18,5.7,3,3,80,4,5,9,200089,,,,,,,2026-27,0c133121c3637cccea64e7dc70a58d499d53501a46c780f65d6f89cd020d52e9,2026-09-27T08:05:19.992073Z,official_2025-26_stats,0.21052631578947367,False,1.0,0.0,,,4.4,0.6311111111111111,0.994,0.03166666666666667,0.3123708708708709,0.27036576576576576
432,16,3,Kobbie Mainoo,Mainoo,Man Utd,MUN,Midfielder,5.5,22,4.4,3.6666666666666665,354,1.6,d,75.0,,Unspecified injury - 75% chance of playing,2026-09-21T13:00:09.169862Z,55,4.0,56,14.24,4,2,102,10,6,40,516895,,,,,,,2026-27,0c133121c3637cccea64e7dc70a58d499d53501a46c780f65d6f89cd020d52e9,2026-09-27T08:05:19.992073Z,official_2025-26_stats,0.42105263157894735,False,0.75,0.0,,,4.4,0.75,0.984,0.07911111111111112,0.3766891891891892,0.26772612612612606
544,20,3,Granit Xhaka,Xhaka,Sunderland,SUN,Midfielder,5.5,21,4.2,2.6666666666666665,450,3.6,a,,,,,55,3.8181818181818183,54,10.8,5,5,116,12,9,33,84450,,,2.0,,2.0,,2026-27,0c133121c3637cccea64e7dc70a58d499d53501a46c780f65d6f89cd020d52e9,2026-09-27T08:05:19.992073Z,official_2025-26_stats,0.8421052631578947,False,1.0,0.0,,,4.2,1.0,0.964,0.060000000000000005,0.39611486486486486,0.23957051597051593
214,8,3,Daichi Kamada,Kamada,Crystal Palace,CRY,Midfielder,5.0,21,4.2,2.3333333333333335,441,0.5,a,,,,,50,4.2,38,7.76,5,0,109,4,11,23,209400,,,,,3.0,,2026-27,0c133121c3637cccea64e7dc70a58d499d53501a46c780f65d6f89cd020d52e9,2026-09-27T08:05:19.992073Z,official_2025-26_stats,0.5263157894736842,False,1.0,0.0,,,4.2,0.98,0.995,0.04311111111111111,0.3840067567567568,0.2603378378378378
649,9,2,Ainsley Maitland-Niles,Maitland-Niles,Everton,EVE,Defender,4.5,21,7.0,7.0,177,1.4,a,,,,,45,4.666666666666667,13,6.61,2,2,75,8,5,7,154043,,,,,,,2026-27,0c133121c3637cccea64e7dc70a58d499d53501a46c780f65d6f89cd020d52e9,2026-09-27T08:05:19.992073Z,official_previous_season_stats_unmatched,0.0,False,1.0,0.0,,,7.0,0.3933333333333333,0.986,0.036722222222222226,0.4676869369369369,0.37269129129129125
41,2,3,Emiliano Buendía Stati,Buendía,Aston Villa,AVL,Midfielder,5.9,21,4.2,3.0,401,1.0,a,,,,,59,3.559322033898305,34,7.63,5,3,73,5,9,20,195546,1.0,,1.0,,3.0,,2026-27,0c133121c3637cccea64e7dc70a58d499d53501a46c780f65d6f89cd020d52e9,2026-09-27T08:05:19.992073Z,official_2025-26_stats,0.39473684210526316,False,1.0,0.0,,,4.2,0.8911111111111111,0.99,0.042388888888888886,0.3824451951951952,0.22253000458085195
10,1,2,Benjamin White,White,Arsenal,ARS,Defender,5.5,21,5.2,0.3333333333333333,315,4.9,d,75.0,100.0,Groin injury - 75% chance of playing,2026-09-20T19:30:08.247780Z,55,3.8181818181818183,18,5.14,4,3,78,12,6,9,198869,,,,,,,2026-27,0c133121c3637cccea64e7dc70a58d499d53501a46c780f65d6f89cd020d52e9,2026-09-27T08:05:19.992073Z,official_2025-26_stats,0.18421052631578946,False,0.75,0.0,,,5.2,0.7,0.951,0.028555555555555553,0.3106081081081081,0.20303267813267806
87,4,2,Kristoffer Ajer,Ajer,Brentford,BRE,Defender,4.5,21,4.2,1.6666666666666667,450,3.9,a,,,,,45,4.666666666666667,50,10.0,5,1,73,46,4,11,191866,,,,,,,2026-27,0c133121c3637cccea64e7dc70a58d499d53501a46c780f65d6f89cd020d52e9,2026-09-27T08:05:19.992073Z,official_2025-26_stats,0.5,False,1.0,0.0,,,4.2,1.0,0.961,0.05555555555555555,0.37179054054054056,0.28870480480480476
338,13,3,Ethan Ampadu,Ampadu,Leeds,LEE,Midfielder,5.4,21,4.2,5.333333333333333,450,0.9,a,,,,,54,3.888888888888889,60,12.0,5,0,87,24,12,24,199598,,,,,,,2026-27,0c133121c3637cccea64e7dc70a58d499d53501a46c780f65d6f89cd020d52e9,2026-09-27T08:05:19.992073Z,official_2025-26_stats,0.8947368421052632,False,1.0,0.0,,,4.2,1.0,0.991,0.06666666666666667,0.4609797297297297,0.2855346346346346
93,4,2,Jannik Schuster,Schuster,Brentford,BRE,Defender,4.5,21,7.0,5.2,253,0.3,a,,,,,45,4.666666666666667,38,13.52,2,3,59,35,3,6,513086,,,,,,,2026-27,0c133121c3637cccea64e7dc70a58d499d53501a46c780f65d6f89cd020d52e9,2026-09-27T08:05:19.992073Z,official_previous_season_stats_unmatched,0.0,False,1.0,0.0,,,7.0,0.5622222222222222,0.997,0.07511111111111111,0.45768093093093093,0.3424021021021021
13,1,3,Declan Rice,Rice,Arsenal,ARS,Midfielder,7.4,20,4.0,2.6666666666666665,411,11.7,d,75.0,,Unspecified injury - 75% chance of playing,2026-09-21T13:00:08.896379Z,74,2.7027027027027026,42,9.2,5,0,91,18,7,17,204480,,,1.0,,1.0,,2026-27,0c133121c3637cccea64e7dc70a58d499d53501a46c780f65d6f89cd020d52e9,2026-09-27T08:05:19.992073Z,official_2025-26_stats,0.75,False,0.75,0.0,,,4.0,0.75,0.883,0.05111111111111111,0.3398648648648649,0.1621504504504504
258,10,2,Timothy Castagne,Castagne,Fulham,FUL,Defender,4.5,20,4.0,5.0,408,0.9,a,,,,,45,4.444444444444445,29,6.4,5,0,64,23,6,18,166477,,,,,,,2026-27,0c133121c3637cccea64e7dc70a58d499d53501a46c780f65d6f89cd020d52e9,2026-09-27T08:05:19.992073Z,official_2025-26_stats,0.5,False,1.0,0.0,,,4.0,0.9066666666666666,0.991,0.035555555555555556,0.42795495495495495,0.32272182182182174
605,5,3,Malick Yalcouyé,Yalcouyé,Brighton,BHA,Midfielder,4.5,20,4.0,4.8,236,4.0,a,,,,,45,4.444444444444445,19,7.25,3,1,96,6,6,7,611695,,,,,,,2026-27,0c133121c3637cccea64e7dc70a58d499d53501a46c780f65d6f89cd020d52e9,2026-09-27T08:05:19.992073Z,official_previous_season_stats_unmatched,0.0,False,1.0,0.0,,,4.0,0.5244444444444445,0.96,0.04027777777777778,0.34664564564564565,0.3225785785785785
368,14,3,Dominik Szoboszlai,Szoboszlai,Liverpool,LIV,Midfielder,7.0,20,4.0,4.333333333333333,440,32.9,a,,,,,70,2.857142857142857,41,8.39,5,1,103,13,6,22,424876,1.0,,1.0,,1.0,,2026-27,0c133121c3637cccea64e7dc70a58d499d53501a46c780f65d6f89cd020d52e9,2026-09-27T08:05:19.992073Z,official_2025-26_stats,0.9473684210526315,False,1.0,0.0,,,4.0,0.9777777777777777,0.671,0.04661111111111112,0.4259609609609609,0.22221788931788927
82,4,1,Caoimhín Kelleher,Kelleher,Brentford,BRE,Goalkeeper,5.0,20,4.0,3.6666666666666665,450,6.1,a,,,,,50,4.0,0,0.0,5,0,97,7,0,34,200720,,,,,,,2026-27,0c133121c3637cccea64e7dc70a58d499d53501a46c780f65d6f89cd020d52e9,2026-09-27T08:05:19.992073Z,official_2025-26_stats,0.9736842105263158,False,1.0,0.0,,,4.0,1.0,0.9390000000000001,0.0,0.4141891891891892,0.27222612612612607
176,7,2,Jay Dasilva,Dasilva,Coventry City,COV,Defender,4.0,20,4.0,4.8,444,0.7,a,,,,,40,5.0,23,4.66,5,3,54,19,4,14,173878,,,,,,,2026-27,0c133121c3637cccea64e7dc70a58d499d53501a46c780f65d6f89cd020d52e9,2026-09-27T08:05:19.992073Z,official_previous_season_stats_unmatched,0.0,True,1.0,0.0,,,4.0,0.9866666666666667,0.993,0.02588888888888889,0.4390900900900901,0.36187117117117107
249,9,4,Thierno Barry,Barry,Everton,EVE,Forward,5.6,20,4.0,1.3333333333333333,417,8.2,a,,,,,56,3.5714285714285716,17,3.67,5,2,83,5,1,11,586309,1.0,,,,,,2026-27,0c133121c3637cccea64e7dc70a58d499d53501a46c780f65d6f89cd020d52e9,2026-09-27T08:05:19.992073Z,official_2025-26_stats,0.5,False,1.0,0.0,,,4.0,0.9266666666666666,0.918,0.020388888888888887,0.3427657657657658,0.20363114543114536
236,9,3,Kiernan Dewsbury-Hall,Dewsbury-Hall,Everton,EVE,Midfielder,6.6,20,4.0,3.0,450,6.0,a,,,,,66,3.0303030303030303,42,8.4,5,3,110,5,11,26,215413,,,,,2.0,,2026-27,0c133121c3637cccea64e7dc70a58d499d53501a46c780f65d6f89cd020d52e9,2026-09-27T08:05:19.992073Z,official_2025-26_stats,0.7631578947368421,False,1.0,0.0,,,4.0,1.0,0.94,0.04666666666666667,0.39797297297297296,0.18697188097188092
26,1,4,Kai Havertz,Havertz,Arsenal,ARS,Forward,7.6,19,3.8,4.333333333333333,437,8.4,d,75.0,,Hamstring injury - 75% chance of playing,2026-09-24T22:00:09.120308Z,76,2.5,13,2.68,5,2,82,6,0,7,219847,,,,,,,2026-27,0c133121c3637cccea64e7dc70a58d499d53501a46c780f65d6f89cd020d52e9,2026-09-27T08:05:19.992073Z,official_2025-26_stats,0.13157894736842105,False,0.75,0.0,,,3.8,0.75,0.916,0.014888888888888889,0.37415540540540543,0.17033693693693686
114,5,2,Olivier Boscagli,Boscagli,Brighton,BHA,Defender,4.5,19,3.8,0.0,437,0.3,a,,,,,45,4.222222222222222,29,5.97,5,0,93,25,4,17,204120,,,,,,,2026-27,0c133121c3637cccea64e7dc70a58d499d53501a46c780f65d6f89cd020d52e9,2026-09-27T08:05:19.992073Z,official_2025-26_stats,0.18421052631578946,False,1.0,0.0,,,3.8,0.9711111111111111,0.997,0.033166666666666664,0.3129722222222222,0.22400370370370365
469,18,2,Neco Williams,N.Williams,Nott'm Forest,NFO,Defender,5.0,19,3.8,1.6666666666666667,450,8.8,a,,,,,50,3.8,29,5.8,5,1,85,15,14,28,215136,,,3.0,,2.0,,2026-27,0c133121c3637cccea64e7dc70a58d499d53501a46c780f65d6f89cd020d52e9,2026-09-27T08:05:19.992073Z,official_2025-26_stats,0.8947368421052632,False,1.0,0.0,,,3.8,1.0,0.912,0.03222222222222222,0.35929054054054055,0.2271603603603603
384,15,1,Gianluigi Donnarumma,Donnarumma,Man City,MCI,Goalkeeper,5.5,19,3.8,5.0,450,7.6,a,,,,,55,3.4545454545454546,0,0.0,5,0,84,4,0,32,204936,,,,,,,2026-27,0c133121c3637cccea64e7dc70a58d499d53501a46c780f65d6f89cd020d52e9,2026-09-27T08:05:19.992073Z,official_2025-26_stats,0.8421052631578947,False,1.0,0.0,,,3.8,1.0,0.924,0.0,0.4403716216216216,0.2535295659295659
588,8,2,Anan Khalaili,Khalaili,Crystal Palace,CRY,Defender,5.0,19,3.8,4.5,379,0.3,a,,,,,50,3.8,44,10.45,4,0,54,23,21,26,570794,,,,,,,2026-27,0c133121c3637cccea64e7dc70a58d499d53501a46c780f65d6f89cd020d52e9,2026-09-27T08:05:19.992073Z,official_previous_season_stats_unmatched,0.0,False,1.0,0.0,,,3.8,0.8422222222222222,0.997,0.058055555555555555,0.39665390390390387,0.2646063063063062
242,9,3,Tyrique George,George,Everton,EVE,Midfielder,5.5,19,3.8,1.0,309,0.9,a,,,,,55,3.4545454545454546,18,5.24,4,3,77,5,1,12,550615,,,,,,,2026-27,0c133121c3637cccea64e7dc70a58d499d53501a46c780f65d6f89cd020d52e9,2026-09-27T08:05:19.992073Z,official_2025-26_stats,0.05263157894736842,False,1.0,0.0,,,3.8,0.6866666666666666,0.991,0.029111111111111112,0.2804076576576576,0.18196470106470097
250,10,1,Bernd Leno,Leno,Fulham,FUL,Goalkeeper,4.5,18,3.6,3.6666666666666665,450,3.3,a,,,,,45,4.0,0,0.0,5,2,77,6,0,41,80201,,,,,,,2026-27,0c133121c3637cccea64e7dc70a58d499d53501a46c780f65d6f89cd020d52e9,2026-09-27T08:05:19.992073Z,official_2025-26_stats,1.0,False,1.0,0.0,,,3.6,1.0,0.967,0.0,0.40168918918918917,0.26942612612612604
496,19,1,Antonín Kinský,Kinsky,Spurs,TOT,Goalkeeper,4.5,18,3.6,3.0,450,17.3,a,,,,,45,4.0,0,0.0,5,0,77,10,0,34,485055,,,,,,,2026-27,0c133121c3637cccea64e7dc70a58d499d53501a46c780f65d6f89cd020d52e9,2026-09-27T08:05:19.992073Z,official_2025-26_stats,0.18421052631578946,False,1.0,0.0,,,3.6,1.0,0.827,0.0,0.385472972972973,0.27261531531531524
366,14,3,Florian Wirtz,Wirtz,Liverpool,LIV,Midfielder,7.3,18,3.6,0.6666666666666666,402,5.7,a,,,,,73,2.4657534246575343,36,8.06,5,0,92,3,8,25,494595,4.0,,2.0,,2.0,,2026-27,0c133121c3637cccea64e7dc70a58d499d53501a46c780f65d6f89cd020d52e9,2026-09-27T08:05:19.992073Z,official_2025-26_stats,0.7105263157894737,False,1.0,0.0,,,3.6,0.8933333333333333,0.943,0.04477777777777778,0.30738288288288285,0.10555190670122175
454,17,3,Anthony Elanga,Elanga,Newcastle,NEW,Midfielder,6.1,18,6.0,0.6666666666666666,232,4.6,i,0.0,0.0,Unspecified injury - Unknown return date,2026-09-14T20:00:09.505598Z,61,2.9508196721311477,9,3.49,3,2,71,2,4,3,449434,,,,,2.0,,2026-27,0c133121c3637cccea64e7dc70a58d499d53501a46c780f65d6f89cd020d52e9,2026-09-27T08:05:19.992073Z,official_2025-26_stats,0.0,False,0.0,0.0,,,6.0,0.0,0.954,0.01938888888888889,0.20371621621621622,0.1416403190075321
336,13,3,Noah Okafor,Okafor,Leeds,LEE,Midfielder,5.8,18,3.6,0.0,299,0.4,a,,,,,58,3.103448275862069,18,5.42,4,1,82,3,7,8,435997,,,,,,,2026-27,0c133121c3637cccea64e7dc70a58d499d53501a46c780f65d6f89cd020d52e9,2026-09-27T08:05:19.992073Z,official_2025-26_stats,0.4473684210526316,False,1.0,0.0,,,3.6,0.6644444444444444,0.996,0.03011111111111111,0.24538888888888888,0.13833103448275852
79,3,4,Francisco Evanilson de Lima Barbosa,Evanilson,Bournemouth,BOU,Forward,6.0,18,3.6,1.6666666666666667,424,3.2,a,,,,,60,3.0,27,5.73,5,0,66,11,3,13,444102,,,,,,,2026-27,0c133121c3637cccea64e7dc70a58d499d53501a46c780f65d6f89cd020d52e9,2026-09-27T08:05:19.992073Z,official_2025-26_stats,0.7631578947368421,False,1.0,0.0,,,3.6,0.9422222222222222,0.968,0.03183333333333334,0.34148498498498503,0.16022702702702696
542,20,3,Enzo Le Fée,E.Le Fée,Sunderland,SUN,Midfielder,5.7,18,3.6,7.0,438,3.4,a,,,,,57,3.1578947368421053,21,4.32,5,1,90,3,7,11,484420,2.0,,3.0,,1.0,,2026-27,0c133121c3637cccea64e7dc70a58d499d53501a46c780f65d6f89cd020d52e9,2026-09-27T08:05:19.992073Z,official_2025-26_stats,0.868421052631579,False,1.0,0.0,,,3.6,0.9733333333333334,0.966,0.024,0.4774369369369369,0.25901877667140816
45,2,3,John McGinn,McGinn,Aston Villa,AVL,Midfielder,5.4,17,3.4,4.0,434,2.2,a,,,,,54,3.148148148148148,30,6.22,5,1,65,8,5,17,122806,,,,,2.0,,2026-27,0c133121c3637cccea64e7dc70a58d499d53501a46c780f65d6f89cd020d52e9,2026-09-27T08:05:19.992073Z,official_2025-26_stats,0.6578947368421053,False,1.0,0.0,,,3.4,0.9644444444444444,0.978,0.034555555555555555,0.39643618618618615,0.2084228895562228
502,19,2,Andrew Robertson,Robertson,Spurs,TOT,Defender,4.4,17,3.4,0.6666666666666666,366,2.5,a,,,,,44,3.8636363636363633,20,4.92,4,1,68,15,5,15,122798,,,,,5.0,,2026-27,0c133121c3637cccea64e7dc70a58d499d53501a46c780f65d6f89cd020d52e9,2026-09-27T08:05:19.992073Z,official_2025-26_stats,0.23684210526315788,False,1.0,0.0,,,3.4,0.8133333333333334,0.975,0.027333333333333334,0.2851328828828829,0.20952293202293196
390,15,2,Rúben dos Santos Gato Alves Dias,Rúben,Man City,MCI,Defender,5.5,17,3.4,0.3333333333333333,450,1.9,a,,,,,55,3.090909090909091,26,5.2,5,0,72,25,1,16,171314,,,,,,,2026-27,0c133121c3637cccea64e7dc70a58d499d53501a46c780f65d6f89cd020d52e9,2026-09-27T08:05:19.992073Z,official_2025-26_stats,0.6052631578947368,False,1.0,0.0,,,3.4,1.0,0.981,0.02888888888888889,0.3143581081081081,0.14427510237510233
557,1,3,Christos Tzolis,Tzolis,Arsenal,ARS,Midfielder,6.3,16,3.2,2.5,362,12.2,a,,,,,63,2.5396825396825395,23,5.72,5,1,81,7,4,12,439509,,,,,3.0,,2026-27,0c133121c3637cccea64e7dc70a58d499d53501a46c780f65d6f89cd020d52e9,2026-09-27T08:05:19.992073Z,official_previous_season_stats_unmatched,0.0,False,1.0,0.0,,,3.2,0.8044444444444444,0.878,0.03177777777777778,0.3216996996996997,0.1474495352495352
123,5,3,Jack Hinshelwood,Hinshelwood,Brighton,BHA,Midfielder,5.9,16,16.0,4.333333333333333,63,0.6,i,0.0,0.0,Ankle injury - Expected back 10 Oct,2026-08-27T19:30:07.780933Z,59,2.711864406779661,3,4.29,1,3,54,0,2,1,532529,,,,,,,2026-27,0c133121c3637cccea64e7dc70a58d499d53501a46c780f65d6f89cd020d52e9,2026-09-27T08:05:19.992073Z,official_2025-26_stats,0.0,False,0.0,0.0,,,16.0,0.0,0.994,0.023833333333333335,0.6054054054054054,0.1787798747900442
96,4,3,Mikkel Damsgaard,Damsgaard,Brentford,BRE,Midfielder,5.4,16,3.2,2.3333333333333335,283,0.4,a,,,,,54,2.962962962962963,31,9.86,3,3,74,6,7,18,440089,,,3.0,,2.0,,2026-27,0c133121c3637cccea64e7dc70a58d499d53501a46c780f65d6f89cd020d52e9,2026-09-27T08:05:19.992073Z,official_2025-26_stats,0.5789473684210527,False,1.0,0.0,,,3.2,0.6288888888888889,0.996,0.05477777777777777,0.2825345345345346,0.16539833166499823
551,20,3,Nilson Angulo,N.Angulo,Sunderland,SUN,Midfielder,5.0,16,3.2,1.3333333333333333,313,0.1,a,,,,,50,3.2,24,6.9,5,0,67,5,5,14,536661,,,1.0,,,,2026-27,0c133121c3637cccea64e7dc70a58d499d53501a46c780f65d6f89cd020d52e9,2026-09-27T08:05:19.992073Z,official_2025-26_stats,0.13157894736842105,False,1.0,0.0,,,3.2,0.6955555555555556,0.999,0.03833333333333334,0.2715435435435436,0.16705495495495493
244,9,3,Harrison Armstrong,Armstrong,Everton,EVE,Midfielder,5.0,16,3.2,0.3333333333333333,446,0.4,a,100.0,75.0,,2026-09-17T08:30:08.942299Z,50,3.2,40,8.07,5,0,61,13,8,19,609873,,,,,,,2026-27,0c133121c3637cccea64e7dc70a58d499d53501a46c780f65d6f89cd020d52e9,2026-09-27T08:05:19.992073Z,official_2025-26_stats,0.13157894736842105,False,1.0,0.0,,,3.2,0.9911111111111112,0.996,0.044833333333333336,0.30633033033033036,0.15113873873873868
503,19,2,Micky van de Ven,Van de Ven,Spurs,TOT,Defender,5.0,16,4.0,2.6666666666666665,360,3.8,a,100.0,100.0,,2026-08-21T15:00:07.610517Z,50,3.2,29,7.25,4,3,69,24,5,17,491279,,,,,,,2026-27,0c133121c3637cccea64e7dc70a58d499d53501a46c780f65d6f89cd020d52e9,2026-09-27T08:05:19.992073Z,official_2025-26_stats,0.868421052631579,False,1.0,0.0,,,4.0,0.8,0.962,0.04027777777777778,0.3498648648648649,0.19237657657657653
597,2,1,Zion Suzuki,Suzuki,Aston Villa,AVL,Goalkeeper,5.0,16,4.0,4.0,360,1.9,a,,,,,50,3.2,0,0.0,4,3,80,8,0,43,433969,,,,,,,2026-27,0c133121c3637cccea64e7dc70a58d499d53501a46c780f65d6f89cd020d52e9,2026-09-27T08:05:19.992073Z,official_previous_season_stats_unmatched,0.0,False,1.0,0.0,,,4.0,0.8,0.981,0.0,0.38229729729729733,0.21209819819819814
110,7,1,Carl Rushworth,Rushworth,Coventry City,COV,Goalkeeper,4.5,16,3.2,3.8,450,0.8,a,,,,,45,3.5555555555555554,0,0.0,5,2,56,4,0,50,472739,,,,,,,2026-27,0c133121c3637cccea64e7dc70a58d499d53501a46c780f65d6f89cd020d52e9,2026-09-27T08:05:19.992073Z,official_previous_season_stats_unmatched,0.0,True,1.0,0.0,,,3.2,1.0,0.992,0.0,0.3924324324324324,0.2350142142142141
257,10,2,Calvin Bassey,Bassey,Fulham,FUL,Defender,4.5,15,3.0,3.3333333333333335,450,0.7,a,,,,,45,3.3333333333333335,29,5.8,5,1,69,23,6,22,232892,,,,,,,2026-27,0c133121c3637cccea64e7dc70a58d499d53501a46c780f65d6f89cd020d52e9,2026-09-27T08:05:19.992073Z,official_2025-26_stats,0.7368421052631579,False,1.0,0.0,,,3.0,1.0,0.993,0.03222222222222222,0.3748310810810811,0.2103096096096096
105,4,3,Jaidon Anthony,Anthony,Brentford,BRE,Midfielder,5.9,15,3.0,3.6666666666666665,267,0.1,a,,,,,59,2.542372881355932,26,8.76,3,2,59,6,4,16,444180,,,,,,,2026-27,0c133121c3637cccea64e7dc70a58d499d53501a46c780f65d6f89cd020d52e9,2026-09-27T08:05:19.992073Z,official_2025-26_stats,0.7631578947368421,False,1.0,0.0,,,3.0,0.5933333333333334,0.999,0.048666666666666664,0.30160585585585586,0.15447471369674753
70,3,3,Justin Kluivert,Kluivert,Bournemouth,BOU,Midfielder,6.0,15,3.8,0.3333333333333333,294,0.9,i,0.0,,Unspecified injury - Unknown return date,2026-09-20T15:30:09.074071Z,60,2.5,22,6.73,4,1,64,2,4,16,222683,2.0,,2.0,,3.0,,2026-27,0c133121c3637cccea64e7dc70a58d499d53501a46c780f65d6f89cd020d52e9,2026-09-27T08:05:19.992073Z,official_2025-26_stats,0.0,False,0.0,0.0,,,3.8,0.0,0.991,0.03738888888888889,0.1268581081081081,0.09797207207207202
377,14,3,Victor Munoz,Munoz,Liverpool,LIV,Midfielder,6.5,15,3.0,2.8,257,0.9,a,,,,,65,2.3076923076923075,16,5.6,3,0,60,5,3,8,551499,,,,,,,2026-27,0c133121c3637cccea64e7dc70a58d499d53501a46c780f65d6f89cd020d52e9,2026-09-27T08:05:19.992073Z,official_previous_season_stats_unmatched,0.0,False,1.0,0.0,,,3.0,0.5711111111111111,0.991,0.03111111111111111,0.2760803303303303,0.12322848232848228
464,17,4,Yoane Wissa,Wissa,Newcastle,NEW,Forward,6.2,15,3.0,0.6666666666666666,441,18.6,a,,,,,62,2.4193548387096775,27,5.51,5,2,54,6,6,15,216646,2.0,,,,,,2026-27,0c133121c3637cccea64e7dc70a58d499d53501a46c780f65d6f89cd020d52e9,2026-09-27T08:05:19.992073Z,official_2025-26_stats,0.10526315789473684,False,1.0,0.0,,,3.0,0.98,0.814,0.03061111111111111,0.3059662162162162,0.11489468177855272
591,12,3,Julio Enciso,Enciso,Ipswich Town,IPS,Midfielder,5.5,15,3.0,2.5,413,0.8,a,100.0,100.0,,2026-08-22T18:00:07.551930Z,55,2.727272727272727,31,6.76,5,0,83,5,2,24,474120,,,,,,,2026-27,0c133121c3637cccea64e7dc70a58d499d53501a46c780f65d6f89cd020d52e9,2026-09-27T08:05:19.992073Z,official_previous_season_stats_unmatched,0.0,True,1.0,0.0,,,3.0,0.9177777777777778,0.992,0.03755555555555556,0.3381163663663664,0.15043144963144955
290,11,3,Regan Slater,Slater,Hull City,HUL,Midfielder,4.5,15,3.0,2.2,437,5.3,a,,,,,45,3.3333333333333335,33,6.8,5,0,67,9,9,15,243413,,,,,1.0,,2026-27,0c133121c3637cccea64e7dc70a58d499d53501a46c780f65d6f89cd020d52e9,2026-09-27T08:05:19.992073Z,official_previous_season_stats_unmatched,0.0,True,1.0,0.0,,,3.0,0.9711111111111111,0.947,0.03777777777777778,0.34148573573573576,0.19653123123123123
483,18,3,Dan Ndoye,Ndoye,Nott'm Forest,NFO,Midfielder,5.5,15,3.0,0.0,316,0.7,a,,,,,55,2.727272727272727,20,5.7,5,2,44,3,2,15,456512,,,,,,,2026-27,0c133121c3637cccea64e7dc70a58d499d53501a46c780f65d6f89cd020d52e9,2026-09-27T08:05:19.992073Z,official_2025-26_stats,0.2631578947368421,False,1.0,0.0,,,3.0,0.7022222222222222,0.993,0.03166666666666667,0.23419444444444446,0.10979090909090902
553,20,4,Wilson Isidor,Isidor,Sunderland,SUN,Forward,5.5,15,3.0,2.0,117,1.3,a,,,,,55,2.727272727272727,5,3.85,0,3,51,0,2,3,437505,,,,,,,2026-27,0c133121c3637cccea64e7dc70a58d499d53501a46c780f65d6f89cd020d52e9,2026-09-27T08:05:19.992073Z,official_2025-26_stats,0.23684210526315788,False,1.0,0.0,,,3.0,0.26,0.987,0.021388888888888888,0.19439864864864864,0.14282334152334145
47,2,3,Boubacar Kamara,Kamara,Aston Villa,AVL,Midfielder,5.0,15,3.0,0.0,443,0.3,a,100.0,100.0,,2026-07-23T12:01:23.337269Z,50,3.0,36,7.31,5,0,85,11,9,16,226944,,,,,,,2026-27,0c133121c3637cccea64e7dc70a58d499d53501a46c780f65d6f89cd020d52e9,2026-09-27T08:05:19.992073Z,official_2025-26_stats,0.42105263157894735,False,1.0,0.0,,,3.0,0.9844444444444445,0.997,0.04061111111111111,0.2906388888888889,0.13029999999999994
516,19,3,Rodrigo Bentancur,Bentancur,Spurs,TOT,Midfielder,5.5,15,3.0,4.0,370,0.2,a,,,,,55,2.727272727272727,60,14.59,4,0,69,22,15,23,202993,,,,,,,2026-27,0c133121c3637cccea64e7dc70a58d499d53501a46c780f65d6f89cd020d52e9,2026-09-27T08:05:19.992073Z,official_2025-26_stats,0.5526315789473685,False,1.0,0.0,,,3.0,0.8222222222222222,0.998,0.08105555555555556,0.35549174174174175,0.17415577395577386
447,17,2,Sven Botman,Botman,Newcastle,NEW,Defender,5.0,15,3.0,3.6666666666666665,450,0.7,a,,,,,50,3.0,59,11.8,5,0,43,54,5,14,220237,,,,,,,2026-27,0c133121c3637cccea64e7dc70a58d499d53501a46c780f65d6f89cd020d52e9,2026-09-27T08:05:19.992073Z,official_2025-26_stats,0.5263157894736842,False,1.0,0.0,,,3.0,1.0,0.993,0.06555555555555556,0.3829391891891892,0.1901594594594594
481,15,3,Elliot Anderson,Anderson,Man City,MCI,Midfielder,6.3,15,3.0,8.666666666666666,413,4.0,a,100.0,100.0,,2026-08-23T17:00:07.952697Z,63,2.380952380952381,54,11.77,5,0,95,18,13,23,215379,,,,,3.0,,2026-27,0c133121c3637cccea64e7dc70a58d499d53501a46c780f65d6f89cd020d52e9,2026-09-27T08:05:19.992073Z,official_2025-26_stats,0.9736842105263158,False,1.0,0.0,,,3.0,0.9177777777777778,0.96,0.06538888888888889,0.48811636636636635,0.227080223080223
129,5,3,Yasin Ayari,Ayari,Brighton,BHA,Midfielder,5.4,15,3.8,0.6666666666666666,333,0.4,a,100.0,100.0,,2026-08-30T18:00:07.935334Z,54,2.7777777777777777,21,5.68,4,0,71,4,2,15,509416,,,2.0,,4.0,,2026-27,0c133121c3637cccea64e7dc70a58d499d53501a46c780f65d6f89cd020d52e9,2026-09-27T08:05:19.992073Z,official_2025-26_stats,0.5263157894736842,False,1.0,0.0,,,3.8,0.74,0.996,0.03155555555555555,0.2829662162162162,0.12417377377377371
43,16,3,Youri Tielemans,Tielemans,Man Utd,MUN,Midfielder,5.8,14,2.8,2.3333333333333335,402,1.5,a,100.0,100.0,,2026-07-23T12:01:23.321726Z,58,2.413793103448276,43,9.63,5,0,93,11,7,25,166989,3.0,,,,,,2026-27,0c133121c3637cccea64e7dc70a58d499d53501a46c780f65d6f89cd020d52e9,2026-09-27T08:05:19.992073Z,official_2025-26_stats,0.5263157894736842,False,1.0,0.0,,,2.8,0.8933333333333333,0.985,0.053500000000000006,0.3229234234234234,0.12439530910220561
445,17,2,Malick Thiaw,Thiaw,Newcastle,NEW,Defender,5.0,14,2.8,1.6666666666666667,450,2.2,a,,,,,50,2.8,45,9.0,5,0,32,45,0,10,465642,,,,,,,2026-27,0c133121c3637cccea64e7dc70a58d499d53501a46c780f65d6f89cd020d52e9,2026-09-27T08:05:19.992073Z,official_2025-26_stats,0.8421052631578947,False,1.0,0.0,,,2.8,1.0,0.978,0.05,0.32804054054054055,0.14389369369369362
261,10,3,Alex Iwobi,Iwobi,Fulham,FUL,Midfielder,5.4,14,2.8,1.6666666666666667,408,0.7,a,,,,,54,2.5925925925925926,29,6.4,5,2,94,5,5,19,153133,3.0,,1.0,,1.0,,2026-27,0c133121c3637cccea64e7dc70a58d499d53501a46c780f65d6f89cd020d52e9,2026-09-27T08:05:19.992073Z,official_2025-26_stats,0.7368421052631579,False,1.0,0.0,,,2.8,0.9066666666666666,0.993,0.035555555555555556,0.3093738738738739,0.1264924591257924
345,13,3,Tanaka Ao,Tanaka,Leeds,LEE,Midfielder,4.9,14,3.5,3.3333333333333335,255,0.3,a,,,,,49,2.8571428571428568,29,10.24,3,0,48,11,8,10,248056,,,,,4.0,,2026-27,0c133121c3637cccea64e7dc70a58d499d53501a46c780f65d6f89cd020d52e9,2026-09-27T08:05:19.992073Z,official_2025-26_stats,0.2894736842105263,False,1.0,0.0,,,3.5,0.5666666666666667,0.997,0.05688888888888889,0.3037894144144144,0.17340167310167298
567,17,1,Lukás Hornícek,Horníček,Newcastle,NEW,Goalkeeper,5.0,14,2.8,3.2,450,1.5,a,,,,,50,2.8,0,0.0,5,0,72,11,0,31,470551,,,,,,,2026-27,0c133121c3637cccea64e7dc70a58d499d53501a46c780f65d6f89cd020d52e9,2026-09-27T08:05:19.992073Z,official_previous_season_stats_unmatched,0.0,False,1.0,0.0,,,2.8,1.0,0.985,0.0,0.36533783783783785,0.16805855855855847
467,18,1,Matz Sels,Sels,Nott'm Forest,NFO,Goalkeeper,5.0,14,2.8,2.6666666666666665,450,1.6,a,,,,,50,2.8,0,0.0,5,0,67,6,0,46,85633,,,,,,,2026-27,0c133121c3637cccea64e7dc70a58d499d53501a46c780f65d6f89cd020d52e9,2026-09-27T08:05:19.992073Z,official_2025-26_stats,0.7631578947368421,False,1.0,0.0,,,2.8,1.0,0.984,0.0,0.35236486486486485,0.15950990990990982
91,7,2,Ethan Pinnock,Pinnock,Coventry City,COV,Defender,4.5,14,3.5,0.0,282,0.1,a,,,,,45,3.111111111111111,44,14.04,3,0,15,41,3,4,231065,,,,,,,2026-27,0c133121c3637cccea64e7dc70a58d499d53501a46c780f65d6f89cd020d52e9,2026-09-27T08:05:19.992073Z,official_2025-26_stats,0.10526315789473684,True,1.0,0.0,,,3.5,0.6266666666666667,0.999,0.078,0.23470833333333335,0.13861851851851847
156,6,3,Pedro Lomba Neto,Neto,Chelsea,CHE,Midfielder,6.5,14,2.8,3.6666666666666665,332,1.4,a,,,,,65,2.1538461538461537,28,7.59,4,0,81,8,6,14,247632,,,3.0,,2.0,,2026-27,0c133121c3637cccea64e7dc70a58d499d53501a46c780f65d6f89cd020d52e9,2026-09-27T08:05:19.992073Z,official_2025-26_stats,0.7631578947368421,False,1.0,0.0,,,2.8,0.7377777777777778,0.986,0.042166666666666665,0.32424474474474474,0.12598766458766453
541,20,2,Thomas Meunier,Meunier,Sunderland,SUN,Defender,4.5,14,2.8,3.2,396,0.3,a,100.0,100.0,,2026-08-16T08:30:07.830062Z,45,3.111111111111111,20,4.55,5,0,42,16,4,15,93605,,,,,,,2026-27,0c133121c3637cccea64e7dc70a58d499d53501a46c780f65d6f89cd020d52e9,2026-09-27T08:05:19.992073Z,official_previous_season_stats_unmatched,0.0,False,1.0,0.0,,,2.8,0.88,0.997,0.025277777777777777,0.3413378378378379,0.19071041041041037
202,8,2,Chris Richards,Richards,Crystal Palace,CRY,Defender,5.0,14,2.8,1.3333333333333333,450,0.6,a,,,,,50,2.8,54,10.8,5,0,48,46,8,16,427623,,,,,,,2026-27,0c133121c3637cccea64e7dc70a58d499d53501a46c780f65d6f89cd020d52e9,2026-09-27T08:05:19.992073Z,official_2025-26_stats,0.7894736842105263,False,1.0,0.0,,,2.8,1.0,0.994,0.060000000000000005,0.3199324324324324,0.1368882882882882
331,13,2,Gabriel Gudmundsson,Gudmundsson,Leeds,LEE,Defender,4.5,14,4.7,0.0,252,0.1,a,100.0,100.0,,2026-08-08T20:00:07.546568Z,45,3.111111111111111,14,5.0,3,0,62,5,9,12,243526,,,,,,,2026-27,0c133121c3637cccea64e7dc70a58d499d53501a46c780f65d6f89cd020d52e9,2026-09-27T08:05:19.992073Z,official_2025-26_stats,0.7105263157894737,False,1.0,0.0,,,4.7,0.56,0.999,0.027777777777777776,0.258875,0.13861851851851847
211,8,3,Yéremy Pino Santos,Yeremy,Crystal Palace,CRY,Midfielder,5.5,14,2.8,2.0,307,0.3,a,,,,,55,2.5454545454545454,26,7.62,4,0,70,5,5,16,488024,,,1.0,,1.0,,2026-27,0c133121c3637cccea64e7dc70a58d499d53501a46c780f65d6f89cd020d52e9,2026-09-27T08:05:19.992073Z,official_2025-26_stats,0.5,False,1.0,0.0,,,2.8,0.6822222222222222,0.997,0.042333333333333334,0.2725930930930931,0.12788394758394753
280,11,2,Lewie Coyle,Coyle,Hull City,HUL,Defender,4.0,14,2.8,2.0,348,0.7,a,100.0,100.0,,2026-08-29T16:30:08.151841Z,40,3.5,11,2.84,5,0,49,8,3,11,193278,,,,,,,2026-27,0c133121c3637cccea64e7dc70a58d499d53501a46c780f65d6f89cd020d52e9,2026-09-27T08:05:19.992073Z,official_previous_season_stats_unmatched,0.0,True,1.0,0.0,,,2.8,0.7733333333333333,0.993,0.015777777777777776,0.29081531531531535,0.2014657657657657
53,2,3,Johan Manzambi,Manzambi,Aston Villa,AVL,Midfielder,5.9,14,7.0,3.5,98,0.4,a,100.0,100.0,,2026-08-15T15:30:06.388335Z,59,2.3728813559322033,9,8.27,1,2,48,2,2,5,614071,,,,,,,2026-27,0c133121c3637cccea64e7dc70a58d499d53501a46c780f65d6f89cd020d52e9,2026-09-27T08:05:19.992073Z,official_previous_season_stats_unmatched,0.0,False,1.0,0.0,,,7.0,0.21777777777777776,0.996,0.04594444444444444,0.3474406906906907,0.13907766071155897
222,8,4,Jørgen Strand Larsen,Strand Larsen,Crystal Palace,CRY,Forward,6.0,14,2.8,2.3333333333333335,298,0.6,a,,,,,60,2.3333333333333335,13,3.93,3,2,69,6,2,5,247412,,,,,,,2026-27,0c133121c3637cccea64e7dc70a58d499d53501a46c780f65d6f89cd020d52e9,2026-09-27T08:05:19.992073Z,official_2025-26_stats,0.6052631578947368,False,1.0,0.0,,,2.8,0.6622222222222223,0.994,0.021833333333333333,0.27670120120120123,0.11732672672672671
569,10,4,Gonzalo García,Gonzalo,Fulham,FUL,Forward,6.0,14,2.8,2.0,425,3.9,a,,,,,60,2.3333333333333335,18,3.81,5,0,53,7,2,9,551466,1.0,,,,,,2026-27,0c133121c3637cccea64e7dc70a58d499d53501a46c780f65d6f89cd020d52e9,2026-09-27T08:05:19.992073Z,official_previous_season_stats_unmatched,0.0,False,1.0,0.0,,,2.8,0.9444444444444444,0.961,0.021166666666666667,0.3250375375375375,0.1152213213213213
455,19,3,Sandro Tonali,Tonali,Spurs,TOT,Midfielder,5.3,14,2.8,1.0,427,1.9,a,100.0,100.0,,2026-09-14T14:30:07.387706Z,53,2.6415094339622645,42,8.85,5,0,86,11,11,20,432422,,,,,,,2026-27,0c133121c3637cccea64e7dc70a58d499d53501a46c780f65d6f89cd020d52e9,2026-09-27T08:05:19.992073Z,official_2025-26_stats,0.7105263157894737,False,1.0,0.0,,,2.8,0.9488888888888889,0.981,0.049166666666666664,0.30160210210210214,0.12063193948665644
532,20,2,Daniel Ballard,Ballard,Sunderland,SUN,Defender,4.9,14,2.8,0.0,450,2.5,d,75.0,,Hamstring injury - 75% chance of playing,2026-09-25T21:30:10.370384Z,49,2.8571428571428568,49,9.8,5,0,31,39,10,12,223827,,,,,,,2026-27,0c133121c3637cccea64e7dc70a58d499d53501a46c780f65d6f89cd020d52e9,2026-09-27T08:05:19.992073Z,official_2025-26_stats,0.5789473684210527,False,0.75,0.0,,,2.8,0.75,0.975,0.05444444444444445,0.23750000000000002,0.12154761904761896
155,15,3,Enzo Fernández,Enzo,Man City,MCI,Midfielder,6.9,13,3.2,7.333333333333333,271,3.6,a,,,,,69,1.8840579710144927,21,6.97,3,0,73,6,3,12,448047,,,,,,,2026-27,0c133121c3637cccea64e7dc70a58d499d53501a46c780f65d6f89cd020d52e9,2026-09-27T08:05:19.992073Z,official_2025-26_stats,0.8947368421052632,False,1.0,0.0,,,3.2,0.6022222222222222,0.964,0.03872222222222222,0.39882282282282283,0.16696336336336332
113,5,2,Ferdi Kadıoğlu,F.Kadıoğlu,Brighton,BHA,Defender,4.4,13,3.2,3.0,332,1.6,a,100.0,100.0,,2026-08-23T13:00:07.595211Z,44,2.954545454545454,10,2.71,4,0,46,9,1,8,231416,,,,,3.0,,2026-27,0c133121c3637cccea64e7dc70a58d499d53501a46c780f65d6f89cd020d52e9,2026-09-27T08:05:19.992073Z,official_2025-26_stats,0.8947368421052632,False,1.0,0.0,,,3.2,0.7377777777777778,0.984,0.015055555555555555,0.32052852852852853,0.17676380016380006
566,3,2,António João Pereira de Albuquerque Tavares da Silva,Silva,Bournemouth,BOU,Defender,5.0,13,2.6,2.8,450,0.4,a,,,,,50,2.6,56,11.2,5,0,30,51,5,14,483067,,,,,,,2026-27,0c133121c3637cccea64e7dc70a58d499d53501a46c780f65d6f89cd020d52e9,2026-09-27T08:05:19.992073Z,official_previous_season_stats_unmatched,0.0,False,1.0,0.0,,,2.6,1.0,0.996,0.06222222222222222,0.34935810810810813,0.14513873873873867
593,17,2,Amar Dedic,Dedić,Newcastle,NEW,Defender,4.5,13,3.2,3.0,327,1.8,i,0.0,0.0,Unspecified injury - Unknown return date,2026-09-17T14:30:09.823731Z,45,2.888888888888889,24,6.61,4,2,36,16,8,15,463726,,,3.0,,,,2026-27,0c133121c3637cccea64e7dc70a58d499d53501a46c780f65d6f89cd020d52e9,2026-09-27T08:05:19.992073Z,official_previous_season_stats_unmatched,0.0,False,0.0,0.0,,,3.2,0.0,0.982,0.036722222222222226,0.17297297297297298,0.1719301301301301
183,7,3,Jack Rudoni,Rudoni,Coventry City,COV,Midfielder,4.9,13,2.6,3.0,297,0.1,a,100.0,100.0,,2026-07-23T12:01:23.481435Z,49,2.6530612244897958,34,10.3,4,0,51,9,4,21,480457,,,1.0,,5.0,,2026-27,0c133121c3637cccea64e7dc70a58d499d53501a46c780f65d6f89cd020d52e9,2026-09-27T08:05:19.992073Z,official_previous_season_stats_unmatched,0.0,True,1.0,0.0,,,2.6,0.66,0.999,0.05722222222222222,0.28622297297297294,0.15215000919286625
200,6,2,Maxence Lacroix,Lacroix,Chelsea,CHE,Defender,5.9,13,2.6,2.0,364,6.8,a,,,,,59,2.2033898305084745,47,11.62,4,0,28,37,10,8,437499,,,,,,,2026-27,0c133121c3637cccea64e7dc70a58d499d53501a46c780f65d6f89cd020d52e9,2026-09-27T08:05:19.992073Z,official_2025-26_stats,0.868421052631579,False,1.0,0.0,,,2.6,0.8088888888888889,0.9319999999999999,0.06455555555555555,0.29167642642642644,0.10815898610474875
598,13,2,Nico Elvedi,Elvedi,Leeds,LEE,Defender,4.5,13,3.2,3.2,326,0.1,a,,,,,45,2.888888888888889,29,8.01,3,0,56,27,2,8,173774,,,,,,,2026-27,0c133121c3637cccea64e7dc70a58d499d53501a46c780f65d6f89cd020d52e9,2026-09-27T08:05:19.992073Z,official_previous_season_stats_unmatched,0.0,False,1.0,0.0,,,3.2,0.7244444444444444,0.999,0.0445,0.32272672672672675,0.17347337337337332
580,10,3,Shea Charles,Charles,Fulham,FUL,Midfielder,5.0,13,2.6,3.0,303,0.1,a,,,,,50,2.6,46,13.66,3,0,60,23,4,19,463210,,,,,,,2026-27,0c133121c3637cccea64e7dc70a58d499d53501a46c780f65d6f89cd020d52e9,2026-09-27T08:05:19.992073Z,official_previous_season_stats_unmatched,0.0,False,1.0,0.0,,,2.6,0.6733333333333333,0.999,0.0758888888888889,0.28888963963963965,0.1480819819819819
358,14,2,Milos Kerkez,Kerkez,Liverpool,LIV,Defender,5.4,13,2.6,1.0,385,2.2,a,,,,,54,2.4074074074074074,30,7.01,4,0,63,22,8,10,544877,,,,,,,2026-27,0c133121c3637cccea64e7dc70a58d499d53501a46c780f65d6f89cd020d52e9,2026-09-27T08:05:19.992073Z,official_2025-26_stats,0.6052631578947368,False,1.0,0.0,,,2.6,0.8555555555555555,0.978,0.03894444444444444,0.27668543543543545,0.10298411745078409
533,20,2,Nordi Mukiele,Mukiele,Sunderland,SUN,Defender,5.4,13,3.2,4.0,360,1.9,a,100.0,100.0,,2026-08-09T08:30:05.954750Z,54,2.4074074074074074,48,12.0,4,1,44,35,13,16,200834,,,,,,,2026-27,0c133121c3637cccea64e7dc70a58d499d53501a46c780f65d6f89cd020d52e9,2026-09-27T08:05:19.992073Z,official_2025-26_stats,0.8157894736842105,False,1.0,0.0,,,3.2,0.8,0.981,0.06666666666666667,0.3572972972972973,0.1513327660994327
558,18,3,Xaver Schlager,Schlager,Nott'm Forest,NFO,Midfielder,5.0,13,2.6,3.0,376,0.1,a,,,,,50,2.6,49,11.73,4,0,70,11,17,21,204561,,,,,3.0,,2026-27,0c133121c3637cccea64e7dc70a58d499d53501a46c780f65d6f89cd020d52e9,2026-09-27T08:05:19.992073Z,official_previous_season_stats_unmatched,0.0,False,1.0,0.0,,,2.6,0.8355555555555556,0.999,0.06516666666666666,0.3213340840840841,0.1480819819819819
264,10,3,Oscar Bobb,Bobb,Fulham,FUL,Midfielder,5.5,13,2.6,2.0,343,0.3,a,,,,,55,2.3636363636363638,28,7.35,5,0,53,5,8,15,477555,,,,,2.0,,2026-27,0c133121c3637cccea64e7dc70a58d499d53501a46c780f65d6f89cd020d52e9,2026-09-27T08:05:19.992073Z,official_2025-26_stats,0.2631578947368421,False,1.0,0.0,,,2.6,0.7622222222222222,0.997,0.04083333333333333,0.28234309309309313,0.11394455364455361
295,11,4,Oli McBurnie,McBurnie,Hull City,HUL,Forward,5.5,13,2.6,2.0,441,1.9,a,,,,,55,2.3636363636363638,21,4.29,5,0,52,9,3,9,169432,1.0,,,,,,2026-27,0c133121c3637cccea64e7dc70a58d499d53501a46c780f65d6f89cd020d52e9,2026-09-27T08:05:19.992073Z,launch_evidence:official_promotion_campaign_analysis,0.5599999999999999,True,1.0,0.7,official_promotion_campaign_analysis,https://www.premierleague.com/en/news/4664386/all-you-need-to-know-as-hull-city-are-promoted-to-premier-league,2.6,0.98,0.981,0.023833333333333335,0.32589864864864865,0.11554455364455361
639,5,3,José María Andrés Baixauli,Andrés,Brighton,BHA,Midfielder,5.5,12,6.0,4.0,109,0.0,a,,,,,55,2.1818181818181817,13,10.73,1,0,37,4,1,8,592984,,,,,,,2026-27,0c133121c3637cccea64e7dc70a58d499d53501a46c780f65d6f89cd020d52e9,2026-09-27T08:05:19.992073Z,official_previous_season_stats_unmatched,0.0,False,1.0,0.0,,,6.0,0.24222222222222223,1.0,0.059611111111111115,0.33324174174174176,0.13213759213759205
471,18,2,Nikola Milenković,Milenković,Nott'm Forest,NFO,Defender,5.4,12,4.0,2.3333333333333335,270,1.0,i,0.0,0.0,Hamstring injury - Expected back 11 Oct,2026-09-12T14:00:09.705107Z,54,2.222222222222222,31,10.33,3,0,34,26,5,12,227444,,,,,,,2026-27,0c133121c3637cccea64e7dc70a58d499d53501a46c780f65d6f89cd020d52e9,2026-09-27T08:05:19.992073Z,official_2025-26_stats,0.0,False,0.0,0.0,,,4.0,0.0,0.99,0.05738888888888889,0.18175675675675676,0.10920820820820815
459,17,3,Lewis Miley,L.Miley,Newcastle,NEW,Midfielder,5.5,12,2.4,0.0,396,0.1,a,100.0,100.0,,2026-07-23T12:01:23.785456Z,55,2.1818181818181817,52,11.82,5,0,68,20,6,26,547719,,,,,5.0,,2026-27,0c133121c3637cccea64e7dc70a58d499d53501a46c780f65d6f89cd020d52e9,2026-09-27T08:05:19.992073Z,official_2025-26_stats,0.39473684210526316,False,1.0,0.0,,,2.4,0.88,0.999,0.06566666666666666,0.251,0.06737272727272721
254,10,2,Antonee Robinson,Robinson,Fulham,FUL,Defender,4.5,12,2.4,6.333333333333333,429,1.5,a,,,,,45,2.6666666666666665,31,6.5,5,0,65,18,13,20,169528,2.0,,,,,,2026-27,0c133121c3637cccea64e7dc70a58d499d53501a46c780f65d6f89cd020d52e9,2026-09-27T08:05:19.992073Z,official_2025-26_stats,0.42105263157894735,False,1.0,0.0,,,2.4,0.9533333333333334,0.985,0.03611111111111111,0.41972072072072075,0.20864714714714708
31,1,2,Ezri Konsa Ngoyo,Konsa,Arsenal,ARS,Defender,4.6,12,3.0,0.6666666666666666,281,19.4,a,,,,,46,2.608695652173913,23,7.37,3,0,36,18,5,9,199798,,,,,,,2026-27,0c133121c3637cccea64e7dc70a58d499d53501a46c780f65d6f89cd020d52e9,2026-09-27T08:05:19.992073Z,official_2025-26_stats,0.8947368421052632,False,1.0,0.0,,,3.0,0.6244444444444445,0.806,0.04094444444444444,0.2348551051051051,0.1302108108108108
73,3,3,Tyler Adams,Adams,Bournemouth,BOU,Midfielder,5.0,12,2.4,2.6666666666666665,279,0.3,a,100.0,100.0,,2026-08-15T16:30:07.029928Z,50,2.4,41,13.23,3,0,52,12,7,22,200785,,,,,,,2026-27,0c133121c3637cccea64e7dc70a58d499d53501a46c780f65d6f89cd020d52e9,2026-09-27T08:05:19.992073Z,official_2025-26_stats,0.5263157894736842,False,1.0,0.0,,,2.4,0.62,0.997,0.0735,0.2638648648648648,0.12754324324324318
11,1,2,Cristhian Mosquera,Mosquera,Arsenal,ARS,Defender,5.3,12,6.0,3.3333333333333335,168,1.6,a,100.0,100.0,,2026-09-04T14:00:08.080310Z,53,2.2641509433962264,10,5.36,2,0,52,10,0,3,500040,,,,,,,2026-27,0c133121c3637cccea64e7dc70a58d499d53501a46c780f65d6f89cd020d52e9,2026-09-27T08:05:19.992073Z,official_2025-26_stats,0.21052631578947367,False,1.0,0.0,,,6.0,0.37333333333333335,0.984,0.029777777777777778,0.34324774774774774,0.1292389597144314
650,10,2,David Affengruber,Affengruber,Fulham,FUL,Defender,4.5,12,6.0,4.0,180,0.1,a,,,,,45,2.6666666666666665,23,11.5,2,0,40,20,3,7,442299,,,,,,,2026-27,0c133121c3637cccea64e7dc70a58d499d53501a46c780f65d6f89cd020d52e9,2026-09-27T08:05:19.992073Z,official_previous_season_stats_unmatched,0.0,False,1.0,0.0,,,6.0,0.4,0.999,0.06388888888888888,0.3647972972972973,0.16940930930930925
570,10,3,César Palacios,Palacios,Fulham,FUL,Midfielder,5.4,12,3.0,2.5,226,0.2,a,,,,,54,2.222222222222222,17,6.77,3,1,48,4,3,10,571779,,,,,,,2026-27,0c133121c3637cccea64e7dc70a58d499d53501a46c780f65d6f89cd020d52e9,2026-09-27T08:05:19.992073Z,official_previous_season_stats_unmatched,0.0,False,1.0,0.0,,,3.0,0.5022222222222222,0.998,0.03761111111111111,0.25500525525525525,0.11111091091091085
486,18,3,James McAtee,McAtee,Nott'm Forest,NFO,Midfielder,5.5,12,2.4,2.0,416,0.1,a,,,,,55,2.1818181818181817,39,8.44,5,0,91,9,9,21,432714,,,,,1.0,,2026-27,0c133121c3637cccea64e7dc70a58d499d53501a46c780f65d6f89cd020d52e9,2026-09-27T08:05:19.992073Z,official_2025-26_stats,0.02631578947368421,False,1.0,0.0,,,2.4,0.9244444444444444,0.999,0.04688888888888888,0.30853753753753754,0.09980515970515964
60,3,2,James Hill,Hill,Bournemouth,BOU,Defender,5.5,12,2.4,3.3333333333333335,450,0.8,a,,,,,55,2.1818181818181817,50,10.0,5,0,43,41,9,11,463981,,,,,,,2026-27,0c133121c3637cccea64e7dc70a58d499d53501a46c780f65d6f89cd020d52e9,2026-09-27T08:05:19.992073Z,official_2025-26_stats,0.5789473684210527,False,1.0,0.0,,,2.4,1.0,0.992,0.05555555555555555,0.3560810810810811,0.12212678132678126
259,12,2,Issa Diop,Diop,Ipswich Town,IPS,Defender,4.0,12,2.4,6.0,450,12.7,a,,,,,40,3.0,45,9.0,5,0,45,41,4,21,219924,,,,,,,2026-27,0c133121c3637cccea64e7dc70a58d499d53501a46c780f65d6f89cd020d52e9,2026-09-27T08:05:19.992073Z,official_2025-26_stats,0.21052631578947367,True,1.0,0.0,,,2.4,1.0,0.873,0.05,0.4209459459459459,0.2399972972972973
491,18,4,Igor Jesus Maciel da Cruz,Igor Jesus,Nott'm Forest,NFO,Forward,5.8,12,2.4,1.6666666666666667,257,2.6,a,,,,,58,2.0689655172413794,15,5.25,2,2,53,5,2,8,482973,4.0,,,,,,2026-27,0c133121c3637cccea64e7dc70a58d499d53501a46c780f65d6f89cd020d52e9,2026-09-27T08:05:19.992073Z,official_2025-26_stats,0.631578947368421,False,1.0,0.0,,,2.4,0.5711111111111111,0.974,0.029166666666666667,0.22976276276276275,0.08824771668219943
210,8,3,Adam Wharton,Wharton,Crystal Palace,CRY,Midfielder,5.4,12,2.4,5.666666666666667,436,0.7,a,100.0,100.0,,2026-07-23T12:01:23.498963Z,54,2.222222222222222,41,8.46,5,0,77,16,10,15,496221,,,,,2.0,,2026-27,0c133121c3637cccea64e7dc70a58d499d53501a46c780f65d6f89cd020d52e9,2026-09-27T08:05:19.992073Z,official_2025-26_stats,0.7368421052631579,False,1.0,0.0,,,2.4,0.9688888888888889,0.993,0.04700000000000001,0.40661561561561566,0.16296226226226224
327,13,2,Jaka Bijol,Bijol,Leeds,LEE,Defender,5.0,12,4.0,4.666666666666667,164,0.7,a,,,,,50,2.4,21,11.52,2,2,29,18,3,7,434752,,,,,,,2026-27,0c133121c3637cccea64e7dc70a58d499d53501a46c780f65d6f89cd020d52e9,2026-09-27T08:05:19.992073Z,official_2025-26_stats,0.5263157894736842,False,1.0,0.0,,,4.0,0.36444444444444446,0.993,0.064,0.3114024024024024,0.16037567567567562
265,10,3,Sander Berge,Berge,Fulham,FUL,Midfielder,4.9,11,2.2,1.3333333333333333,349,0.3,a,,,,,49,2.2448979591836733,19,4.9,4,0,67,7,4,8,207189,,,,,,,2026-27,0c133121c3637cccea64e7dc70a58d499d53501a46c780f65d6f89cd020d52e9,2026-09-27T08:05:19.992073Z,official_2025-26_stats,0.868421052631579,False,1.0,0.0,,,2.2,0.7755555555555556,0.997,0.027222222222222224,0.25629354354354356,0.09403046515903654
313,12,3,Jack Clarke,Clarke,Ipswich Town,IPS,Midfielder,5.4,11,2.8,1.0,170,0.2,a,,,,,54,2.0370370370370368,10,5.29,2,1,48,3,2,5,443261,1.0,,3.0,,4.0,,2026-27,0c133121c3637cccea64e7dc70a58d499d53501a46c780f65d6f89cd020d52e9,2026-09-27T08:05:19.992073Z,official_previous_season_stats_unmatched,0.0,True,1.0,0.0,,,2.8,0.37777777777777777,0.998,0.029388888888888888,0.18737987987987986,0.072589055722389
412,16,1,Senne Lammens,Lammens,Man Utd,MUN,Goalkeeper,4.9,11,2.2,5.333333333333333,450,9.9,a,,,,,49,2.2448979591836733,0,0.0,5,0,58,5,0,38,465247,,,,,,,2026-27,0c133121c3637cccea64e7dc70a58d499d53501a46c780f65d6f89cd020d52e9,2026-09-27T08:05:19.992073Z,official_2025-26_stats,0.8421052631578947,False,1.0,0.0,,,2.2,1.0,0.901,0.0,0.3984797297297297,0.16849533002390144
389,15,2,Matheus Nunes,Matheus N.,Man City,MCI,Defender,5.9,11,3.7,2.6666666666666665,213,1.0,a,100.0,100.0,,2026-08-27T11:30:08.171622Z,59,1.8644067796610169,21,8.87,2,1,38,18,3,10,465351,4.0,,,,,,2026-27,0c133121c3637cccea64e7dc70a58d499d53501a46c780f65d6f89cd020d52e9,2026-09-27T08:05:19.992073Z,official_2025-26_stats,0.7631578947368421,False,1.0,0.0,,,3.7,0.47333333333333333,0.99,0.049277777777777775,0.2751565315315315,0.08718109635058785
529,20,1,Robin Roefs,Roefs,Sunderland,SUN,Goalkeeper,4.9,11,2.2,3.6666666666666665,450,2.5,a,,,,,49,2.2448979591836733,0,0.0,5,0,41,7,0,35,498016,,,,,,,2026-27,0c133121c3637cccea64e7dc70a58d499d53501a46c780f65d6f89cd020d52e9,2026-09-27T08:05:19.992073Z,official_2025-26_stats,0.9210526315789473,False,1.0,0.0,,,2.2,1.0,0.975,0.0,0.3579391891891892,0.1340683029968744
161,6,3,Roméo Lavia,Lavia,Chelsea,CHE,Midfielder,5.0,11,2.8,0.0,258,0.2,a,,,,,50,2.2,31,10.81,4,0,61,10,6,15,514356,,,,,,,2026-27,0c133121c3637cccea64e7dc70a58d499d53501a46c780f65d6f89cd020d52e9,2026-09-27T08:05:19.992073Z,official_2025-26_stats,0.02631578947368421,False,1.0,0.0,,,2.8,0.5733333333333334,0.998,0.060055555555555556,0.20216666666666666,0.06886666666666666
239,9,3,James Garner,Garner,Everton,EVE,Midfielder,6.0,11,2.2,2.0,328,0.2,a,100.0,100.0,,2026-09-06T18:00:08.301702Z,60,1.8333333333333333,45,12.35,4,0,71,9,11,25,232928,2.0,,1.0,,1.0,,2026-27,0c133121c3637cccea64e7dc70a58d499d53501a46c780f65d6f89cd020d52e9,2026-09-27T08:05:19.992073Z,official_2025-26_stats,1.0,False,1.0,0.0,,,2.2,0.7288888888888889,0.998,0.06861111111111111,0.26317642642642647,0.07318798798798795
474,18,2,Jair Paula da Cunha Filho,Jair Cunha,Nott'm Forest,NFO,Defender,4.5,11,2.8,1.6666666666666667,360,0.2,a,100.0,75.0,,2026-09-12T14:00:09.724349Z,45,2.4444444444444446,36,9.0,4,0,40,29,7,8,575458,,,,,,,2026-27,0c133121c3637cccea64e7dc70a58d499d53501a46c780f65d6f89cd020d52e9,2026-09-27T08:05:19.992073Z,official_2025-26_stats,0.10526315789473684,False,1.0,0.0,,,2.8,0.8,0.998,0.05,0.28804054054054057,0.11463443443443441
372,14,3,Alexis Mac Allister,Mac Allister,Liverpool,LIV,Midfielder,5.4,11,2.2,2.0,306,1.3,a,,,,,54,2.0370370370370368,41,12.06,3,0,59,11,11,19,243016,5.0,,,,,,2026-27,0c133121c3637cccea64e7dc70a58d499d53501a46c780f65d6f89cd020d52e9,2026-09-27T08:05:19.992073Z,official_2025-26_stats,0.7631578947368421,False,1.0,0.0,,,2.2,0.68,0.987,0.067,0.2533986486486487,0.0899052719386052
184,7,3,Matt Grimes,Grimes,Coventry City,COV,Midfielder,4.9,11,2.2,2.2,443,0.1,a,,,,,49,2.2448979591836733,38,7.72,5,0,62,13,9,16,168144,3.0,,,,1.0,,2026-27,0c133121c3637cccea64e7dc70a58d499d53501a46c780f65d6f89cd020d52e9,2026-09-27T08:05:19.992073Z,official_previous_season_stats_unmatched,0.0,True,1.0,0.0,,,2.2,0.9844444444444445,0.999,0.042888888888888886,0.3191524024024024,0.1078845192130906
619,12,3,Exequiel Palacios,Palacios,Ipswich Town,IPS,Midfielder,5.0,11,2.8,2.8,275,0.1,a,,,,,50,2.2,44,14.4,3,0,64,12,9,23,218543,,,,,,,2026-27,0c133121c3637cccea64e7dc70a58d499d53501a46c780f65d6f89cd020d52e9,2026-09-27T08:05:19.992073Z,official_previous_season_stats_unmatched,0.0,True,1.0,0.0,,,2.8,0.6111111111111112,0.999,0.08,0.27783033033033033,0.11417207207207207
267,12,3,Saša Lukić,Lukić,Ipswich Town,IPS,Midfielder,4.9,11,2.2,2.0,400,0.1,a,,,,,49,2.2448979591836733,37,8.32,5,0,68,17,7,13,212314,,,,,1.0,,2026-27,0c133121c3637cccea64e7dc70a58d499d53501a46c780f65d6f89cd020d52e9,2026-09-27T08:05:19.992073Z,official_2025-26_stats,0.4473684210526316,True,1.0,0.0,,,2.2,0.8888888888888888,0.999,0.04622222222222223,0.29517642642642644,0.10464127596984736
33,2,2,Tyrone Mings,Mings,Aston Villa,AVL,Defender,4.5,10,2.5,1.3333333333333333,261,0.4,a,,,,,45,2.2222222222222223,24,8.28,2,0,43,20,4,7,149484,,,,,,,2026-27,0c133121c3637cccea64e7dc70a58d499d53501a46c780f65d6f89cd020d52e9,2026-09-27T08:05:19.992073Z,official_2025-26_stats,0.3684210526315789,False,1.0,0.0,,,2.5,0.58,0.996,0.046,0.22655743243243243,0.09239199199199195
304,12,2,Dara O'Shea,O'Shea,Ipswich Town,IPS,Defender,4.0,10,2.0,1.5,450,2.7,a,,,,,40,2.5,48,9.6,5,0,24,41,7,18,216616,,,,,,,2026-27,0c133121c3637cccea64e7dc70a58d499d53501a46c780f65d6f89cd020d52e9,2026-09-27T08:05:19.992073Z,official_previous_season_stats_unmatched,0.0,True,1.0,0.0,,,2.0,1.0,0.973,0.05333333333333333,0.2989864864864865,0.11869099099099095
166,2,4,Nicolas Jackson,N.Jackson,Aston Villa,AVL,Forward,6.5,10,2.5,2.5,286,1.4,a,,,,,65,1.5384615384615385,9,2.83,4,1,52,1,0,8,517052,2.0,,,,,,2026-27,0c133121c3637cccea64e7dc70a58d499d53501a46c780f65d6f89cd020d52e9,2026-09-27T08:05:19.992073Z,official_previous_season_stats_unmatched,0.0,False,1.0,0.0,,,2.5,0.6355555555555555,0.986,0.015722222222222224,0.2660469219219219,0.05988925848925848
46,2,3,Ross Barkley,Barkley,Aston Villa,AVL,Midfielder,5.0,10,2.0,5.0,308,0.3,a,,,,,50,2.0,28,8.18,4,0,66,5,7,16,88894,,,,,4.0,,2026-27,0c133121c3637cccea64e7dc70a58d499d53501a46c780f65d6f89cd020d52e9,2026-09-27T08:05:19.992073Z,official_2025-26_stats,0.18421052631578946,False,1.0,0.0,,,2.0,0.6844444444444444,0.997,0.04544444444444444,0.3210105105105105,0.13471441441441437
534,20,2,Trai Hume,Hume,Sunderland,SUN,Defender,4.3,10,2.5,5.0,206,2.8,a,,,,,43,2.3255813953488373,13,5.68,2,0,44,3,10,12,487676,,,,,3.0,,2026-27,0c133121c3637cccea64e7dc70a58d499d53501a46c780f65d6f89cd020d52e9,2026-09-27T08:05:19.992073Z,official_2025-26_stats,0.8421052631578947,False,1.0,0.0,,,2.5,0.4577777777777778,0.972,0.03155555555555555,0.29130217717717716,0.1621756547244919
415,16,3,Patrick Dorgu,Dorgu,Man Utd,MUN,Midfielder,5.8,10,2.0,6.666666666666667,171,0.5,a,,,,,58,1.7241379310344829,20,10.53,2,0,27,8,8,4,596777,,,,,,,2026-27,0c133121c3637cccea64e7dc70a58d499d53501a46c780f65d6f89cd020d52e9,2026-09-27T08:05:19.992073Z,official_2025-26_stats,0.3684210526315789,False,1.0,0.0,,,2.0,0.38,0.995,0.058499999999999996,0.3006621621621622,0.1407920161540851
106,4,4,Igor Thiago Nascimento Rodrigues,Thiago,Brentford,BRE,Forward,7.8,10,2.0,2.0,442,9.1,a,,,,,78,1.2820512820512822,19,3.87,5,0,37,4,3,12,502500,1.0,,,,,,2026-27,0c133121c3637cccea64e7dc70a58d499d53501a46c780f65d6f89cd020d52e9,2026-09-27T08:05:19.992073Z,official_2025-26_stats,0.9736842105263158,False,1.0,0.0,,,2.0,0.9822222222222222,0.909,0.021500000000000002,0.30759309309309313,0.0398230307230307
545,20,3,Noah Sadiki,Sadiki,Sunderland,SUN,Midfielder,4.9,10,2.0,2.6666666666666665,410,0.2,a,,,,,49,2.0408163265306123,29,6.37,5,0,75,11,6,12,577669,,,,,,,2026-27,0c133121c3637cccea64e7dc70a58d499d53501a46c780f65d6f89cd020d52e9,2026-09-27T08:05:19.992073Z,official_2025-26_stats,0.868421052631579,False,1.0,0.0,,,2.0,0.9111111111111111,0.998,0.035388888888888886,0.3095870870870871,0.09990582827725683
429,16,3,Marcus Rashford,Rashford,Man Utd,MUN,Midfielder,7.0,10,2.0,2.2,351,1.5,d,75.0,,Unspecified injury - 75% chance of playing,2026-09-21T10:30:09.221479Z,70,1.4285714285714286,18,4.62,4,0,58,4,4,10,176297,,,3.0,,,,2026-27,0c133121c3637cccea64e7dc70a58d499d53501a46c780f65d6f89cd020d52e9,2026-09-27T08:05:19.992073Z,official_previous_season_stats_unmatched,0.0,False,0.75,0.0,,,2.0,0.75,0.985,0.025666666666666667,0.26601351351351354,0.04669948519948516
418,16,2,Harry Maguire,Maguire,Man Utd,MUN,Defender,4.8,10,2.0,6.333333333333333,450,8.7,a,,,,,48,2.0833333333333335,31,6.2,5,0,50,28,3,21,95658,,,,,,,2026-27,0c133121c3637cccea64e7dc70a58d499d53501a46c780f65d6f89cd020d52e9,2026-09-27T08:05:19.992073Z,official_2025-26_stats,0.5,False,1.0,0.0,,,2.0,1.0,0.913,0.034444444444444444,0.41655405405405405,0.17112492492492487
61,3,2,Adrien Truffert,Truffert,Bournemouth,BOU,Defender,5.4,10,2.0,6.333333333333333,450,3.0,a,,,,,54,1.8518518518518516,45,9.0,5,2,53,28,17,24,494521,,,,,,,2026-27,0c133121c3637cccea64e7dc70a58d499d53501a46c780f65d6f89cd020d52e9,2026-09-27T08:05:19.992073Z,official_2025-26_stats,0.9736842105263158,False,1.0,0.0,,,2.0,1.0,0.97,0.05,0.41655405405405405,0.14767801134467795
67,3,3,Rayan Vitor Simplício Rocha,Rayan,Bournemouth,BOU,Midfielder,6.3,10,2.0,4.666666666666667,434,1.6,a,,,,,63,1.5873015873015874,15,3.11,5,0,45,6,5,4,499604,,,,,,,2026-27,0c133121c3637cccea64e7dc70a58d499d53501a46c780f65d6f89cd020d52e9,2026-09-27T08:05:19.992073Z,official_2025-26_stats,0.34210526315789475,False,1.0,0.0,,,2.0,0.9644444444444444,0.984,0.017277777777777777,0.3689024024024024,0.09896879736879736
84,4,2,Nathan Collins,Collins,Brentford,BRE,Defender,5.4,10,3.3,2.3333333333333335,196,1.0,i,0.0,0.0,Calf injury - Unknown return date,2026-09-05T18:00:06.182495Z,54,1.8518518518518516,17,7.81,3,0,39,15,2,11,432830,,,,,,,2026-27,0c133121c3637cccea64e7dc70a58d499d53501a46c780f65d6f89cd020d52e9,2026-09-27T08:05:19.992073Z,official_2025-26_stats,0.0,False,0.0,0.0,,,3.3,0.0,0.99,0.04338888888888889,0.15988175675675675,0.08081314647981308
203,8,2,Jaydee Canvot,Canvot,Crystal Palace,CRY,Defender,4.8,10,2.5,2.3333333333333335,360,0.2,a,,,,,48,2.0833333333333335,34,8.5,4,0,38,26,8,11,651426,,,,,,,2026-27,0c133121c3637cccea64e7dc70a58d499d53501a46c780f65d6f89cd020d52e9,2026-09-27T08:05:19.992073Z,official_2025-26_stats,0.34210526315789475,False,1.0,0.0,,,2.5,0.8,0.998,0.04722222222222222,0.29488175675675676,0.09776006006006002
247,9,3,Hayden Hackney,Hackney,Everton,EVE,Midfielder,5.4,10,2.0,1.8,137,0.2,a,100.0,100.0,,2026-08-26T22:00:07.797766Z,54,1.8518518518518516,12,7.88,1,0,39,4,3,5,244860,,,,,3.0,,2026-27,0c133121c3637cccea64e7dc70a58d499d53501a46c780f65d6f89cd020d52e9,2026-09-27T08:05:19.992073Z,official_previous_season_stats_unmatched,0.0,False,1.0,0.0,,,2.0,0.30444444444444446,0.998,0.04377777777777778,0.16717267267267266,0.07136449783116444
371,14,3,Ryan Gravenberch,Gravenberch,Liverpool,LIV,Midfielder,5.8,9,1.8,4.666666666666667,190,1.1,a,,,,,58,1.5517241379310345,25,11.84,2,0,51,10,4,11,441266,,,,,,,2026-27,0c133121c3637cccea64e7dc70a58d499d53501a46c780f65d6f89cd020d52e9,2026-09-27T08:05:19.992073Z,official_2025-26_stats,0.868421052631579,False,1.0,0.0,,,1.8,0.4222222222222222,0.989,0.06577777777777778,0.254207957957958,0.09574119291705495
57,3,1,Đorđe Petrović,Petrović,Bournemouth,BOU,Goalkeeper,4.5,9,1.8,4.0,450,3.0,a,,,,,45,2.0,0,0.0,5,0,45,6,0,43,457569,,,,,,,2026-27,0c133121c3637cccea64e7dc70a58d499d53501a46c780f65d6f89cd020d52e9,2026-09-27T08:05:19.992073Z,official_2025-26_stats,0.9736842105263158,False,1.0,0.0,,,1.8,1.0,0.97,0.0,0.3535472972972973,0.12119819819819813
209,9,3,Brennan Johnson,Johnson,Everton,EVE,Midfielder,5.9,9,1.8,1.6666666666666667,238,0.1,a,,,,,59,1.5254237288135593,26,9.83,3,0,26,8,7,11,242898,,,,,,,2026-27,0c133121c3637cccea64e7dc70a58d499d53501a46c780f65d6f89cd020d52e9,2026-09-27T08:05:19.992073Z,official_2025-26_stats,0.39473684210526316,False,1.0,0.0,,,1.8,0.5288888888888889,0.999,0.05461111111111111,0.2025683183183183,0.044076179569399895
194,7,4,Brandon Thomas-Asante,Thomas-Asante,Coventry City,COV,Forward,5.0,9,1.8,1.8,227,0.8,a,,,,,50,1.8,27,10.7,2,0,43,12,3,12,230730,4.0,,,,,,2026-27,0c133121c3637cccea64e7dc70a58d499d53501a46c780f65d6f89cd020d52e9,2026-09-27T08:05:19.992073Z,official_previous_season_stats_unmatched,0.0,True,1.0,0.0,,,1.8,0.5044444444444445,0.992,0.05944444444444444,0.2009226726726727,0.06798918918918917
104,7,3,Frank Onyeka,Onyeka,Coventry City,COV,Midfielder,4.9,9,2.2,0.0,314,0.1,a,100.0,100.0,,2026-09-15T09:00:07.851220Z,49,1.8367346938775508,28,8.03,4,0,34,9,5,14,428580,,,,,,,2026-27,0c133121c3637cccea64e7dc70a58d499d53501a46c780f65d6f89cd020d52e9,2026-09-27T08:05:19.992073Z,official_2025-26_stats,0.0,True,1.0,0.0,,,2.2,0.6977777777777778,0.999,0.04461111111111111,0.20830555555555558,0.04091632653061221
167,18,4,Liam Delap,Delap,Nott'm Forest,NFO,Forward,5.6,9,2.2,0.6666666666666666,277,2.7,a,,,,,56,1.6071428571428572,17,5.52,3,0,49,5,2,10,463034,3.0,,,,,,2026-27,0c133121c3637cccea64e7dc70a58d499d53501a46c780f65d6f89cd020d52e9,2026-09-27T08:05:19.992073Z,official_2025-26_stats,0.23684210526315788,False,1.0,0.0,,,2.2,0.6155555555555555,0.973,0.030666666666666665,0.20807732732732734,0.03672509652509651
617,11,3,Mohamed-Ali Cho,Cho,Hull City,HUL,Midfielder,5.0,9,2.2,2.2,72,0.0,a,,,,,50,1.8,2,2.5,0,0,36,1,0,1,490884,,,,,,,2026-27,0c133121c3637cccea64e7dc70a58d499d53501a46c780f65d6f89cd020d52e9,2026-09-27T08:05:19.992073Z,official_previous_season_stats_unmatched,0.0,True,1.0,0.0,,,2.2,0.16,1.0,0.013888888888888888,0.15426351351351353,0.07367567567567565
499,19,2,Pedro Porro Sauceda,Pedro Porro,Spurs,TOT,Defender,5.4,9,3.0,3.6666666666666665,198,7.6,d,75.0,100.0,Hamstring injury - 75% chance of playing,2026-09-19T12:00:08.823872Z,54,1.6666666666666665,9,4.09,3,1,33,6,3,5,441164,,,1.0,,2.0,,2026-27,0c133121c3637cccea64e7dc70a58d499d53501a46c780f65d6f89cd020d52e9,2026-09-27T08:05:19.992073Z,official_2025-26_stats,0.75,False,0.75,0.0,,,3.0,0.44,0.924,0.02272222222222222,0.2709391891891892,0.09483723723723719
7,1,3,Myles Lewis-Skelly,Lewis-Skelly,Arsenal,ARS,Midfielder,5.4,9,2.2,3.0,271,0.6,a,,,,,54,1.6666666666666665,14,4.65,4,0,37,5,1,8,499169,,,,,,,2026-27,0c133121c3637cccea64e7dc70a58d499d53501a46c780f65d6f89cd020d52e9,2026-09-27T08:05:19.992073Z,official_2025-26_stats,0.13157894736842105,False,1.0,0.0,,,2.2,0.6022222222222222,0.994,0.025833333333333337,0.26216741741741745,0.07702642642642639
51,2,3,George Hemmings,George Hemmings,Aston Villa,AVL,Midfielder,4.5,9,1.8,0.0,297,1.2,a,,,,,45,2.0,19,5.76,4,0,34,3,6,10,577285,,,,,,,2026-27,0c133121c3637cccea64e7dc70a58d499d53501a46c780f65d6f89cd020d52e9,2026-09-27T08:05:19.992073Z,official_2025-26_stats,0.0,False,1.0,0.0,,,1.8,0.66,0.988,0.032,0.18825,0.054533333333333295
644,8,3,Quinten Timber,Timber,Crystal Palace,CRY,Midfielder,5.0,9,3.0,3.0,253,0.0,a,,,,,50,1.8,27,9.6,3,0,45,6,11,10,450063,,,,,,,2026-27,0c133121c3637cccea64e7dc70a58d499d53501a46c780f65d6f89cd020d52e9,2026-09-27T08:05:19.992073Z,official_previous_season_stats_unmatched,0.0,False,1.0,0.0,,,3.0,0.5622222222222222,1.0,0.05333333333333333,0.2791674174174174,0.08664864864864863
28,6,1,Emiliano Martínez Romero,Martinez,Chelsea,CHE,Goalkeeper,5.0,9,2.2,2.6666666666666665,360,4.8,a,,,,,50,1.8,0,0.0,4,0,61,1,0,37,98980,,,,,,,2026-27,0c133121c3637cccea64e7dc70a58d499d53501a46c780f65d6f89cd020d52e9,2026-09-27T08:05:19.992073Z,official_2025-26_stats,0.8157894736842105,False,1.0,0.0,,,2.2,0.8,0.952,0.0,0.2936148648648649,0.08604324324324322
452,1,3,Bruno Guimarães Rodriguez Moura,Bruno G.,Arsenal,ARS,Midfielder,6.7,9,3.0,3.6666666666666665,123,1.8,a,100.0,100.0,,2026-09-04T14:00:08.328779Z,67,1.3432835820895521,12,8.78,1,1,45,3,1,8,208706,4.0,,,,4.0,,2026-27,0c133121c3637cccea64e7dc70a58d499d53501a46c780f65d6f89cd020d52e9,2026-09-27T08:05:19.992073Z,official_2025-26_stats,0.7105263157894737,False,1.0,0.0,,,3.0,0.2733333333333333,0.982,0.048777777777777774,0.23760585585585584,0.06424453408632508
522,19,3,Archie Gray,Gray,Spurs,TOT,Midfielder,4.9,9,2.2,0.3333333333333333,307,0.2,a,,,,,49,1.8367346938775508,27,7.92,3,0,51,10,5,12,547701,,,,,,,2026-27,0c133121c3637cccea64e7dc70a58d499d53501a46c780f65d6f89cd020d52e9,2026-09-27T08:05:19.992073Z,official_2025-26_stats,0.39473684210526316,False,1.0,0.0,,,2.2,0.6822222222222222,0.998,0.044,0.21330255255255257,0.04642173193601762
423,16,2,Luke Shaw,Shaw,Man Utd,MUN,Defender,4.3,9,2.2,6.0,335,7.7,a,100.0,50.0,,2026-09-11T13:00:09.030120Z,43,2.0930232558139537,23,6.18,4,0,54,17,6,7,106760,,,,,3.0,,2026-27,0c133121c3637cccea64e7dc70a58d499d53501a46c780f65d6f89cd020d52e9,2026-09-27T08:05:19.992073Z,official_2025-26_stats,0.9736842105263158,False,1.0,0.0,,,2.2,0.7444444444444445,0.923,0.034333333333333334,0.36358483483483484,0.16546241357636704
519,19,3,Conor Gallagher,Gallagher,Spurs,TOT,Midfielder,5.3,9,3.0,2.3333333333333335,134,0.2,a,,,,,53,1.6981132075471699,18,12.09,2,0,48,1,8,9,232787,,,,,,,2026-27,0c133121c3637cccea64e7dc70a58d499d53501a46c780f65d6f89cd020d52e9,2026-09-27T08:05:19.992073Z,official_2025-26_stats,0.34210526315789475,False,1.0,0.0,,,3.0,0.29777777777777775,0.998,0.06716666666666667,0.21006231231231232,0.06822651708312083
398,15,3,Phil Foden,Foden,Man City,MCI,Midfielder,6.9,9,2.2,5.333333333333333,217,1.8,s,0.0,0.0,Suspended until 17 Oct,2026-09-13T17:00:09.433455Z,69,1.3043478260869565,14,5.81,3,1,52,2,4,8,209244,,,2.0,,2.0,,2026-27,0c133121c3637cccea64e7dc70a58d499d53501a46c780f65d6f89cd020d52e9,2026-09-27T08:05:19.992073Z,official_2025-26_stats,0.0,False,0.0,0.0,,,2.2,0.0,0.982,0.03227777777777777,0.19847972972972971,0.08828648648648646
393,15,2,Abdukodir Khusanov,Khusanov,Man City,MCI,Defender,5.4,9,3.0,2.6666666666666665,268,1.4,a,,,,,54,1.6666666666666665,17,5.71,3,0,53,9,8,13,578153,,,,,,,2026-27,0c133121c3637cccea64e7dc70a58d499d53501a46c780f65d6f89cd020d52e9,2026-09-27T08:05:19.992073Z,official_2025-26_stats,0.34210526315789475,False,1.0,0.0,,,3.0,0.5955555555555555,0.986,0.03172222222222222,0.277725975975976,0.07242102102102098
102,4,3,Yehor Yarmoliuk,Yarmoliuk,Brentford,BRE,Midfielder,4.8,9,1.8,3.3333333333333335,216,0.6,a,,,,,48,1.875,26,10.83,2,0,50,7,5,14,508395,,,,,,,2026-27,0c133121c3637cccea64e7dc70a58d499d53501a46c780f65d6f89cd020d52e9,2026-09-27T08:05:19.992073Z,official_2025-26_stats,0.7631578947368421,False,1.0,0.0,,,1.8,0.48,0.994,0.06016666666666667,0.23333108108108108,0.09840405405405402
36,2,2,Ian Maatsen,Maatsen,Aston Villa,AVL,Defender,4.4,9,2.2,2.3333333333333335,335,0.5,i,0.0,0.0,Ankle injury - Unknown return date,2026-09-12T18:00:08.729468Z,44,2.0454545454545454,24,6.45,4,1,22,17,7,10,441302,,,,,,,2026-27,0c133121c3637cccea64e7dc70a58d499d53501a46c780f65d6f89cd020d52e9,2026-09-27T08:05:19.992073Z,official_2025-26_stats,0.0,False,0.0,0.0,,,2.2,0.0,0.995,0.035833333333333335,0.12550675675675677,0.09515601965601961
575,7,3,Caleb Yirenkyi,Yirenkyi,Coventry City,COV,Midfielder,4.8,9,1.8,2.0,265,0.1,a,,,,,48,1.875,21,7.13,3,0,36,7,1,13,661888,,,,,,,2026-27,0c133121c3637cccea64e7dc70a58d499d53501a46c780f65d6f89cd020d52e9,2026-09-27T08:05:19.992073Z,official_previous_season_stats_unmatched,0.0,True,1.0,0.0,,,1.8,0.5888888888888889,0.999,0.03961111111111111,0.22267642642642643,0.07628243243243239
37,2,2,Victor Lindelöf,Lindelöf,Aston Villa,AVL,Defender,4.5,8,1.6,1.3333333333333333,450,0.3,a,,,,,45,1.7777777777777777,22,4.4,5,0,28,21,1,7,184667,,,,,,,2026-27,0c133121c3637cccea64e7dc70a58d499d53501a46c780f65d6f89cd020d52e9,2026-09-27T08:05:19.992073Z,official_2025-26_stats,0.2631578947368421,False,1.0,0.0,,,1.6,1.0,0.997,0.024444444444444446,0.28243243243243243,0.05821791791791786
461,17,3,Bazoumana Touré,Touré,Newcastle,NEW,Midfielder,5.8,8,2.7,2.0,50,0.1,a,,,,,58,1.3793103448275863,4,7.2,0,0,29,1,0,3,611665,,,,,,,2026-27,0c133121c3637cccea64e7dc70a58d499d53501a46c780f65d6f89cd020d52e9,2026-09-27T08:05:19.992073Z,official_previous_season_stats_unmatched,0.0,False,1.0,0.0,,,2.7,0.1111111111111111,0.999,0.04,0.15524587087087088,0.03827955886921401
52,2,3,Alysson Edward Franco da Rocha dos Santos,Alysson,Aston Villa,AVL,Midfielder,5.0,8,2.0,0.0,87,0.0,d,75.0,,Unspecified injury - 75% chance of playing,2026-09-19T11:30:09.355376Z,50,1.6,8,8.28,0,0,34,2,2,4,653481,,,,,,,2026-27,0c133121c3637cccea64e7dc70a58d499d53501a46c780f65d6f89cd020d52e9,2026-09-27T08:05:19.992073Z,official_2025-26_stats,0.0,False,0.75,0.0,,,2.0,0.19333333333333333,1.0,0.046,0.10116666666666667,0.02266666666666664
403,19,3,Sávio Moreira de Oliveira,Sávio,Spurs,TOT,Midfielder,6.5,8,2.7,4.333333333333333,240,0.7,a,100.0,100.0,,2026-08-29T16:30:08.380416Z,65,1.2307692307692308,11,4.12,3,0,66,3,0,8,510281,,,,,3.0,,2026-27,0c133121c3637cccea64e7dc70a58d499d53501a46c780f65d6f89cd020d52e9,2026-09-27T08:05:19.992073Z,official_2025-26_stats,0.15789473684210525,False,1.0,0.0,,,2.7,0.5333333333333333,0.993,0.02288888888888889,0.2964470720720721,0.06532924462924461
315,12,3,Abdul Fatawu,Fatawu,Ipswich Town,IPS,Midfielder,5.4,8,1.6,1.5,352,0.2,s,0.0,,Suspended until 17 Oct,2026-09-19T15:30:10.126897Z,54,1.4814814814814814,28,7.16,5,0,71,8,9,11,531442,,,,,2.0,,2026-27,0c133121c3637cccea64e7dc70a58d499d53501a46c780f65d6f89cd020d52e9,2026-09-27T08:05:19.992073Z,official_previous_season_stats_unmatched,0.0,True,0.0,0.0,,,1.6,0.0,0.998,0.03977777777777778,0.08648648648648649,0.03810457123790453
643,8,2,Ben Chilwell,Chilwell,Crystal Palace,CRY,Defender,4.5,8,4.0,2.7,29,0.4,a,,,,,45,1.7777777777777777,1,3.1,0,0,21,1,0,0,172850,,,,,,,2026-27,0c133121c3637cccea64e7dc70a58d499d53501a46c780f65d6f89cd020d52e9,2026-09-27T08:05:19.992073Z,official_previous_season_stats_unmatched,0.0,False,1.0,0.0,,,4.0,0.06444444444444444,0.996,0.017222222222222222,0.20356456456456457,0.08048008008008002
71,3,3,Lewis Cook,Cook,Bournemouth,BOU,Midfielder,5.0,8,1.6,0.6666666666666666,180,0.2,a,,,,,50,1.6,14,7.0,2,0,25,7,1,6,155408,,,,,,,2026-27,0c133121c3637cccea64e7dc70a58d499d53501a46c780f65d6f89cd020d52e9,2026-09-27T08:05:19.992073Z,official_2025-26_stats,0.21052631578947367,False,1.0,0.0,,,1.6,0.4,0.998,0.03888888888888889,0.14621621621621622,0.03367747747747746
562,12,3,Daizen Maeda,Maeda,Ipswich Town,IPS,Midfielder,5.3,8,1.6,1.5,259,0.2,a,,,,,53,1.509433962264151,20,6.95,3,0,32,8,8,4,442967,,,,,,,2026-27,0c133121c3637cccea64e7dc70a58d499d53501a46c780f65d6f89cd020d52e9,2026-09-27T08:05:19.992073Z,official_previous_season_stats_unmatched,0.0,True,1.0,0.0,,,1.6,0.5755555555555556,0.998,0.03861111111111111,0.2015975975975976,0.0402475947645759
199,8,1,Walter Benítez,Benitez,Crystal Palace,CRY,Goalkeeper,4.5,8,4.0,0.0,180,0.1,a,,,,,45,1.7777777777777777,0,0.0,2,0,29,2,0,11,121709,,,,,,,2026-27,0c133121c3637cccea64e7dc70a58d499d53501a46c780f65d6f89cd020d52e9,2026-09-27T08:05:19.992073Z,official_2025-26_stats,0.02631578947368421,False,1.0,0.0,,,4.0,0.4,0.999,0.0,0.20500000000000002,0.036396296296296246
473,18,2,Ola Aina,Aina,Nott'm Forest,NFO,Defender,4.4,8,2.0,0.0,306,2.4,a,,,,,44,1.8181818181818181,22,6.47,4,0,45,12,10,14,159506,,,,,,,2026-27,0c133121c3637cccea64e7dc70a58d499d53501a46c780f65d6f89cd020d52e9,2026-09-27T08:05:19.992073Z,official_2025-26_stats,0.47368421052631576,False,1.0,0.0,,,2.0,0.68,0.976,0.035944444444444446,0.1985,0.04179393939393937
224,8,4,Eddie Nketiah,Nketiah,Crystal Palace,CRY,Forward,5.5,8,2.0,0.0,175,0.5,a,100.0,100.0,,2026-09-12T14:00:09.427136Z,55,1.4545454545454546,12,6.17,3,0,38,2,4,6,205533,,,,,,,2026-27,0c133121c3637cccea64e7dc70a58d499d53501a46c780f65d6f89cd020d52e9,2026-09-27T08:05:19.992073Z,official_2025-26_stats,0.05263157894736842,False,1.0,0.0,,,2.0,0.3888888888888889,0.995,0.034277777777777775,0.14027777777777778,0.012015151515151493
401,19,4,Omar Marmoush,Marmoush,Spurs,TOT,Forward,7.0,8,2.0,5.0,339,2.1,a,,,,,70,1.1428571428571428,13,3.45,4,0,37,0,2,11,438234,2.0,,4.0,,,,2026-27,0c133121c3637cccea64e7dc70a58d499d53501a46c780f65d6f89cd020d52e9,2026-09-27T08:05:19.992073Z,official_2025-26_stats,0.13157894736842105,False,1.0,0.0,,,2.0,0.7533333333333333,0.979,0.01916666666666667,0.33478828828828827,0.07080012870012868
462,17,3,Sean Steur,Steur,Newcastle,NEW,Midfielder,4.9,8,1.6,1.8,223,0.1,a,,,,,49,1.6326530612244896,21,8.48,2,0,42,9,4,8,636852,,,,,,,2026-27,0c133121c3637cccea64e7dc70a58d499d53501a46c780f65d6f89cd020d52e9,2026-09-27T08:05:19.992073Z,official_previous_season_stats_unmatched,0.0,False,1.0,0.0,,,1.6,0.4955555555555556,0.999,0.04711111111111111,0.19289489489489492,0.054459257216400034
439,16,4,Benjamin Sesko,Šeško,Man Utd,MUN,Forward,7.0,8,2.0,0.0,76,1.6,d,75.0,100.0,Shin injury - 75% chance of playing,2026-09-20T19:30:08.505755Z,70,1.1428571428571428,5,5.92,0,0,39,0,0,5,485711,,,,,,,2026-27,0c133121c3637cccea64e7dc70a58d499d53501a46c780f65d6f89cd020d52e9,2026-09-27T08:05:19.992073Z,official_2025-26_stats,0.3684210526315789,False,0.75,0.0,,,2.0,0.1688888888888889,0.984,0.03288888888888889,0.09627777777777778,-0.010780952380952405
148,6,2,Jorrel Hato,Hato,Chelsea,CHE,Defender,4.5,8,2.0,1.3333333333333333,258,0.8,a,,,,,45,1.7777777777777777,18,6.28,4,0,14,11,7,9,551210,,,,,,,2026-27,0c133121c3637cccea64e7dc70a58d499d53501a46c780f65d6f89cd020d52e9,2026-09-27T08:05:19.992073Z,official_2025-26_stats,0.23684210526315788,False,1.0,0.0,,,2.0,0.5733333333333334,0.992,0.03488888888888889,0.20959909909909913,0.05871791791791786
145,6,2,Wesley Fofana,Fofana,Chelsea,CHE,Defender,5.0,8,2.0,1.6666666666666667,312,0.2,a,100.0,100.0,,2026-07-23T12:01:23.464591Z,50,1.6,47,13.56,4,0,35,40,7,11,444463,,,,,,,2026-27,0c133121c3637cccea64e7dc70a58d499d53501a46c780f65d6f89cd020d52e9,2026-09-27T08:05:19.992073Z,official_2025-26_stats,0.47368421052631576,False,1.0,0.0,,,2.0,0.6933333333333334,0.998,0.07533333333333334,0.24170720720720723,0.049893693693693675
514,19,3,Mathys Tel,Tel,Spurs,TOT,Midfielder,5.7,8,2.0,4.666666666666667,257,0.2,a,,,,,57,1.4035087719298245,13,4.55,3,0,41,1,1,11,511499,,,3.0,,4.0,,2026-27,0c133121c3637cccea64e7dc70a58d499d53501a46c780f65d6f89cd020d52e9,2026-09-27T08:05:19.992073Z,official_2025-26_stats,0.3157894736842105,False,1.0,0.0,,,2.0,0.5711111111111111,0.998,0.025277777777777777,0.29023573573573574,0.08347801485696221
417,16,2,Diogo Dalot Teixeira,Dalot,Man Utd,MUN,Defender,4.9,8,1.6,0.3333333333333333,346,1.6,a,,,,,49,1.6326530612244896,16,4.16,4,0,46,10,6,21,216051,,,,,,,2026-27,0c133121c3637cccea64e7dc70a58d499d53501a46c780f65d6f89cd020d52e9,2026-09-27T08:05:19.992073Z,official_2025-26_stats,0.7368421052631579,False,1.0,0.0,,,1.6,0.7688888888888888,0.984,0.023111111111111114,0.21188588588588592,0.032175473432616244
526,19,4,Dominic Solanke-Mitchell,Solanke,Spurs,TOT,Forward,5.8,7,1.4,0.0,170,0.8,a,,,,,58,1.206896551724138,9,4.76,2,0,21,2,2,5,154566,1.0,,,,,,2026-27,0c133121c3637cccea64e7dc70a58d499d53501a46c780f65d6f89cd020d52e9,2026-09-27T08:05:19.992073Z,official_2025-26_stats,0.2631578947368421,False,1.0,0.0,,,1.4,0.37777777777777777,0.992,0.026444444444444444,0.11930555555555555,-0.006671264367816121
525,19,3,Mateus Fernandes,Fernandes,Spurs,TOT,Midfielder,5.7,7,1.4,1.5,249,0.8,a,,,,,57,1.2280701754385965,21,7.59,3,0,50,2,7,12,551226,,,,,1.0,,2026-27,0c133121c3637cccea64e7dc70a58d499d53501a46c780f65d6f89cd020d52e9,2026-09-27T08:05:19.992073Z,official_previous_season_stats_unmatched,0.0,False,1.0,0.0,,,1.4,0.5533333333333333,0.992,0.042166666666666665,0.19090315315315315,0.01927637110795004
95,4,3,Dango Ouattara,O.Dango,Brentford,BRE,Midfielder,6.3,7,1.4,6.0,179,0.5,a,,,,,63,1.1111111111111112,28,14.08,2,0,34,9,2,17,533463,,,,,4.0,,2026-27,0c133121c3637cccea64e7dc70a58d499d53501a46c780f65d6f89cd020d52e9,2026-09-27T08:05:19.992073Z,official_2025-26_stats,0.631578947368421,False,1.0,0.0,,,1.4,0.3977777777777778,0.995,0.07822222222222222,0.26925150150150146,0.08298248248248247
328,5,2,Pascal Struijk,Struijk,Brighton,BHA,Defender,4.9,7,2.3,0.6666666666666666,98,0.2,d,75.0,100.0,Hamstring injury - 75% chance of playing,2026-09-22T10:00:09.404233Z,49,1.4285714285714284,10,9.18,1,0,31,9,1,6,222694,,,,,,,2026-27,0c133121c3637cccea64e7dc70a58d499d53501a46c780f65d6f89cd020d52e9,2026-09-27T08:05:19.992073Z,official_2025-26_stats,0.75,False,0.75,0.0,,,2.3,0.21777777777777776,0.998,0.051,0.13164677177177175,0.020534620334620293
512,19,3,Mohammed Kudus,Kudus,Spurs,TOT,Midfielder,6.5,7,1.8,0.0,123,0.2,a,100.0,100.0,,2026-07-23T12:01:23.848657Z,65,1.0769230769230769,14,10.24,0,0,49,0,3,11,460842,3.0,,5.0,,6.0,,2026-27,0c133121c3637cccea64e7dc70a58d499d53501a46c780f65d6f89cd020d52e9,2026-09-27T08:05:19.992073Z,official_2025-26_stats,0.4473684210526316,False,1.0,0.0,,,1.8,0.2733333333333333,0.998,0.05688888888888889,0.11091666666666666,-0.017235897435897457
581,18,2,Ousmane Diomande,Diomande,Nott'm Forest,NFO,Defender,5.4,7,2.3,1.8,163,0.5,a,,,,,54,1.2962962962962963,19,10.49,2,0,17,18,1,10,568420,,,,,,,2026-27,0c133121c3637cccea64e7dc70a58d499d53501a46c780f65d6f89cd020d52e9,2026-09-27T08:05:19.992073Z,official_previous_season_stats_unmatched,0.0,False,1.0,0.0,,,2.3,0.3622222222222222,0.995,0.058277777777777776,0.18810322822822823,0.029071905238571866
347,13,4,Lukas Nmecha,Nmecha,Leeds,LEE,Forward,5.4,7,1.8,1.3333333333333333,64,0.5,a,,,,,54,1.2962962962962963,4,5.62,0,0,28,0,1,3,174594,2.0,,,,,,2026-27,0c133121c3637cccea64e7dc70a58d499d53501a46c780f65d6f89cd020d52e9,2026-09-27T08:05:19.992073Z,official_2025-26_stats,0.23684210526315788,False,1.0,0.0,,,1.8,0.14222222222222222,0.995,0.031222222222222224,0.11712687687687687,0.021504337671004306
329,13,2,Joe Rodon,Rodon,Leeds,LEE,Defender,4.3,7,3.5,2.6666666666666665,123,0.8,i,0.0,0.0,Hamstring injury - Expected back 21 Nov,2026-08-30T16:00:08.564382Z,43,1.627906976744186,11,8.05,2,0,25,10,1,2,214225,,,,,,,2026-27,0c133121c3637cccea64e7dc70a58d499d53501a46c780f65d6f89cd020d52e9,2026-09-27T08:05:19.992073Z,official_2025-26_stats,0.0,False,0.0,0.0,,,3.5,0.0,0.992,0.044722222222222226,0.17423986486486487,0.06884944479363081
130,5,2,Mats Wieffer,Wieffer,Brighton,BHA,Defender,4.9,7,3.5,0.6666666666666666,156,0.2,i,0.0,0.0,Knee injury - Unknown return date,2026-09-04T09:30:08.612904Z,49,1.4285714285714284,15,8.65,2,1,38,11,4,9,467779,,,,,,,2026-27,0c133121c3637cccea64e7dc70a58d499d53501a46c780f65d6f89cd020d52e9,2026-09-27T08:05:19.992073Z,official_2025-26_stats,0.0,False,0.0,0.0,,,3.5,0.0,0.998,0.04805555555555556,0.12559121621621622,0.020534620334620293
536,20,2,Reinildo Mandava,Reinildo,Sunderland,SUN,Defender,4.4,7,1.8,4.0,360,0.3,a,100.0,0.0,,2026-09-12T21:30:09.421687Z,44,1.5909090909090908,29,7.25,4,0,37,21,8,18,434399,,,,,,,2026-27,0c133121c3637cccea64e7dc70a58d499d53501a46c780f65d6f89cd020d52e9,2026-09-27T08:05:19.992073Z,official_2025-26_stats,0.5526315789473685,False,1.0,0.0,,,1.8,0.8,0.997,0.04027777777777778,0.31354729729729736,0.08713456183456178
456,17,3,Jacob Ramsey,J.Ramsey,Newcastle,NEW,Midfielder,4.9,7,2.3,5.666666666666667,69,0.2,i,0.0,0.0,Thigh injury - Unknown return date,2026-09-15T09:00:08.191022Z,49,1.4285714285714284,11,14.35,0,0,26,3,2,6,232653,,,,,,,2026-27,0c133121c3637cccea64e7dc70a58d499d53501a46c780f65d6f89cd020d52e9,2026-09-27T08:05:19.992073Z,official_2025-26_stats,0.0,False,0.0,0.0,,,2.3,0.0,0.998,0.07972222222222222,0.20971283783783784,0.10161570141570136
627,14,3,Bradley Barcola,Barcola,Liverpool,LIV,Midfielder,8.0,7,2.3,2.3,168,1.8,a,,,,,80,0.875,8,4.29,2,0,22,0,3,5,482616,,,,,,,2026-27,0c133121c3637cccea64e7dc70a58d499d53501a46c780f65d6f89cd020d52e9,2026-09-27T08:05:19.992073Z,official_previous_season_stats_unmatched,0.0,False,1.0,0.0,,,2.3,0.37333333333333335,0.982,0.023833333333333335,0.2024876126126126,0.006180630630630596
506,19,2,Destiny Udogie,Udogie,Spurs,TOT,Defender,4.4,7,2.3,3.0,86,0.3,a,100.0,100.0,,2026-09-11T18:00:09.092110Z,44,1.5909090909090908,4,4.19,1,0,21,3,1,4,487053,,,,,,,2026-27,0c133121c3637cccea64e7dc70a58d499d53501a46c780f65d6f89cd020d52e9,2026-09-27T08:05:19.992073Z,official_2025-26_stats,0.34210526315789475,False,1.0,0.0,,,2.3,0.19111111111111112,0.997,0.02327777777777778,0.18307019519519518,0.07091834561834559
337,13,3,Brenden Aaronson,Aaronson,Leeds,LEE,Midfielder,5.3,7,1.4,1.3333333333333333,194,0.5,a,,,,,53,1.3207547169811322,15,6.96,2,0,36,1,3,11,427637,,,4.0,,,,2026-27,0c133121c3637cccea64e7dc70a58d499d53501a46c780f65d6f89cd020d52e9,2026-09-27T08:05:19.992073Z,official_2025-26_stats,0.7105263157894737,False,1.0,0.0,,,1.4,0.4311111111111111,0.995,0.03866666666666667,0.16240465465465465,0.023379483256841735
320,12,4,Chuba Akpom,Akpom,Ipswich Town,IPS,Forward,5.0,7,2.3,1.5,78,1.2,a,,,,,50,1.4,3,3.46,0,0,36,0,1,2,147675,,,,,,,2026-27,0c133121c3637cccea64e7dc70a58d499d53501a46c780f65d6f89cd020d52e9,2026-09-27T08:05:19.992073Z,official_previous_season_stats_unmatched,0.0,True,1.0,0.0,,,2.3,0.17333333333333334,0.988,0.01922222222222222,0.14302815315315315,0.032857657657657635
576,11,3,Elliot Stroud,Stroud,Hull City,HUL,Midfielder,5.0,7,1.8,1.0,249,0.1,a,,,,,50,1.4,20,7.23,4,0,17,3,5,12,608227,,,,,,,2026-27,0c133121c3637cccea64e7dc70a58d499d53501a46c780f65d6f89cd020d52e9,2026-09-27T08:05:19.992073Z,official_previous_season_stats_unmatched,0.0,True,1.0,0.0,,,1.8,0.5533333333333333,0.999,0.04016666666666667,0.191240990990991,0.02364954954954951
564,12,1,Kjell Scherpen,Scherpen,Ipswich Town,IPS,Goalkeeper,4.5,7,1.8,1.2,360,0.6,a,,,,,45,1.5555555555555556,0,0.0,4,0,40,8,0,39,240514,,,,,,,2026-27,0c133121c3637cccea64e7dc70a58d499d53501a46c780f65d6f89cd020d52e9,2026-09-27T08:05:19.992073Z,official_previous_season_stats_unmatched,0.0,True,1.0,0.0,,,1.8,0.8,0.994,0.0,0.24543918918918922,0.039318718718718684
640,12,4,Zian Flemming,Flemming,Ipswich Town,IPS,Forward,5.5,6,2.0,5.0,60,0.1,a,,,,,55,1.0909090909090908,5,7.5,0,0,34,1,1,3,431639,,,,,,,2026-27,0c133121c3637cccea64e7dc70a58d499d53501a46c780f65d6f89cd020d52e9,2026-09-27T08:05:19.992073Z,official_2025-26_stats,0.5,True,1.0,0.0,,,2.0,0.13333333333333333,0.999,0.041666666666666664,0.21078828828828827,0.0648174447174447
175,7,2,Milan van Ewijk,van Ewijk,Coventry City,COV,Defender,4.0,6,1.5,1.2,360,8.8,d,75.0,,Hamstring injury - 75% chance of playing,2026-09-19T16:00:09.486751Z,40,1.5,27,6.75,4,0,7,21,6,13,451284,,,,,,,2026-27,0c133121c3637cccea64e7dc70a58d499d53501a46c780f65d6f89cd020d52e9,2026-09-27T08:05:19.992073Z,official_previous_season_stats_unmatched,0.0,True,0.75,0.0,,,1.5,0.75,0.912,0.0375,0.2260641891891892,0.04325945945945944
656,7,2,Stephen Mfuni,Mfuni,Coventry City,COV,Defender,4.0,6,6.0,3.0,90,0.1,a,,,,,40,1.5,8,8.0,1,0,27,7,1,3,566213,,,,,,,2026-27,0c133121c3637cccea64e7dc70a58d499d53501a46c780f65d6f89cd020d52e9,2026-09-27T08:05:19.992073Z,official_previous_season_stats_unmatched,0.0,True,1.0,0.0,,,6.0,0.2,0.999,0.044444444444444446,0.30047297297297293,0.06374864864864864
97,4,3,Mathias Jensen,Jensen,Brentford,BRE,Midfielder,5.4,6,6.0,2.6666666666666665,66,0.1,i,0.0,0.0,Unspecified injury - Expected back 10 Oct,2026-08-30T12:30:08.176795Z,54,1.111111111111111,5,6.82,1,0,22,0,2,3,207283,3.0,,2.0,,1.0,,2026-27,0c133121c3637cccea64e7dc70a58d499d53501a46c780f65d6f89cd020d52e9,2026-09-27T08:05:19.992073Z,official_2025-26_stats,0.0,False,0.0,0.0,,,6.0,0.0,0.999,0.03788888888888889,0.25236486486486487,0.028528428428428385
125,5,4,Georginio Rutter,Georginio,Brighton,BHA,Forward,5.3,6,3.0,1.0,104,0.5,a,100.0,100.0,,2026-08-26T16:00:07.608056Z,53,1.1320754716981132,9,7.79,1,0,24,1,2,6,463067,,,,,,,2026-27,0c133121c3637cccea64e7dc70a58d499d53501a46c780f65d6f89cd020d52e9,2026-09-27T08:05:19.992073Z,official_2025-26_stats,0.47368421052631576,False,1.0,0.0,,,3.0,0.2311111111111111,0.995,0.043277777777777776,0.16429654654654655,0.003508669046404872
419,16,2,Lisandro Martínez,Martinez,Man Utd,MUN,Defender,5.0,6,1.5,5.0,360,1.3,a,100.0,100.0,,2026-07-24T20:00:10.337107Z,50,1.2,20,5.0,4,0,29,17,3,14,221820,,,,,,,2026-27,0c133121c3637cccea64e7dc70a58d499d53501a46c780f65d6f89cd020d52e9,2026-09-27T08:05:19.992073Z,official_2025-26_stats,0.3157894736842105,False,1.0,0.0,,,1.5,0.8,0.987,0.027777777777777776,0.32849662162162163,0.07438108108108105
32,2,2,Matty Cash,Cash,Aston Villa,AVL,Defender,4.4,6,1.5,0.6666666666666666,296,4.8,a,100.0,100.0,,2026-09-09T14:30:08.192142Z,44,1.3636363636363635,17,5.17,3,0,16,11,6,2,199796,,,,,1.0,,2026-27,0c133121c3637cccea64e7dc70a58d499d53501a46c780f65d6f89cd020d52e9,2026-09-27T08:05:19.992073Z,official_2025-26_stats,0.868421052631579,False,1.0,0.0,,,1.5,0.6577777777777778,0.952,0.028722222222222222,0.19464677177177178,0.020156265356265315
238,9,3,Jack Grealish,Grealish,Everton,EVE,Midfielder,6.5,6,1.5,0.0,135,0.5,a,100.0,100.0,,2026-07-29T10:00:10.492904Z,65,0.9230769230769231,13,8.67,1,0,36,2,3,8,114283,,,,,,,2026-27,0c133121c3637cccea64e7dc70a58d499d53501a46c780f65d6f89cd020d52e9,2026-09-27T08:05:19.992073Z,official_2025-26_stats,0.47368421052631576,False,1.0,0.0,,,1.5,0.3,0.995,0.04816666666666666,0.106875,-0.028730769230769254
287,11,3,Liam Millar,Millar,Hull City,HUL,Midfielder,5.0,6,3.0,1.5,50,0.0,u,0.0,0.0,Has joined Birmingham on loan for the rest of the season,2026-09-02T15:36:41.038103Z,50,1.2,4,7.2,0,0,26,2,1,1,232905,,,,,,,2026-27,0c133121c3637cccea64e7dc70a58d499d53501a46c780f65d6f89cd020d52e9,2026-09-27T08:05:19.992073Z,official_previous_season_stats_unmatched,0.0,True,0.0,0.0,,,3.0,0.0,1.0,0.04,0.13023648648648647,0.01632432432432429
309,12,3,Marcelino Núñez,Núñez,Ipswich Town,IPS,Midfielder,4.9,6,3.0,0.5,140,0.1,a,,,,,49,1.2244897959183672,21,13.5,2,0,32,8,3,10,501390,,,1.0,,3.0,,2026-27,0c133121c3637cccea64e7dc70a58d499d53501a46c780f65d6f89cd020d52e9,2026-09-27T08:05:19.992073Z,official_previous_season_stats_unmatched,0.0,True,1.0,0.0,,,3.0,0.3111111111111111,0.999,0.075,0.16813438438438438,0.002085659128516229
611,2,2,Aaron Wan-Bissaka,Wan-Bissaka,Aston Villa,AVL,Defender,4.5,6,1.5,1.0,152,0.2,a,,,,,45,1.3333333333333333,21,12.43,2,0,24,12,9,1,214590,,,,,,,2026-27,0c133121c3637cccea64e7dc70a58d499d53501a46c780f65d6f89cd020d52e9,2026-09-27T08:05:19.992073Z,official_2025-26_stats,0.6052631578947368,False,1.0,0.0,,,1.5,0.3377777777777778,0.998,0.06905555555555555,0.1387548798798799,0.018638438438438418
246,9,3,Merlin Röhl,Röhl,Everton,EVE,Midfielder,4.9,6,2.0,4.333333333333333,249,0.0,i,0.0,0.0,Unspecified injury - Expected back 11 Oct,2026-09-16T18:00:09.541933Z,49,1.2244897959183672,24,8.67,3,0,35,6,5,13,513466,,,,,,,2026-27,0c133121c3637cccea64e7dc70a58d499d53501a46c780f65d6f89cd020d52e9,2026-09-27T08:05:19.992073Z,official_2025-26_stats,0.0,False,0.0,0.0,,,2.0,0.0,1.0,0.04816666666666666,0.16790540540540538,0.06414782129067839
592,12,2,Abdoul Ouattara,Ouattara,Ipswich Town,IPS,Defender,4.0,6,1.2,1.2,131,0.9,a,,,,,40,1.5,11,7.56,1,0,29,7,4,14,572584,,,,,,,2026-27,0c133121c3637cccea64e7dc70a58d499d53501a46c780f65d6f89cd020d52e9,2026-09-27T08:05:19.992073Z,official_previous_season_stats_unmatched,0.0,True,1.0,0.0,,,1.2,0.2911111111111111,0.991,0.041999999999999996,0.1249114114114114,0.03535945945945944
100,4,3,Fábio Freitas Gouveia Carvalho,Carvalho,Brentford,BRE,Midfielder,5.0,6,6.0,0.0,3,0.0,a,100.0,100.0,,2026-08-18T13:58:17.442072Z,50,1.2,0,0.0,0,0,23,0,0,0,244858,,,,,,,2026-27,0c133121c3637cccea64e7dc70a58d499d53501a46c780f65d6f89cd020d52e9,2026-09-27T08:05:19.992073Z,official_2025-26_stats,0.02631578947368421,False,1.0,0.0,,,6.0,0.006666666666666667,1.0,0.0,0.18883333333333333,-0.008000000000000035
387,15,2,Nico O'Reilly,O'Reilly,Man City,MCI,Defender,6.3,6,1.5,2.3333333333333335,163,10.9,a,100.0,100.0,,2026-09-05T18:00:06.379802Z,63,0.9523809523809524,5,2.76,2,0,22,2,3,9,472769,,,,,,,2026-27,0c133121c3637cccea64e7dc70a58d499d53501a46c780f65d6f89cd020d52e9,2026-09-27T08:05:19.992073Z,official_2025-26_stats,0.7105263157894737,False,1.0,0.0,,,1.5,0.3622222222222222,0.891,0.015333333333333332,0.1760762012012012,0.021753710853710834
151,6,2,Josh Acheampong,Acheampong,Chelsea,CHE,Defender,4.5,5,1.2,1.0,221,0.3,a,,,,,45,1.1111111111111112,20,8.14,2,0,5,13,7,7,577016,,,,,,,2026-27,0c133121c3637cccea64e7dc70a58d499d53501a46c780f65d6f89cd020d52e9,2026-09-27T08:05:19.992073Z,official_2025-26_stats,0.18421052631578946,False,1.0,0.0,,,1.2,0.4911111111111111,0.997,0.045222222222222226,0.16004654654654654,0.0017014014014013756
90,4,2,Aaron Hickey,Hickey,Brentford,BRE,Defender,4.5,5,1.0,1.0,152,0.1,a,,,,,45,1.1111111111111112,17,10.07,1,0,17,13,4,8,472713,,,,,,,2026-27,0c133121c3637cccea64e7dc70a58d499d53501a46c780f65d6f89cd020d52e9,2026-09-27T08:05:19.992073Z,official_2025-26_stats,0.18421052631578946,False,1.0,0.0,,,1.0,0.3377777777777778,0.999,0.05594444444444445,0.12312987987987989,0.0015014014014013838
19,1,3,Martín Zubimendi Ibáñez,Zubimendi,Arsenal,ARS,Midfielder,5.3,5,1.0,1.3333333333333333,89,0.6,a,,,,,53,0.9433962264150944,12,12.13,0,0,16,5,4,3,481655,,,,,,,2026-27,0c133121c3637cccea64e7dc70a58d499d53501a46c780f65d6f89cd020d52e9,2026-09-27T08:05:19.992073Z,official_2025-26_stats,0.8157894736842105,False,1.0,0.0,,,1.0,0.19777777777777777,0.994,0.06738888888888889,0.103237987987988,-0.005451334353221163
405,17,3,Nico González Iglesias,N.Gonzalez,Newcastle,NEW,Midfielder,5.5,5,1.7,1.3333333333333333,164,0.2,a,100.0,0.0,,2026-09-14T21:30:07.343728Z,55,0.9090909090909091,12,6.59,3,0,23,3,0,9,465694,,,,,,,2026-27,0c133121c3637cccea64e7dc70a58d499d53501a46c780f65d6f89cd020d52e9,2026-09-27T08:05:19.992073Z,official_2025-26_stats,0.4473684210526316,False,1.0,0.0,,,1.7,0.36444444444444446,0.998,0.03661111111111111,0.1584463213213213,-0.00848140868140869
75,3,3,Ryan Christie,Christie,Bournemouth,BOU,Midfielder,5.0,5,1.2,-0.6666666666666666,102,0.0,a,100.0,100.0,,2026-07-24T17:30:10.035483Z,50,1.0,14,12.35,1,0,15,3,1,10,158499,,,,,,,2026-27,0c133121c3637cccea64e7dc70a58d499d53501a46c780f65d6f89cd020d52e9,2026-09-27T08:05:19.992073Z,official_2025-26_stats,0.15789473684210525,False,1.0,0.0,,,1.2,0.22666666666666666,1.0,0.06861111111111111,0.06661711711711713,-0.03414414414414417
585,11,2,Lucas Herrington,Herrington,Hull City,HUL,Defender,4.0,5,1.0,1.0,197,0.6,a,,,,,40,1.25,16,7.31,1,0,19,14,2,6,597462,,,,,,,2026-27,0c133121c3637cccea64e7dc70a58d499d53501a46c780f65d6f89cd020d52e9,2026-09-27T08:05:19.992073Z,official_previous_season_stats_unmatched,0.0,True,1.0,0.0,,,1.0,0.43777777777777777,0.994,0.04061111111111111,0.14312987987987988,0.012649549549549527
596,2,2,Matteo Ruggeri,Ruggeri,Aston Villa,AVL,Defender,4.5,5,1.7,1.0,113,0.1,a,,,,,45,1.1111111111111112,16,12.74,1,0,17,14,2,11,487992,,,,,,,2026-27,0c133121c3637cccea64e7dc70a58d499d53501a46c780f65d6f89cd020d52e9,2026-09-27T08:05:19.992073Z,official_previous_season_stats_unmatched,0.0,False,1.0,0.0,,,1.7,0.2511111111111111,0.999,0.07077777777777777,0.12767154654654655,0.0015014014014013838
583,6,2,Pep Chavarría,Chavarria,Chelsea,CHE,Defender,4.9,5,1.0,1.0,208,0.1,a,,,,,49,1.0204081632653061,16,6.92,1,0,17,11,5,7,498444,,,,,,,2026-27,0c133121c3637cccea64e7dc70a58d499d53501a46c780f65d6f89cd020d52e9,2026-09-27T08:05:19.992073Z,official_previous_season_stats_unmatched,0.0,False,1.0,0.0,,,1.0,0.4622222222222222,0.999,0.03844444444444444,0.14801876876876877,-0.005452491266776993
190,7,3,Loum Tchaouna,Tchaouna,Coventry City,COV,Midfielder,5.4,5,1.2,3.6666666666666665,211,0.1,a,,,,,54,0.9259259259259258,18,7.68,2,0,32,6,1,11,469272,,,,,3.0,,2026-27,0c133121c3637cccea64e7dc70a58d499d53501a46c780f65d6f89cd020d52e9,2026-09-27T08:05:19.992073Z,official_2025-26_stats,0.3157894736842105,True,1.0,0.0,,,1.2,0.4688888888888889,0.999,0.042666666666666665,0.22046696696696697,0.03054711378044707
186,7,3,Ephron Mason-Clark,Mason-Clark,Coventry City,COV,Midfielder,5.3,5,1.2,1.2,231,0.1,a,100.0,100.0,,2026-08-19T18:00:08.310507Z,53,0.9433962264150944,15,5.84,4,0,19,6,0,9,241293,,,,,,,2026-27,0c133121c3637cccea64e7dc70a58d499d53501a46c780f65d6f89cd020d52e9,2026-09-27T08:05:19.992073Z,official_previous_season_stats_unmatched,0.0,True,1.0,0.0,,,1.2,0.5133333333333333,0.999,0.03244444444444444,0.16935585585585586,-0.008113496515383331
201,18,2,Daniel Muñoz Mejía,Muñoz,Nott'm Forest,NFO,Defender,5.4,5,1.2,3.3333333333333335,257,5.7,a,,,,,54,0.9259259259259258,15,5.25,3,0,29,8,7,8,247348,,,,,,,2026-27,0c133121c3637cccea64e7dc70a58d499d53501a46c780f65d6f89cd020d52e9,2026-09-27T08:05:19.992073Z,official_2025-26_stats,0.6578947368421053,False,1.0,0.0,,,1.2,0.5711111111111111,0.943,0.029166666666666667,0.23280330330330332,0.0307417083750417
260,13,3,Harry Wilson,Wilson,Leeds,LEE,Midfielder,6.2,5,1.2,2.3333333333333335,145,1.7,i,0.0,0.0,Thigh injury - Unknown return date,2026-09-18T13:30:09.626858Z,62,0.8064516129032258,11,6.83,1,0,19,3,4,4,153682,,,2.0,,2.0,,2026-27,0c133121c3637cccea64e7dc70a58d499d53501a46c780f65d6f89cd020d52e9,2026-09-27T08:05:19.992073Z,official_2025-26_stats,0.0,False,0.0,0.0,,,1.2,0.0,0.983,0.03794444444444445,0.09425675675675677,0.00136579482708514
198,8,1,Dean Henderson,Henderson,Crystal Palace,CRY,Goalkeeper,5.0,5,1.7,1.6666666666666667,270,1.3,i,0.0,0.0,Foot injury - Expected back 11 Oct,2026-09-12T14:00:09.378740Z,50,1.0,0,0.0,3,0,37,6,0,31,172649,,,,,,,2026-27,0c133121c3637cccea64e7dc70a58d499d53501a46c780f65d6f89cd020d52e9,2026-09-27T08:05:19.992073Z,official_2025-26_stats,0.0,False,0.0,0.0,,,1.7,0.0,0.987,0.0,0.09366554054054055,0.0049936936936936654
543,20,3,Habib Diarra,Diarra,Sunderland,SUN,Midfielder,5.4,5,2.5,1.3333333333333333,28,0.0,i,0.0,0.0,Hamstring injury - Unknown return date,2026-08-30T16:30:08.428960Z,54,0.9259259259259258,0,0.0,0,0,18,0,0,0,547027,1.0,,,,,,2026-27,0c133121c3637cccea64e7dc70a58d499d53501a46c780f65d6f89cd020d52e9,2026-09-27T08:05:19.992073Z,official_2025-26_stats,0.0,False,0.0,0.0,,,2.5,0.0,1.0,0.0,0.11055743243243243,-0.00739072405739076
263,10,3,Kevin Santos Lopes de Macedo,Kevin,Fulham,FUL,Midfielder,5.3,4,1.0,2.0,61,0.0,a,,,,,53,0.7547169811320755,8,11.8,0,0,14,1,3,4,560552,,,,,4.0,,2026-27,0c133121c3637cccea64e7dc70a58d499d53501a46c780f65d6f89cd020d52e9,2026-09-27T08:05:19.992073Z,official_2025-26_stats,0.15789473684210525,False,1.0,0.0,,,1.0,0.13555555555555557,1.0,0.06555555555555556,0.10700975975975976,-0.009705932347441798
136,6,4,Danny Welbeck,Welbeck,Chelsea,CHE,Forward,5.9,4,1.3,1.6666666666666667,85,1.0,a,100.0,100.0,,2026-08-20T14:00:07.949090Z,59,0.6779661016949152,5,5.29,1,0,15,2,1,2,50175,,,,,,,2026-27,0c133121c3637cccea64e7dc70a58d499d53501a46c780f65d6f89cd020d52e9,2026-09-27T08:05:19.992073Z,official_2025-26_stats,0.6578947368421053,False,1.0,0.0,,,1.3,0.18888888888888888,0.99,0.029388888888888888,0.11894331831831831,-0.019995571843029497
14,1,3,Eberechi Eze,Eze,Arsenal,ARS,Midfielder,6.2,4,1.0,2.3333333333333335,85,1.0,a,,,,,62,0.6451612903225806,5,5.29,0,0,18,0,0,5,232413,,,3.0,,,,2026-27,0c133121c3637cccea64e7dc70a58d499d53501a46c780f65d6f89cd020d52e9,2026-09-27T08:05:19.992073Z,official_2025-26_stats,0.5,False,1.0,0.0,,,1.0,0.18888888888888888,0.99,0.029388888888888888,0.12578453453453453,-0.011699796570764337
17,1,3,Mikel Merino Zazón,Merino,Arsenal,ARS,Midfielder,5.8,4,0.8,0.3333333333333333,81,0.4,a,,,,,58,0.6896551724137931,10,11.11,0,0,19,1,0,9,195384,,,,,,,2026-27,0c133121c3637cccea64e7dc70a58d499d53501a46c780f65d6f89cd020d52e9,2026-09-27T08:05:19.992073Z,official_2025-26_stats,0.21052631578947367,False,1.0,0.0,,,0.8,0.18,0.996,0.06172222222222222,0.06910810810810811,-0.041321031376203805
119,5,2,João Pedro Loureiro da Costa,Costinha,Brighton,BHA,Defender,4.5,4,0.8,0.8,68,0.0,a,,,,,45,0.8888888888888888,7,9.26,0,0,18,6,1,1,451490,,,,,,,2026-27,0c133121c3637cccea64e7dc70a58d499d53501a46c780f65d6f89cd020d52e9,2026-09-27T08:05:19.992073Z,official_previous_season_stats_unmatched,0.0,False,1.0,0.0,,,0.8,0.1511111111111111,1.0,0.051444444444444445,0.07468168168168168,-0.018878878878878902
450,17,2,Tino Livramento,Livramento,Newcastle,NEW,Defender,4.9,4,2.0,0.0,33,0.1,d,75.0,100.0,Unspecified injury - 75% chance of playing,2026-09-19T14:00:09.046677Z,49,0.8163265306122448,3,8.18,0,0,12,1,2,4,441191,,,,,,,2026-27,0c133121c3637cccea64e7dc70a58d499d53501a46c780f65d6f89cd020d52e9,2026-09-27T08:05:19.992073Z,official_2025-26_stats,0.3684210526315789,False,0.75,0.0,,,2.0,0.07333333333333333,0.999,0.04544444444444444,0.07716666666666666,-0.03731496598639458
144,6,2,Malo Gusto,Gusto,Chelsea,CHE,Defender,4.9,4,1.0,0.3333333333333333,272,1.0,a,,,,,49,0.8163265306122448,15,4.96,3,0,12,11,4,13,482609,,,,,,,2026-27,0c133121c3637cccea64e7dc70a58d499d53501a46c780f65d6f89cd020d52e9,2026-09-27T08:05:19.992073Z,official_2025-26_stats,0.5789473684210527,False,1.0,0.0,,,1.0,0.6044444444444445,0.99,0.027555555555555555,0.16024699699699702,-0.03100956058098918
157,6,3,Estêvão Almeida de Oliveira Gonçalves,Estêvão,Chelsea,CHE,Midfielder,6.3,4,1.0,0.0,23,0.7,a,,,,,63,0.6349206349206349,2,7.83,0,0,17,0,1,1,624773,2.0,,,,4.0,,2026-27,0c133121c3637cccea64e7dc70a58d499d53501a46c780f65d6f89cd020d52e9,2026-09-27T08:05:19.992073Z,official_2025-26_stats,0.18421052631578946,False,1.0,0.0,,,1.0,0.051111111111111114,0.993,0.0435,0.04147222222222222,-0.05062275132275133
162,16,3,Andrey Nascimento dos Santos,Andrey Santos,Man Utd,MUN,Midfielder,4.8,4,1.3,4.0,82,0.6,a,,,,,48,0.8333333333333334,18,19.76,1,0,23,7,4,7,532605,,,,,,,2026-27,0c133121c3637cccea64e7dc70a58d499d53501a46c780f65d6f89cd020d52e9,2026-09-27T08:05:19.992073Z,official_2025-26_stats,0.2894736842105263,False,1.0,0.0,,,1.3,0.18222222222222223,0.994,0.10977777777777778,0.17436674174174174,0.02935375375375375
463,17,4,Nick Woltemade,Woltemade,Newcastle,NEW,Forward,5.9,4,4.0,4.0,19,0.5,u,0.0,0.0,Has joined Juventus on loan for the rest of the season,2026-09-02T16:07:16.549304Z,59,0.6779661016949152,0,0.0,0,0,18,0,0,0,470313,,,,,,,2026-27,0c133121c3637cccea64e7dc70a58d499d53501a46c780f65d6f89cd020d52e9,2026-09-27T08:05:19.992073Z,official_2025-26_stats,0.0,False,0.0,0.0,,,4.0,0.0,0.995,0.0,0.2222972972972973,0.017342265994808342
465,17,4,William Osula,Osula,Newcastle,NEW,Forward,5.8,4,4.0,5.666666666666667,55,0.3,i,0.0,0.0,Foot injury - Unknown return date,2026-08-25T19:00:08.004915Z,58,0.6896551724137931,5,8.18,1,0,18,2,1,2,538207,1.0,,4.0,,,,2026-27,0c133121c3637cccea64e7dc70a58d499d53501a46c780f65d6f89cd020d52e9,2026-09-27T08:05:19.992073Z,official_2025-26_stats,0.0,False,0.0,0.0,,,4.0,0.0,0.997,0.04544444444444444,0.2628378378378379,0.045065455110282676
369,14,3,Rio Ngumoha,Ngumoha,Liverpool,LIV,Midfielder,5.7,4,1.3,3.3333333333333335,99,0.5,a,,,,,57,0.7017543859649122,4,3.64,1,0,13,1,1,2,611922,,,,,,,2026-27,0c133121c3637cccea64e7dc70a58d499d53501a46c780f65d6f89cd020d52e9,2026-09-27T08:05:19.992073Z,official_2025-26_stats,0.13157894736842105,False,1.0,0.0,,,1.3,0.22,0.995,0.02022222222222222,0.1657060810810811,0.008355223644697318
72,3,3,Ben Gannon-Doak,Gannon-Doak,Bournemouth,BOU,Midfielder,4.9,4,1.0,0.3333333333333333,12,0.1,a,,,,,49,0.8163265306122448,7,52.5,0,0,15,0,2,5,496208,,,,,,,2026-27,0c133121c3637cccea64e7dc70a58d499d53501a46c780f65d6f89cd020d52e9,2026-09-27T08:05:19.992073Z,official_2025-26_stats,0.0,False,1.0,0.0,,,1.0,0.02666666666666667,0.999,0.2916666666666667,0.044691441441441444,-0.03190956058098918
64,3,2,Adam Smith,Smith,Bournemouth,BOU,Defender,4.5,4,0.8,6.333333333333333,434,0.1,a,,,,,45,0.8888888888888888,21,4.35,5,0,14,16,5,15,54469,,,,,,,2026-27,0c133121c3637cccea64e7dc70a58d499d53501a46c780f65d6f89cd020d52e9,2026-09-27T08:05:19.992073Z,official_2025-26_stats,0.2894736842105263,False,1.0,0.0,,,0.8,0.9644444444444444,0.999,0.024166666666666666,0.37194294294294294,0.07095085085085083
182,7,2,Aurèle Amenda,Amenda,Coventry City,COV,Defender,4.0,4,1.0,0.8,360,0.6,i,0.0,25.0,Calf injury - Unknown return date,2026-09-17T07:30:09.329041Z,40,1.0,24,6.0,4,0,-3,23,1,11,539142,,,,,,,2026-27,0c133121c3637cccea64e7dc70a58d499d53501a46c780f65d6f89cd020d52e9,2026-09-27T08:05:19.992073Z,official_previous_season_stats_unmatched,0.0,True,0.0,0.0,,,1.0,0.0,0.994,0.03333333333333333,0.050709459459459455,-0.009760360360360376
195,7,4,Ellis Simms,Simms,Coventry City,COV,Forward,4.9,4,1.3,0.5,104,0.6,a,,,,,49,0.8163265306122448,3,2.6,1,0,13,1,0,2,218997,,,,,,,2026-27,0c133121c3637cccea64e7dc70a58d499d53501a46c780f65d6f89cd020d52e9,2026-09-27T08:05:19.992073Z,official_previous_season_stats_unmatched,0.0,True,1.0,0.0,,,1.3,0.2311111111111111,0.994,0.014444444444444446,0.09900938438438439,-0.028706857878286474
634,17,4,Matias Fernandez-Pardo,Fernandez-Pardo,Newcastle,NEW,Forward,6.0,4,1.3,1.3,157,0.1,a,,,,,60,0.6666666666666666,5,2.87,2,0,16,0,2,3,613221,,,,,,,2026-27,0c133121c3637cccea64e7dc70a58d499d53501a46c780f65d6f89cd020d52e9,2026-09-27T08:05:19.992073Z,official_previous_season_stats_unmatched,0.0,False,1.0,0.0,,,1.3,0.3488888888888889,0.999,0.015944444444444445,0.14202439939939943,-0.02770780780780782
589,11,3,Lucas Gourna-Douath,Gourna-Douath,Hull City,HUL,Midfielder,5.0,4,1.3,1.0,138,0.0,a,,,,,50,0.8,17,11.09,1,0,18,5,5,7,469266,,,,,,,2026-27,0c133121c3637cccea64e7dc70a58d499d53501a46c780f65d6f89cd020d52e9,2026-09-27T08:05:19.992073Z,official_previous_season_stats_unmatched,0.0,True,1.0,0.0,,,1.3,0.30666666666666664,1.0,0.06161111111111111,0.12628265765765764,-0.022450450450450465
490,18,4,Chris Wood,Wood,Nott'm Forest,NFO,Forward,5.8,4,1.0,1.6666666666666667,62,0.9,a,,,,,58,0.6896551724137931,1,1.45,0,0,13,0,0,1,60689,2.0,,,,,,2026-27,0c133121c3637cccea64e7dc70a58d499d53501a46c780f65d6f89cd020d52e9,2026-09-27T08:05:19.992073Z,official_2025-26_stats,0.2631578947368421,False,1.0,0.0,,,1.0,0.13777777777777778,0.991,0.008055555555555555,0.0993460960960961,-0.01919940975458219
488,18,3,Ibrahim Sangaré,I.Sangaré,Nott'm Forest,NFO,Midfielder,4.9,4,1.3,1.6666666666666667,105,0.4,a,100.0,100.0,,2026-08-28T09:30:07.471668Z,49,0.8163265306122448,8,6.86,1,0,15,4,1,3,210462,,,,,,,2026-27,0c133121c3637cccea64e7dc70a58d499d53501a46c780f65d6f89cd020d52e9,2026-09-27T08:05:19.992073Z,official_2025-26_stats,0.5789473684210527,False,1.0,0.0,,,1.3,0.23333333333333334,0.996,0.03811111111111111,0.1278322072072072,-0.00998793895936756
642,11,3,Sorba Thomas,Thomas,Hull City,HUL,Midfielder,5.5,4,1.3,1.3,119,0.0,a,,,,,55,0.7272727272727273,8,6.05,1,0,13,0,1,7,243951,,,,,,,2026-27,0c133121c3637cccea64e7dc70a58d499d53501a46c780f65d6f89cd020d52e9,2026-09-27T08:05:19.992073Z,official_previous_season_stats_unmatched,0.0,True,1.0,0.0,,,1.3,0.2644444444444444,1.0,0.03361111111111111,0.12513551051051053,-0.023161343161343176
56,2,4,Tammy Abraham,Abraham,Aston Villa,AVL,Forward,5.5,4,1.0,0.0,71,0.2,a,100.0,100.0,,2026-08-15T16:00:07.558543Z,55,0.7272727272727273,2,2.54,0,0,13,0,1,1,173879,,,,,,,2026-27,0c133121c3637cccea64e7dc70a58d499d53501a46c780f65d6f89cd020d52e9,2026-09-27T08:05:19.992073Z,official_2025-26_stats,0.02631578947368421,False,1.0,0.0,,,1.0,0.15777777777777777,0.998,0.01411111111111111,0.06280555555555556,-0.04404242424242425
306,12,2,Jacob Greaves,Greaves,Ipswich Town,IPS,Defender,4.0,3,0.8,0.2,357,1.1,a,,,,,40,0.75,30,7.56,4,0,12,25,5,12,449429,,,,,,,2026-27,0c133121c3637cccea64e7dc70a58d499d53501a46c780f65d6f89cd020d52e9,2026-09-27T08:05:19.992073Z,official_previous_season_stats_unmatched,0.0,True,1.0,0.0,,,0.8,0.7933333333333333,0.989,0.041999999999999996,0.18853153153153154,-0.03815675675675677
343,13,3,Daniel James,James,Leeds,LEE,Midfielder,4.9,3,1.0,1.3333333333333333,52,0.1,a,,,,,49,0.6122448979591836,5,8.65,0,0,9,1,0,4,200617,,,,,,,2026-27,0c133121c3637cccea64e7dc70a58d499d53501a46c780f65d6f89cd020d52e9,2026-09-27T08:05:19.992073Z,official_2025-26_stats,0.07894736842105263,False,1.0,0.0,,,1.0,0.11555555555555555,0.999,0.04805555555555556,0.08679354354354354,-0.03133960286817432
108,4,4,Callum Wilson,Wilson,Brentford,BRE,Forward,5.4,3,1.0,2.6666666666666665,13,0.3,a,,,,,54,0.5555555555555555,2,13.85,0,0,9,1,0,1,75115,,,,,,,2026-27,0c133121c3637cccea64e7dc70a58d499d53501a46c780f65d6f89cd020d52e9,2026-09-27T08:05:19.992073Z,official_2025-26_stats,0.21052631578947367,False,1.0,0.0,,,1.0,0.028888888888888888,0.997,0.07694444444444444,0.10189264264264264,-0.013864164164164194
422,16,2,Noussair Mazraoui,Mazraoui,Man Utd,MUN,Defender,4.4,3,1.0,5.666666666666667,97,0.5,a,,,,,44,0.6818181818181818,6,5.57,1,0,6,4,2,3,230001,,,,,,,2026-27,0c133121c3637cccea64e7dc70a58d499d53501a46c780f65d6f89cd020d52e9,2026-09-27T08:05:19.992073Z,official_2025-26_stats,0.2631578947368421,False,1.0,0.0,,,1.0,0.21555555555555556,0.995,0.030944444444444445,0.21219894894894897,0.04466461916461914
568,6,3,Valentín Barco,Barco,Chelsea,CHE,Midfielder,5.4,3,1.0,0.8,115,0.1,a,,,,,54,0.5555555555555555,12,9.39,1,0,29,4,3,5,543158,,,,,,,2026-27,0c133121c3637cccea64e7dc70a58d499d53501a46c780f65d6f89cd020d52e9,2026-09-27T08:05:19.992073Z,official_previous_season_stats_unmatched,0.0,False,1.0,0.0,,,1.0,0.25555555555555554,0.999,0.05216666666666667,0.10182057057057056,-0.04433443443443445
520,19,3,Lucas Bergvall,Bergvall,Spurs,TOT,Midfielder,5.3,3,1.0,0.3333333333333333,78,0.1,a,,,,,53,0.5660377358490566,13,15.0,1,0,13,1,3,9,570526,,,,,,,2026-27,0c133121c3637cccea64e7dc70a58d499d53501a46c780f65d6f89cd020d52e9,2026-09-27T08:05:19.992073Z,official_2025-26_stats,0.23684210526315788,False,1.0,0.0,,,1.0,0.17333333333333334,0.999,0.08333333333333333,0.07402477477477479,-0.05109836817950027
149,6,2,Levi Samuels Colwill,Colwill,Chelsea,CHE,Defender,4.8,3,0.8,2.3333333333333335,341,0.9,a,,,,,48,0.625,26,6.86,4,0,17,23,3,15,460028,,,,,,,2026-27,0c133121c3637cccea64e7dc70a58d499d53501a46c780f65d6f89cd020d52e9,2026-09-27T08:05:19.992073Z,official_2025-26_stats,0.05263157894736842,False,1.0,0.0,,,0.8,0.7577777777777778,0.991,0.03811111111111111,0.2333123123123123,-0.013345495495495505
289,11,3,Matt Crooks,Crooks,Hull City,HUL,Midfielder,4.4,3,1.0,0.2,203,0.5,a,100.0,100.0,,2026-08-29T15:00:08.569326Z,44,0.6818181818181818,21,9.31,3,0,17,9,8,4,101282,,,,,,,2026-27,0c133121c3637cccea64e7dc70a58d499d53501a46c780f65d6f89cd020d52e9,2026-09-27T08:05:19.992073Z,official_previous_season_stats_unmatched,0.0,True,1.0,0.0,,,1.0,0.45111111111111113,0.995,0.051722222222222225,0.1263370870870871,-0.043984029484029505
34,2,2,Pau Torres,Pau,Aston Villa,AVL,Defender,4.5,3,1.0,1.6666666666666667,187,0.3,i,0.0,0.0,Hamstring injury - Expected back 10 Oct,2026-09-12T18:00:08.712707Z,45,0.6666666666666666,9,4.33,3,0,-4,8,1,9,244954,,,,,,,2026-27,0c133121c3637cccea64e7dc70a58d499d53501a46c780f65d6f89cd020d52e9,2026-09-27T08:05:19.992073Z,official_2025-26_stats,0.0,False,0.0,0.0,,,1.0,0.0,0.997,0.024055555555555556,0.07179054054054054,-0.021561861861861875
381,14,3,Lewis Koumas,Koumas,Liverpool,LIV,Midfielder,5.0,3,1.0,0.5,22,0.0,a,,,,,50,0.6,1,4.09,0,0,14,0,0,1,514514,,,,,,,2026-27,0c133121c3637cccea64e7dc70a58d499d53501a46c780f65d6f89cd020d52e9,2026-09-27T08:05:19.992073Z,official_previous_season_stats_unmatched,0.0,False,1.0,0.0,,,1.0,0.04888888888888889,1.0,0.02272222222222222,0.053189939939939944,-0.04589189189189191
253,10,2,Joachim Andersen,Andersen,Fulham,FUL,Defender,5.0,3,1.0,-0.6666666666666666,190,0.2,a,100.0,100.0,,2026-07-23T12:01:23.516350Z,50,0.6,20,9.47,2,0,12,18,2,9,174874,,,,,,,2026-27,0c133121c3637cccea64e7dc70a58d499d53501a46c780f65d6f89cd020d52e9,2026-09-27T08:05:19.992073Z,official_2025-26_stats,0.8157894736842105,False,1.0,0.0,,,1.0,0.4222222222222222,0.998,0.052611111111111115,0.09947822822822823,-0.06461081081081083
633,8,2,Honest Ahanor,Ahanor,Crystal Palace,CRY,Defender,4.5,3,3.0,1.0,90,0.0,a,,,,,45,0.6666666666666666,11,11.0,1,0,10,9,2,4,605972,,,,,,,2026-27,0c133121c3637cccea64e7dc70a58d499d53501a46c780f65d6f89cd020d52e9,2026-09-27T08:05:19.992073Z,official_previous_season_stats_unmatched,0.0,False,1.0,0.0,,,3.0,0.2,1.0,0.06111111111111111,0.15807432432432433,-0.032672672672672695
255,10,2,Jorge Cuenca Barreno,J.Cuenca,Fulham,FUL,Defender,4.5,3,3.0,0.0,90,0.0,a,,,,,45,0.6666666666666666,10,10.0,1,0,7,9,1,3,246301,,,,,,,2026-27,0c133121c3637cccea64e7dc70a58d499d53501a46c780f65d6f89cd020d52e9,2026-09-27T08:05:19.992073Z,official_2025-26_stats,0.2631578947368421,False,1.0,0.0,,,3.0,0.2,1.0,0.05555555555555555,0.13375,-0.048888888888888905
523,19,3,Mikey Moore,Moore,Spurs,TOT,Midfielder,5.0,3,1.5,0.2,89,0.1,u,0.0,0.0,Has joined FC Köln on loan for the rest of the season,2026-09-04T12:39:48.098158Z,50,0.6,3,3.03,1,0,11,0,1,2,499721,,,,,,,2026-27,0c133121c3637cccea64e7dc70a58d499d53501a46c780f65d6f89cd020d52e9,2026-09-27T08:05:19.992073Z,official_previous_season_stats_unmatched,0.0,False,0.0,0.0,,,1.5,0.0,0.999,0.016833333333333332,0.051739864864864864,-0.05065675675675677
142,6,2,Reece James,James,Chelsea,CHE,Defender,5.4,3,0.8,0.6666666666666666,292,5.8,d,75.0,75.0,Hamstring injury - 75% chance of playing,2026-09-18T10:30:09.719371Z,54,0.5555555555555555,13,4.01,3,0,24,11,2,15,225796,,,1.0,,1.0,,2026-27,0c133121c3637cccea64e7dc70a58d499d53501a46c780f65d6f89cd020d52e9,2026-09-27T08:05:19.992073Z,official_2025-26_stats,0.5,False,0.75,0.0,,,0.8,0.6488888888888888,0.942,0.02227777777777778,0.17099399399399398,-0.04079659659659662
262,10,3,Emile Smith Rowe,Smith Rowe,Fulham,FUL,Midfielder,5.3,3,1.0,2.0,38,0.2,a,,,,,53,0.5660377358490566,3,7.11,0,0,11,1,0,2,209289,,,,,,,2026-27,0c133121c3637cccea64e7dc70a58d499d53501a46c780f65d6f89cd020d52e9,2026-09-27T08:05:19.992073Z,official_2025-26_stats,0.5,False,1.0,0.0,,,1.0,0.08444444444444445,0.998,0.0395,0.09678753753753755,-0.023971341152473236
646,20,3,Malick Fofana,Fofana,Sunderland,SUN,Midfielder,5.5,3,1.0,1.0,60,0.0,a,,,,,55,0.5454545454545454,3,4.5,0,0,11,0,1,2,549940,,,,,,,2026-27,0c133121c3637cccea64e7dc70a58d499d53501a46c780f65d6f89cd020d52e9,2026-09-27T08:05:19.992073Z,official_previous_season_stats_unmatched,0.0,False,1.0,0.0,,,1.0,0.13333333333333333,1.0,0.025,0.082240990990991,-0.04196560196560199
269,10,2,Ryan Sessegnon,Sessegnon,Fulham,FUL,Defender,4.3,3,1.0,0.0,50,0.3,a,100.0,75.0,,2026-09-14T11:30:07.403957Z,43,0.6976744186046512,3,5.4,0,0,13,2,1,3,184349,,,,,3.0,,2026-27,0c133121c3637cccea64e7dc70a58d499d53501a46c780f65d6f89cd020d52e9,2026-09-27T08:05:19.992073Z,official_2025-26_stats,0.5263157894736842,False,1.0,0.0,,,1.0,0.1111111111111111,0.997,0.030000000000000002,0.05347222222222223,-0.04621162790697677
271,10,4,Rodrigo Muniz Carvalho,Muniz,Fulham,FUL,Forward,5.4,3,0.8,1.6666666666666667,38,0.4,a,,,,,54,0.5555555555555555,3,7.11,0,0,14,3,0,0,244042,,,,,,,2026-27,0c133121c3637cccea64e7dc70a58d499d53501a46c780f65d6f89cd020d52e9,2026-09-27T08:05:19.992073Z,official_2025-26_stats,0.23684210526315788,False,1.0,0.0,,,0.8,0.08444444444444445,0.996,0.0395,0.08242942942942943,-0.02998038038038041
635,10,3,Hugo Larsson,Larsson,Fulham,FUL,Midfielder,5.0,3,1.0,1.0,37,0.0,a,,,,,50,0.6,6,14.59,0,0,9,2,1,3,551050,,,,,,,2026-27,0c133121c3637cccea64e7dc70a58d499d53501a46c780f65d6f89cd020d52e9,2026-09-27T08:05:19.992073Z,official_previous_season_stats_unmatched,0.0,False,1.0,0.0,,,1.0,0.08222222222222222,1.0,0.08105555555555556,0.07201876876876877,-0.0377837837837838
498,19,2,Marcos Senesi Barón,Senesi,Spurs,TOT,Defender,5.8,3,3.0,4.666666666666667,90,3.5,a,,,,,58,0.5172413793103449,16,16.0,1,0,10,11,5,2,221466,,,,,,,2026-27,0c133121c3637cccea64e7dc70a58d499d53501a46c780f65d6f89cd020d52e9,2026-09-27T08:05:19.992073Z,official_2025-26_stats,0.9473684210526315,False,1.0,0.0,,,3.0,0.2,0.965,0.08888888888888889,0.24726351351351353,0.018830848089468777
323,12,3,Kasey McAteer,McAteer,Ipswich Town,IPS,Midfielder,4.4,3,1.0,0.5,42,1.0,a,,,,,44,0.6818181818181818,5,10.71,0,0,12,0,1,4,461587,,,,,,,2026-27,0c133121c3637cccea64e7dc70a58d499d53501a46c780f65d6f89cd020d52e9,2026-09-27T08:05:19.992073Z,official_previous_season_stats_unmatched,0.0,True,1.0,0.0,,,1.0,0.09333333333333334,0.99,0.059500000000000004,0.06207882882882883,-0.03861916461916464
160,2,3,Alejandro Garnacho Ferreyra,Garnacho,Aston Villa,AVL,Midfielder,5.8,3,1.0,0.3333333333333333,31,0.3,a,,,,,58,0.5172413793103449,2,5.81,0,0,9,0,0,2,493105,,,,,,,2026-27,0c133121c3637cccea64e7dc70a58d499d53501a46c780f65d6f89cd020d52e9,2026-09-27T08:05:19.992073Z,official_2025-26_stats,0.2631578947368421,False,1.0,0.0,,,1.0,0.06888888888888889,0.997,0.03227777777777777,0.053135885885885886,-0.054639422180801506
501,20,2,Kevin Danso,Danso,Sunderland,SUN,Defender,5.0,3,1.0,4.666666666666667,270,0.2,a,,,,,50,0.6,20,6.67,3,0,7,19,1,11,135720,,,,,,,2026-27,0c133121c3637cccea64e7dc70a58d499d53501a46c780f65d6f89cd020d52e9,2026-09-27T08:05:19.992073Z,official_2025-26_stats,0.39473684210526316,False,1.0,0.0,,,1.0,0.6,0.998,0.03705555555555556,0.2647635135135135,0.021875675675675665
478,18,2,Luca Netz,Netz,Nott'm Forest,NFO,Defender,4.4,3,1.0,1.3333333333333333,27,0.0,a,,,,,44,0.6818181818181818,1,3.33,0,0,8,0,1,1,470315,,,,,,,2026-27,0c133121c3637cccea64e7dc70a58d499d53501a46c780f65d6f89cd020d52e9,2026-09-27T08:05:19.992073Z,official_2025-26_stats,0.07894736842105263,False,1.0,0.0,,,1.0,0.06,1.0,0.0185,0.07568243243243243,-0.026105651105651134
74,3,3,David Brooks,Brooks,Bournemouth,BOU,Midfielder,5.0,3,0.8,0.6666666666666666,45,0.1,a,100.0,100.0,,2026-08-15T16:30:07.037929Z,50,0.6,5,10.0,0,0,8,2,0,3,111317,,,3.0,,4.0,,2026-27,0c133121c3637cccea64e7dc70a58d499d53501a46c780f65d6f89cd020d52e9,2026-09-27T08:05:19.992073Z,official_2025-26_stats,0.3157894736842105,False,1.0,0.0,,,0.8,0.1,0.999,0.05555555555555555,0.061216216216216215,-0.043089189189189206
584,7,3,Gustavo Hamer,Hamer,Coventry City,COV,Midfielder,5.4,3,1.0,0.5,32,0.1,a,,,,,54,0.5555555555555555,3,8.44,0,0,6,0,1,2,196100,,,,,4.0,,2026-27,0c133121c3637cccea64e7dc70a58d499d53501a46c780f65d6f89cd020d52e9,2026-09-27T08:05:19.992073Z,official_previous_season_stats_unmatched,0.0,True,1.0,0.0,,,1.0,0.07111111111111111,0.999,0.04688888888888888,0.05763438438438438,-0.049199299299299316
188,7,3,Victor Torp,Torp,Coventry City,COV,Midfielder,5.3,3,1.0,0.5,53,0.1,a,,,,,53,0.5660377358490566,3,5.09,0,0,13,1,0,2,226965,2.0,,2.0,,2.0,,2026-27,0c133121c3637cccea64e7dc70a58d499d53501a46c780f65d6f89cd020d52e9,2026-09-27T08:05:19.992073Z,official_previous_season_stats_unmatched,0.0,True,1.0,0.0,,,1.0,0.11777777777777777,0.999,0.028277777777777777,0.06696771771771771,-0.048395665476797564
559,17,3,Aladji Bamba,Bamba,Newcastle,NEW,Midfielder,4.9,3,1.0,0.5,27,0.1,a,,,,,49,0.6122448979591836,8,26.67,0,0,12,3,3,2,632794,,,,,,,2026-27,0c133121c3637cccea64e7dc70a58d499d53501a46c780f65d6f89cd020d52e9,2026-09-27T08:05:19.992073Z,official_previous_season_stats_unmatched,0.0,False,1.0,0.0,,,1.0,0.06,0.999,0.14816666666666667,0.05541216216216216,-0.04485311638168783
608,3,4,Daniel Jebbison,Jebbison,Bournemouth,BOU,Forward,5.0,3,1.0,0.5,31,0.1,a,,,,,50,0.6,1,2.9,0,0,13,0,0,1,523700,,,,,,,2026-27,0c133121c3637cccea64e7dc70a58d499d53501a46c780f65d6f89cd020d52e9,2026-09-27T08:05:19.992073Z,official_previous_season_stats_unmatched,0.0,False,1.0,0.0,,,1.0,0.06888888888888889,0.999,0.01611111111111111,0.05718993993993994,-0.04579189189189191
577,8,2,Takehiro Tomiyasu,Tomiyasu,Crystal Palace,CRY,Defender,4.4,3,0.8,0.5,189,0.3,d,75.0,,Calf injury - 75% chance of playing,2026-09-21T13:30:09.030724Z,44,0.6818181818181818,17,8.1,2,0,10,15,2,7,223723,,,,,,,2026-27,0c133121c3637cccea64e7dc70a58d499d53501a46c780f65d6f89cd020d52e9,2026-09-27T08:05:19.992073Z,official_previous_season_stats_unmatched,0.0,False,0.75,0.0,,,0.8,0.42,0.997,0.045,0.12116216216216216,-0.03931916461916465
515,19,3,James Maddison,Maddison,Spurs,TOT,Midfielder,6.3,3,1.0,1.0,59,0.4,a,100.0,100.0,,2026-08-25T14:30:07.623508Z,63,0.4761904761904762,11,16.78,0,0,18,3,4,4,172780,,,,,,,2026-27,0c133121c3637cccea64e7dc70a58d499d53501a46c780f65d6f89cd020d52e9,2026-09-27T08:05:19.992073Z,official_2025-26_stats,0.0,False,1.0,0.0,,,1.0,0.13111111111111112,0.996,0.09322222222222223,0.08179654654654656,-0.04687584727584729
492,7,4,Taiwo Awoniyi,Awoniyi,Coventry City,COV,Forward,5.4,3,0.8,1.0,232,0.4,s,0.0,0.0,Suspended until 19 Oct,2026-09-13T15:00:09.305127Z,54,0.5555555555555555,11,4.27,3,0,11,3,1,7,210156,5.0,,,,,,2026-27,0c133121c3637cccea64e7dc70a58d499d53501a46c780f65d6f89cd020d52e9,2026-09-27T08:05:19.992073Z,official_2025-26_stats,0.0,True,0.0,0.0,,,0.8,0.0,0.996,0.02372222222222222,0.04932432432432432,-0.04079119119119122
241,8,3,Dwight McNeil,McNeil,Crystal Palace,CRY,Midfielder,5.4,3,1.5,0.3333333333333333,84,0.1,a,,,,,54,0.5555555555555555,7,7.5,1,0,13,4,0,3,433154,,,,,,,2026-27,0c133121c3637cccea64e7dc70a58d499d53501a46c780f65d6f89cd020d52e9,2026-09-27T08:05:19.992073Z,official_2025-26_stats,0.3157894736842105,False,1.0,0.0,,,1.5,0.18666666666666668,0.999,0.041666666666666664,0.09231644144144144,-0.05190200200200202
600,5,3,Ibrahim Osman,Osman,Brighton,BHA,Midfielder,5.0,3,1.0,0.5,40,0.0,a,,,,,50,0.6,4,9.0,0,0,15,0,1,3,612855,,,,,,,2026-27,0c133121c3637cccea64e7dc70a58d499d53501a46c780f65d6f89cd020d52e9,2026-09-27T08:05:19.992073Z,official_previous_season_stats_unmatched,0.0,False,1.0,0.0,,,1.0,0.08888888888888889,1.0,0.05,0.061189939939939944,-0.04589189189189191
457,17,3,Jacob Murphy,J.Murphy,Newcastle,NEW,Midfielder,5.9,3,0.6,1.6666666666666667,181,0.1,a,,,,,59,0.5084745762711864,18,8.95,2,0,21,4,4,10,114243,,,,,4.0,,2026-27,0c133121c3637cccea64e7dc70a58d499d53501a46c780f65d6f89cd020d52e9,2026-09-27T08:05:19.992073Z,official_2025-26_stats,0.4473684210526316,False,1.0,0.0,,,0.6,0.4022222222222222,0.999,0.049722222222222216,0.139734984984985,-0.03388992212551535
375,14,3,Trey Nyoni,Nyoni,Liverpool,LIV,Midfielder,4.9,3,1.0,0.3333333333333333,38,0.0,a,,,,,49,0.6122448979591836,10,23.68,0,0,9,6,2,2,591386,,,,,,,2026-27,0c133121c3637cccea64e7dc70a58d499d53501a46c780f65d6f89cd020d52e9,2026-09-27T08:05:19.992073Z,official_2025-26_stats,0.0,False,1.0,0.0,,,1.0,0.08444444444444445,1.0,0.13155555555555556,0.056246996996997,-0.04765581908439054
631,2,3,Ibrahim Mbaye,Mbaye,Aston Villa,AVL,Midfielder,6.0,2,1.0,0.7,33,0.1,a,,,,,60,0.3333333333333333,2,5.45,0,0,8,0,1,1,638987,,,,,,,2026-27,0c133121c3637cccea64e7dc70a58d499d53501a46c780f65d6f89cd020d52e9,2026-09-27T08:05:19.992073Z,official_previous_season_stats_unmatched,0.0,False,1.0,0.0,,,1.0,0.07333333333333333,0.999,0.03027777777777778,0.0629436936936937,-0.0629930930930931
571,12,3,Florentino Ibrain Morris Luís,Florentino,Ipswich Town,IPS,Midfielder,4.8,2,1.0,4.0,30,0.1,a,100.0,100.0,,2026-08-25T11:30:07.678802Z,48,0.4166666666666667,2,6.0,0,0,9,1,1,0,216055,,,,,,,2026-27,0c133121c3637cccea64e7dc70a58d499d53501a46c780f65d6f89cd020d52e9,2026-09-27T08:05:19.992073Z,official_2025-26_stats,0.6052631578947368,True,1.0,0.0,,,1.0,0.06666666666666667,0.999,0.03333333333333333,0.14188063063063064,-0.003090690690690706
54,2,3,Joao Gomes,Gomes,Aston Villa,AVL,Midfielder,5.5,2,1.0,1.0,129,0.0,a,100.0,100.0,,2026-09-16T19:30:08.742410Z,55,0.36363636363636365,20,13.95,2,0,11,6,9,5,448089,,,,,,,2026-27,0c133121c3637cccea64e7dc70a58d499d53501a46c780f65d6f89cd020d52e9,2026-09-27T08:05:19.992073Z,official_previous_season_stats_unmatched,0.0,False,1.0,0.0,,,1.0,0.2866666666666667,1.0,0.0775,0.11290765765765767,-0.05590499590499592
25,1,4,Viktor Gyökeres,Gyökeres,Arsenal,ARS,Forward,7.1,2,1.0,1.3333333333333333,29,3.1,a,,,,,71,0.28169014084507044,1,3.1,0,0,7,0,0,1,224117,2.0,,,,,,2026-27,0c133121c3637cccea64e7dc70a58d499d53501a46c780f65d6f89cd020d52e9,2026-09-27T08:05:19.992073Z,official_2025-26_stats,0.5526315789473685,False,1.0,0.0,,,1.0,0.06444444444444444,0.969,0.017222222222222222,0.07657132132132133,-0.05368213424692298
300,12,1,Christian Walton,Walton,Ipswich Town,IPS,Goalkeeper,4.4,2,2.0,0.5,90,0.4,a,,,,,44,0.45454545454545453,0,0.0,1,0,10,2,0,17,108813,,,,,,,2026-27,0c133121c3637cccea64e7dc70a58d499d53501a46c780f65d6f89cd020d52e9,2026-09-27T08:05:19.992073Z,official_previous_season_stats_unmatched,0.0,True,1.0,0.0,,,2.0,0.2,0.996,0.0,0.11466216216216217,-0.056643407043407056
318,12,3,Jaden Philogene,Philogene,Ipswich Town,IPS,Midfielder,5.4,2,1.0,0.5,52,0.1,a,100.0,100.0,,2026-08-25T11:30:07.532993Z,54,0.37037037037037035,4,6.92,0,0,11,0,0,4,481624,3.0,,,,5.0,,2026-27,0c133121c3637cccea64e7dc70a58d499d53501a46c780f65d6f89cd020d52e9,2026-09-27T08:05:19.992073Z,official_previous_season_stats_unmatched,0.0,True,1.0,0.0,,,1.0,0.11555555555555555,0.999,0.03844444444444444,0.06652327327327327,-0.06339683016349684
548,20,3,Chris Rigg,Rigg,Sunderland,SUN,Midfielder,4.9,2,1.0,1.6666666666666667,17,0.0,a,,,,,49,0.4081632653061224,1,5.29,0,0,6,0,0,1,554197,,,,,,,2026-27,0c133121c3637cccea64e7dc70a58d499d53501a46c780f65d6f89cd020d52e9,2026-09-27T08:05:19.992073Z,official_2025-26_stats,0.18421052631578946,False,1.0,0.0,,,1.0,0.03777777777777778,1.0,0.029388888888888888,0.0793460960960961,-0.04168045596617027
637,11,4,Robinio Vaz,Vaz,Hull City,HUL,Forward,5.0,2,1.0,0.7,20,0.1,a,,,,,50,0.4,2,9.0,0,0,8,0,0,2,631000,,,,,,,2026-27,0c133121c3637cccea64e7dc70a58d499d53501a46c780f65d6f89cd020d52e9,2026-09-27T08:05:19.992073Z,official_previous_season_stats_unmatched,0.0,True,1.0,0.0,,,1.0,0.044444444444444446,0.999,0.05,0.05716591591591592,-0.05788198198198199
9,1,2,Piero Hincapié,Hincapie,Arsenal,ARS,Defender,5.2,2,1.0,1.0,32,0.9,a,,,,,52,0.3846153846153846,3,8.44,0,0,6,2,1,0,448104,,,,,,,2026-27,0c133121c3637cccea64e7dc70a58d499d53501a46c780f65d6f89cd020d52e9,2026-09-27T08:05:19.992073Z,official_2025-26_stats,0.4473684210526316,False,1.0,0.0,,,1.0,0.07111111111111111,0.991,0.04688888888888888,0.06979654654654655,-0.05339660429660432
339,13,3,Sean Longstaff,Longstaff,Leeds,LEE,Midfielder,4.9,2,1.0,0.6666666666666666,10,0.1,a,,,,,49,0.4081632653061224,0,0.0,0,0,7,0,0,0,180135,,,3.0,,3.0,,2026-27,0c133121c3637cccea64e7dc70a58d499d53501a46c780f65d6f89cd020d52e9,2026-09-27T08:05:19.992073Z,official_2025-26_stats,0.23684210526315788,False,1.0,0.0,,,1.0,0.022222222222222223,0.999,0.0,0.05191066066066066,-0.05779667218238648
527,19,4,Richarlison de Andrade,Richarlison,Spurs,TOT,Forward,5.9,2,2.0,3.6666666666666665,67,0.6,u,0.0,0.0,not included in squad.,2026-09-04T12:32:39.183614Z,59,0.3389830508474576,1,1.34,1,0,6,1,0,0,212319,,,,,,,2026-27,0c133121c3637cccea64e7dc70a58d499d53501a46c780f65d6f89cd020d52e9,2026-09-27T08:05:19.992073Z,official_2025-26_stats,0.0,False,0.0,0.0,,,2.0,0.0,0.994,0.0074444444444444445,0.15168918918918917,-0.0139518399755688
281,11,2,Cody Drameh,Drameh,Hull City,HUL,Defender,4.0,2,1.0,0.2,65,0.0,u,0.0,0.0,Has joined Genoa permanently,2026-09-02T16:09:06.479140Z,40,0.5,6,8.31,0,0,8,5,1,4,433590,,,,,,,2026-27,0c133121c3637cccea64e7dc70a58d499d53501a46c780f65d6f89cd020d52e9,2026-09-27T08:05:19.992073Z,official_previous_season_stats_unmatched,0.0,True,0.0,0.0,,,1.0,0.0,1.0,0.04616666666666667,0.036114864864864864,-0.05842342342342344
223,8,4,Jean-Philippe Mateta,Mateta,Crystal Palace,CRY,Forward,6.3,2,2.0,4.333333333333333,62,1.3,i,0.0,0.0,Hamstring injury - Expected back 11 Oct,2026-08-28T21:00:08.020382Z,63,0.31746031746031744,5,7.26,1,0,-3,1,2,2,231747,1.0,,,,,,2026-27,0c133121c3637cccea64e7dc70a58d499d53501a46c780f65d6f89cd020d52e9,2026-09-27T08:05:19.992073Z,official_2025-26_stats,0.0,False,0.0,0.0,,,2.0,0.0,0.987,0.04033333333333333,0.16790540540540538,-0.00409110539110541
248,9,4,Norberto Bercique Gomes Betuncal,Beto,Everton,EVE,Forward,5.4,2,1.0,3.6666666666666665,31,0.6,u,0.0,0.0,Has joined Fiorentina permanently,2026-09-02T16:05:23.357221Z,54,0.37037037037037035,1,2.9,0,0,5,1,0,0,486385,,,,,,,2026-27,0c133121c3637cccea64e7dc70a58d499d53501a46c780f65d6f89cd020d52e9,2026-09-27T08:05:19.992073Z,official_2025-26_stats,0.0,False,0.0,0.0,,,1.0,0.0,0.994,0.01611111111111111,0.12043918918918918,-0.011545478812145502
164,6,3,Geovany Quenda,Quenda,Chelsea,CHE,Midfielder,5.3,2,1.0,0.2,27,0.0,a,100.0,100.0,,2026-07-24T20:30:10.609931Z,53,0.37735849056603776,1,3.33,0,0,5,1,0,0,593117,,,,,,,2026-27,0c133121c3637cccea64e7dc70a58d499d53501a46c780f65d6f89cd020d52e9,2026-09-27T08:05:19.992073Z,official_previous_season_stats_unmatched,0.0,False,1.0,0.0,,,1.0,0.06,1.0,0.0185,0.04811486486486487,-0.06782593914669388
364,14,2,Kostas Tsimikas,Tsimikas,Liverpool,LIV,Defender,4.9,2,1.0,0.5,64,0.1,a,,,,,49,0.4081632653061224,3,4.22,1,0,6,2,1,3,214285,,,,,,,2026-27,0c133121c3637cccea64e7dc70a58d499d53501a46c780f65d6f89cd020d52e9,2026-09-27T08:05:19.992073Z,official_previous_season_stats_unmatched,0.0,False,1.0,0.0,,,1.0,0.14222222222222222,0.999,0.02344444444444444,0.07185660660660662,-0.060499374885089184
357,14,2,Jeremie Frimpong,Frimpong,Liverpool,LIV,Defender,5.3,2,0.7,1.0,178,1.8,a,,,,,53,0.37735849056603776,12,6.07,2,0,24,8,4,7,216094,,,,,,,2026-27,0c133121c3637cccea64e7dc70a58d499d53501a46c780f65d6f89cd020d52e9,2026-09-27T08:05:19.992073Z,official_2025-26_stats,0.2631578947368421,False,1.0,0.0,,,0.7,0.39555555555555555,0.982,0.03372222222222222,0.12531043543543544,-0.053052966173720906
240,11,3,Tim Iroegbunam,Iroegbunam,Hull City,HUL,Midfielder,5.0,2,0.7,2.3333333333333335,70,0.0,a,100.0,100.0,,2026-08-15T20:00:06.878792Z,50,0.4,9,11.57,0,0,10,1,3,5,490094,,,,,,,2026-27,0c133121c3637cccea64e7dc70a58d499d53501a46c780f65d6f89cd020d52e9,2026-09-27T08:05:19.992073Z,official_2025-26_stats,0.42105263157894735,True,1.0,0.0,,,0.7,0.15555555555555556,1.0,0.06427777777777778,0.10974286786786788,-0.031495495495495504
212,8,3,Will Hughes,Hughes,Crystal Palace,CRY,Midfielder,4.4,2,1.0,1.0,29,7.3,a,,,,,44,0.45454545454545453,7,21.72,0,0,9,3,1,3,108413,,,,,4.0,,2026-27,0c133121c3637cccea64e7dc70a58d499d53501a46c780f65d6f89cd020d52e9,2026-09-27T08:05:19.992073Z,official_2025-26_stats,0.34210526315789475,False,1.0,0.0,,,1.0,0.06444444444444444,0.927,0.12066666666666666,0.06846321321321322,-0.04163529893529895
232,9,2,Jake O'Brien,O'Brien,Everton,EVE,Defender,4.8,2,1.0,0.6666666666666666,16,0.3,a,,,,,48,0.4166666666666667,2,11.25,0,0,5,2,0,2,512462,,,,,,,2026-27,0c133121c3637cccea64e7dc70a58d499d53501a46c780f65d6f89cd020d52e9,2026-09-27T08:05:19.992073Z,official_2025-26_stats,0.9473684210526315,False,1.0,0.0,,,1.0,0.035555555555555556,0.997,0.0625,0.05457732732732733,-0.05694474474474476
207,8,2,Oscar Mingueza,Mingueza,Crystal Palace,CRY,Defender,4.4,2,1.0,0.5,16,0.1,a,,,,,44,0.45454545454545453,2,11.25,0,0,5,0,2,1,242313,,,,,,,2026-27,0c133121c3637cccea64e7dc70a58d499d53501a46c780f65d6f89cd020d52e9,2026-09-27T08:05:19.992073Z,official_previous_season_stats_unmatched,0.0,False,1.0,0.0,,,1.0,0.035555555555555556,0.999,0.0625,0.05052327327327327,-0.05694340704340705
595,8,3,Zavier Gozo,Gozo,Crystal Palace,CRY,Midfielder,4.9,2,1.0,0.5,28,0.0,a,,,,,49,0.4081632653061224,1,3.21,0,0,6,0,1,0,559152,,,,,,,2026-27,0c133121c3637cccea64e7dc70a58d499d53501a46c780f65d6f89cd020d52e9,2026-09-27T08:05:19.992073Z,official_previous_season_stats_unmatched,0.0,False,1.0,0.0,,,1.0,0.06222222222222222,1.0,0.017833333333333333,0.05585660660660661,-0.06059937488508919
101,6,3,Jordan Henderson,Henderson,Chelsea,CHE,Midfielder,4.9,2,2.0,0.3333333333333333,90,0.0,a,100.0,50.0,,2026-08-09T09:30:07.136250Z,49,0.4081632653061224,10,10.0,1,0,16,2,1,7,56979,,,,,,,2026-27,0c133121c3637cccea64e7dc70a58d499d53501a46c780f65d6f89cd020d52e9,2026-09-27T08:05:19.992073Z,official_2025-26_stats,0.5,False,1.0,0.0,,,2.0,0.2,1.0,0.05555555555555555,0.11060810810810812,-0.06330207758779188
42,8,3,Evann Guessand,Guessand,Crystal Palace,CRY,Midfielder,5.4,2,1.0,0.6666666666666666,54,0.0,a,,,,,54,0.37037037037037035,2,3.33,0,0,6,1,1,0,485337,,,,,,,2026-27,0c133121c3637cccea64e7dc70a58d499d53501a46c780f65d6f89cd020d52e9,2026-09-27T08:05:19.992073Z,official_2025-26_stats,0.18421052631578946,False,1.0,0.0,,,1.0,0.12,1.0,0.0185,0.07146621621621621,-0.06079412746079414
621,15,3,Ryan McAidoo,McAidoo,Man City,MCI,Midfielder,4.5,2,1.0,0.5,11,0.1,a,,,,,45,0.4444444444444444,4,32.73,0,0,8,0,2,2,616288,,,,,,,2026-27,0c133121c3637cccea64e7dc70a58d499d53501a46c780f65d6f89cd020d52e9,2026-09-27T08:05:19.992073Z,official_previous_season_stats_unmatched,0.0,False,1.0,0.0,,,1.0,0.024444444444444446,0.999,0.18183333333333332,0.04830105105105105,-0.05771781781781783
616,15,3,Ayyoub Bouaddi,Bouaddi,Man City,MCI,Midfielder,5.5,2,1.0,0.5,22,0.2,a,,,,,55,0.36363636363636365,6,24.55,0,0,8,3,0,3,637238,,,,,,,2026-27,0c133121c3637cccea64e7dc70a58d499d53501a46c780f65d6f89cd020d52e9,2026-09-27T08:05:19.992073Z,official_previous_season_stats_unmatched,0.0,False,1.0,0.0,,,1.0,0.04888888888888889,0.998,0.1363888888888889,0.053189939939939944,-0.06381310401310403
406,15,3,Mateo Kovačić,Kovačić,Man City,MCI,Midfielder,5.4,2,1.0,1.0,42,0.1,a,,,,,54,0.37037037037037035,2,4.29,0,0,12,0,0,2,91651,,,,,,,2026-27,0c133121c3637cccea64e7dc70a58d499d53501a46c780f65d6f89cd020d52e9,2026-09-27T08:05:19.992073Z,official_2025-26_stats,0.0,False,1.0,0.0,,,1.0,0.09333333333333334,0.999,0.023833333333333335,0.07424099099099099,-0.055288722055388734
140,6,1,Robert Lynch Sánchez,Sánchez,Chelsea,CHE,Goalkeeper,4.9,2,2.0,1.3333333333333333,90,0.7,u,0.0,0.0,Has joined Como on loan for the rest of the season,2026-09-02T16:20:41.841936Z,49,0.4081632653061224,0,0.0,1,0,6,1,0,5,215059,,,,,,,2026-27,0c133121c3637cccea64e7dc70a58d499d53501a46c780f65d6f89cd020d52e9,2026-09-27T08:05:19.992073Z,official_2025-26_stats,0.0,False,0.0,0.0,,,2.0,0.0,0.993,0.0,0.09493243243243243,-0.046385861371575667
126,5,3,Matt O'Riley,O'Riley,Brighton,BHA,Midfielder,5.4,2,1.0,0.0,10,0.1,a,,,,,54,0.37037037037037035,3,27.0,0,0,6,2,0,1,219249,3.0,,,,,,2026-27,0c133121c3637cccea64e7dc70a58d499d53501a46c780f65d6f89cd020d52e9,2026-09-27T08:05:19.992073Z,official_2025-26_stats,0.05263157894736842,False,1.0,0.0,,,1.0,0.022222222222222223,0.999,0.15,0.035694444444444445,-0.07150493827160495
420,16,2,Leny Yoro,Yoro,Man Utd,MUN,Defender,4.8,2,1.0,0.3333333333333333,22,0.5,a,,,,,48,0.4166666666666667,5,20.45,0,0,-1,3,2,1,550864,,,,,,,2026-27,0c133121c3637cccea64e7dc70a58d499d53501a46c780f65d6f89cd020d52e9,2026-09-27T08:05:19.992073Z,official_2025-26_stats,0.4473684210526316,False,1.0,0.0,,,1.0,0.04888888888888889,0.995,0.11361111111111111,0.04913588588588589,-0.06215015015015016
620,4,2,El Hadji Malick Diouf,Diouf,Brentford,BRE,Defender,4.5,2,1.0,2.6666666666666665,39,0.1,a,,,,,45,0.4444444444444444,2,4.62,0,0,7,2,0,1,613804,,,,,,,2026-27,0c133121c3637cccea64e7dc70a58d499d53501a46c780f65d6f89cd020d52e9,2026-09-27T08:05:19.992073Z,official_2025-26_stats,0.7894736842105263,False,1.0,0.0,,,1.0,0.08666666666666667,0.999,0.025666666666666667,0.1134481981981982,-0.022582682682682695
440,16,4,Joshua Zirkzee,Zirkzee,Man Utd,MUN,Forward,5.3,2,1.0,1.0,20,0.4,a,,,,,53,0.37735849056603776,4,18.0,0,0,8,2,0,2,458249,,,,,,,2026-27,0c133121c3637cccea64e7dc70a58d499d53501a46c780f65d6f89cd020d52e9,2026-09-27T08:05:19.992073Z,official_2025-26_stats,0.10526315789473684,False,1.0,0.0,,,1.0,0.044444444444444446,0.996,0.1,0.06446321321321322,-0.054452966173720904
446,17,2,Fabian Schär,Schär,Newcastle,NEW,Defender,4.9,2,1.0,0.0,25,0.2,a,100.0,100.0,,2026-08-15T16:30:07.209742Z,49,0.4081632653061224,7,25.2,0,0,0,7,0,0,119471,,,2.0,,,,2026-27,0c133121c3637cccea64e7dc70a58d499d53501a46c780f65d6f89cd020d52e9,2026-09-27T08:05:19.992073Z,official_2025-26_stats,0.2894736842105263,False,1.0,0.0,,,1.0,0.05555555555555555,0.998,0.13999999999999999,0.04236111111111111,-0.06850748299319728
16,1,3,Noni Madueke,Madueke,Arsenal,ARS,Midfielder,6.2,2,1.0,4.0,23,0.2,a,,,,,62,0.3225806451612903,3,11.74,0,0,11,0,1,2,248857,,,,,5.0,,2026-27,0c133121c3637cccea64e7dc70a58d499d53501a46c780f65d6f89cd020d52e9,2026-09-27T08:05:19.992073Z,official_2025-26_stats,0.2631578947368421,False,1.0,0.0,,,1.0,0.051111111111111114,0.998,0.06522222222222222,0.13876951951951952,-0.010203952339436231
81,3,4,Álvaro Rodríguez,Rodríguez,Bournemouth,BOU,Forward,6.0,2,1.0,0.5,10,0.1,a,100.0,100.0,,2026-08-15T16:30:07.054142Z,60,0.3333333333333333,1,9.0,0,0,7,0,0,1,561245,,,,,,,2026-27,0c133121c3637cccea64e7dc70a58d499d53501a46c780f65d6f89cd020d52e9,2026-09-27T08:05:19.992073Z,official_previous_season_stats_unmatched,0.0,False,1.0,0.0,,,1.0,0.022222222222222223,0.999,0.05,0.04785660660660661,-0.06623633633633635
76,3,3,Alex Tóth,Tóth.A,Bournemouth,BOU,Midfielder,4.9,2,1.0,0.6666666666666666,17,0.0,a,,,,,49,0.4081632653061224,2,10.59,0,0,8,0,1,1,614574,,,,,,,2026-27,0c133121c3637cccea64e7dc70a58d499d53501a46c780f65d6f89cd020d52e9,2026-09-27T08:05:19.992073Z,official_2025-26_stats,0.0,False,1.0,0.0,,,1.0,0.03777777777777778,1.0,0.058833333333333335,0.055021771771771776,-0.057896672182386484
20,1,3,Max Dowman,Dowman,Arsenal,ARS,Midfielder,5.3,1,1.0,1.0,9,0.1,a,,,,,53,0.18867924528301888,0,0.0,0,0,4,0,0,0,616077,,,,,,,2026-27,0c133121c3637cccea64e7dc70a58d499d53501a46c780f65d6f89cd020d52e9,2026-09-27T08:05:19.992073Z,official_2025-26_stats,0.02631578947368421,False,1.0,0.0,,,1.0,0.02,0.999,0.0,0.05957432432432433,-0.06921837497875234
321,12,4,Sindre Walle Egeli,Walle Egeli,Ipswich Town,IPS,Forward,4.5,1,1.0,0.0,10,3.5,a,,,,,45,0.2222222222222222,0,0.0,0,0,3,0,0,0,557012,,,,,,,2026-27,0c133121c3637cccea64e7dc70a58d499d53501a46c780f65d6f89cd020d52e9,2026-09-27T08:05:19.992073Z,official_previous_season_stats_unmatched,0.0,True,1.0,0.0,,,1.0,0.022222222222222223,0.965,0.0,0.035694444444444445,-0.07946296296296297
662,6,3,Mahdi Nicoll-Jazuli,Nicoll-Jazuli,Chelsea,CHE,Midfielder,4.5,1,1.0,1.0,3,0.0,a,,,,,45,0.2222222222222222,2,60.0,0,0,5,0,2,0,636846,,,,,,,2026-27,0c133121c3637cccea64e7dc70a58d499d53501a46c780f65d6f89cd020d52e9,2026-09-27T08:05:19.992073Z,official_previous_season_stats_unmatched,0.0,False,1.0,0.0,,,1.0,0.006666666666666667,1.0,0.3333333333333333,0.05690765765765766,-0.06674674674674676
622,15,2,Kaden Braithwaite,Braithwaite,Man City,MCI,Defender,4.0,1,1.0,0.2,1,0.2,a,,,,,40,0.25,0,0.0,0,0,3,0,0,1,554054,,,,,,,2026-27,0c133121c3637cccea64e7dc70a58d499d53501a46c780f65d6f89cd020d52e9,2026-09-27T08:05:19.992073Z,official_previous_season_stats_unmatched,0.0,False,1.0,0.0,,,1.0,0.0022222222222222222,0.998,0.0,0.036559309309309306,-0.0773900900900901
430,16,3,Mason Mount,Mount,Man Utd,MUN,Midfielder,5.4,1,1.0,3.3333333333333335,10,0.0,a,100.0,100.0,,2026-08-15T16:00:07.879135Z,54,0.18518518518518517,1,9.0,0,0,3,0,0,1,184341,,,4.0,,,,2026-27,0c133121c3637cccea64e7dc70a58d499d53501a46c780f65d6f89cd020d52e9,2026-09-27T08:05:19.992073Z,official_2025-26_stats,0.2631578947368421,False,1.0,0.0,,,1.0,0.022222222222222223,1.0,0.05,0.11677552552552553,-0.031748415081748416
135,5,3,Zadok Yohanna,Yohanna,Brighton,BHA,Midfielder,4.8,1,1.0,0.0,12,0.0,i,0.0,0.0,Unspecified injury - Expected back 10 Oct,2026-09-10T13:00:08.617941Z,48,0.20833333333333334,0,0.0,0,0,3,0,0,0,700308,,,,,,,2026-27,0c133121c3637cccea64e7dc70a58d499d53501a46c780f65d6f89cd020d52e9,2026-09-27T08:05:19.992073Z,official_previous_season_stats_unmatched,0.0,False,0.0,0.0,,,1.0,0.0,1.0,0.0,0.03125,-0.08402777777777778
213,8,3,Jefferson Lerma Solís,Lerma,Crystal Palace,CRY,Midfielder,4.8,1,0.5,2.3333333333333335,51,0.1,a,,,,,48,0.20833333333333334,12,21.18,0,0,6,7,2,3,152551,,,,,,,2026-27,0c133121c3637cccea64e7dc70a58d499d53501a46c780f65d6f89cd020d52e9,2026-09-27T08:05:19.992073Z,official_2025-26_stats,0.42105263157894735,False,1.0,0.0,,,0.5,0.11333333333333333,0.999,0.11766666666666667,0.09504842342342343,-0.04608993993993994
243,9,3,Carlos Alcaraz Durán,Alcaraz,Everton,EVE,Midfielder,4.9,1,0.5,0.6666666666666666,5,0.1,a,,,,,49,0.2040816326530612,3,54.0,0,0,5,0,1,2,502697,,,,,,,2026-27,0c133121c3637cccea64e7dc70a58d499d53501a46c780f65d6f89cd020d52e9,2026-09-27T08:05:19.992073Z,official_2025-26_stats,0.18421052631578946,False,1.0,0.0,,,0.5,0.011111111111111112,0.999,0.3,0.03406343843843844,-0.07344293068578783
421,16,2,Ayden Heaven,Heaven,Man Utd,MUN,Defender,4.4,1,1.0,0.0,90,0.3,a,,,,,44,0.22727272727272727,2,2.0,1,0,5,1,1,4,606745,,,,,,,2026-27,0c133121c3637cccea64e7dc70a58d499d53501a46c780f65d6f89cd020d52e9,2026-09-27T08:05:19.992073Z,official_2025-26_stats,0.2631578947368421,False,1.0,0.0,,,1.0,0.2,0.997,0.011111111111111112,0.07125000000000001,-0.08227575757575759
647,8,3,Darío Osorio,Osorio,Crystal Palace,CRY,Midfielder,5.5,1,1.0,0.3,1,0.0,a,,,,,55,0.18181818181818182,1,90.0,0,0,2,0,1,0,533646,,,,,,,2026-27,0c133121c3637cccea64e7dc70a58d499d53501a46c780f65d6f89cd020d52e9,2026-09-27T08:05:19.992073Z,official_previous_season_stats_unmatched,0.0,False,1.0,0.0,,,1.0,0.0022222222222222222,1.0,0.5,0.03899174174174174,-0.0811957411957412
159,6,3,Moisés Caicedo Corozo,Caicedo,Chelsea,CHE,Midfielder,5.3,1,1.0,1.6666666666666667,13,1.0,d,50.0,50.0,Calf injury - 50% chance of playing,2026-08-30T16:00:08.393562Z,53,0.18867924528301888,0,0.0,0,0,3,0,0,0,486672,,,,,,,2026-27,0c133121c3637cccea64e7dc70a58d499d53501a46c780f65d6f89cd020d52e9,2026-09-27T08:05:19.992073Z,official_2025-26_stats,0.5,False,0.5,0.0,,,1.0,0.028888888888888888,0.99,0.0,0.07756831831831831,-0.05750756416794153
245,9,3,Tyler Dibling,Dibling,Everton,EVE,Midfielder,5.4,1,1.0,0.0,24,0.0,a,,,,,54,0.18518518518518517,0,0.0,0,0,10,0,0,0,496661,,,,,,,2026-27,0c133121c3637cccea64e7dc70a58d499d53501a46c780f65d6f89cd020d52e9,2026-09-27T08:05:19.992073Z,official_2025-26_stats,0.05263157894736842,False,1.0,0.0,,,1.0,0.05333333333333334,1.0,0.0,0.04191666666666667,-0.08580246913580247
206,8,2,Chadi Riad Dnanou,Chadi Riad,Crystal Palace,CRY,Defender,4.3,1,1.0,1.6666666666666667,72,0.0,i,0.0,0.0,Knee injury - Unknown return date,2026-08-22T18:00:07.352049Z,43,0.23255813953488372,7,8.75,1,0,7,6,1,3,515621,,,,,,,2026-27,0c133121c3637cccea64e7dc70a58d499d53501a46c780f65d6f89cd020d52e9,2026-09-27T08:05:19.992073Z,official_2025-26_stats,0.0,False,0.0,0.0,,,1.0,0.0,1.0,0.04861111111111111,0.07179054054054054,-0.0551435156086319
435,16,3,Shea Lacey,Lacey,Man Utd,MUN,Midfielder,4.9,1,1.0,0.3333333333333333,10,0.1,a,,,,,49,0.2040816326530612,1,9.0,0,0,3,0,0,1,576628,,,,,,,2026-27,0c133121c3637cccea64e7dc70a58d499d53501a46c780f65d6f89cd020d52e9,2026-09-27T08:05:19.992073Z,official_2025-26_stats,0.0,False,1.0,0.0,,,1.0,0.022222222222222223,0.999,0.05,0.043802552552552554,-0.07884833609119324
89,4,2,Rico Henry,Henry,Brentford,BRE,Defender,4.4,1,1.0,0.0,2,0.2,a,,,,,44,0.22727272727272727,0,0.0,0,0,3,0,0,0,194010,,,,,,,2026-27,0c133121c3637cccea64e7dc70a58d499d53501a46c780f65d6f89cd020d52e9,2026-09-27T08:05:19.992073Z,official_2025-26_stats,0.34210526315789475,False,1.0,0.0,,,1.0,0.0044444444444444444,0.998,0.0,0.03213888888888889,-0.08237575757575757
641,13,2,Melvin Bard,Bard,Leeds,LEE,Defender,4.5,1,1.0,0.3,18,0.0,a,,,,,45,0.2222222222222222,2,10.0,0,0,1,1,1,2,437497,,,,,,,2026-27,0c133121c3637cccea64e7dc70a58d499d53501a46c780f65d6f89cd020d52e9,2026-09-27T08:05:19.992073Z,official_previous_season_stats_unmatched,0.0,False,1.0,0.0,,,1.0,0.04,1.0,0.05555555555555555,0.0465472972972973,-0.07809809809809812
400,15,3,Jérémy Doku,Doku,Man City,MCI,Midfielder,7.4,1,1.0,5.0,15,0.7,a,100.0,75.0,,2026-08-18T17:00:08.385597Z,74,0.13513513513513511,2,12.0,0,0,7,1,0,1,248875,3.0,,,,,,2026-27,0c133121c3637cccea64e7dc70a58d499d53501a46c780f65d6f89cd020d52e9,2026-09-27T08:05:19.992073Z,official_2025-26_stats,0.4473684210526316,False,1.0,0.0,,,1.0,0.03333333333333333,0.993,0.06666666666666667,0.15953828828828825,-0.007858558558558562
285,11,2,Paddy McNair,McNair,Hull City,HUL,Defender,4.0,1,1.0,0.0,26,0.1,a,100.0,100.0,,2026-09-09T13:30:08.327907Z,40,0.25,2,6.92,0,0,3,2,0,1,160817,,,,,,,2026-27,0c133121c3637cccea64e7dc70a58d499d53501a46c780f65d6f89cd020d52e9,2026-09-27T08:05:19.992073Z,official_previous_season_stats_unmatched,0.0,True,1.0,0.0,,,1.0,0.057777777777777775,0.999,0.03844444444444444,0.042805555555555555,-0.08073333333333334
396,15,2,Vitor de Oliveira Nunes dos Reis,Vitor Reis,Man City,MCI,Defender,4.5,1,1.0,0.2,1,0.0,a,,,,,45,0.2222222222222222,0,0.0,0,0,3,0,0,0,616222,,,,,,,2026-27,0c133121c3637cccea64e7dc70a58d499d53501a46c780f65d6f89cd020d52e9,2026-09-27T08:05:19.992073Z,official_previous_season_stats_unmatched,0.0,False,1.0,0.0,,,1.0,0.0022222222222222222,1.0,0.0,0.036559309309309306,-0.07971971971971972
5,1,2,Jurriën Timber,J.Timber,Arsenal,ARS,Defender,6.5,1,0.5,0.0,104,0.4,a,100.0,100.0,,2026-07-23T12:01:23.272929Z,65,0.15384615384615385,5,4.33,1,0,-3,2,3,7,445122,,,,,,,2026-27,0c133121c3637cccea64e7dc70a58d499d53501a46c780f65d6f89cd020d52e9,2026-09-27T08:05:19.992073Z,official_2025-26_stats,0.6578947368421053,False,1.0,0.0,,,0.5,0.2311111111111111,0.996,0.024055555555555556,0.06184722222222222,-0.08780512820512822
395,15,2,Rico Lewis,Lewis,Man City,MCI,Defender,4.4,1,1.0,0.0,56,0.2,a,,,,,44,0.22727272727272727,2,3.21,1,0,-1,2,0,0,477064,,,,,,,2026-27,0c133121c3637cccea64e7dc70a58d499d53501a46c780f65d6f89cd020d52e9,2026-09-27T08:05:19.992073Z,official_2025-26_stats,0.10526315789473684,False,1.0,0.0,,,1.0,0.12444444444444444,0.998,0.017833333333333333,0.05613888888888889,-0.08237575757575757
308,12,2,Darnell Furlong,Furlong,Ipswich Town,IPS,Defender,3.9,1,1.0,0.2,17,0.6,a,,,,,39,0.25641025641025644,3,15.88,0,0,-1,2,1,0,176420,,,,,,,2026-27,0c133121c3637cccea64e7dc70a58d499d53501a46c780f65d6f89cd020d52e9,2026-09-27T08:05:19.992073Z,official_previous_season_stats_unmatched,0.0,True,1.0,0.0,,,1.0,0.03777777777777778,0.994,0.08822222222222223,0.04367042042042042,-0.0764986370986371
482,18,3,Callum Hudson-Odoi,Hudson-Odoi,Nott'm Forest,NFO,Midfielder,5.8,1,1.0,0.0,1,0.1,a,100.0,100.0,,2026-07-23T12:01:23.832709Z,58,0.1724137931034483,0,0.0,0,0,2,0,0,0,209046,,,4.0,,,,2026-27,0c133121c3637cccea64e7dc70a58d499d53501a46c780f65d6f89cd020d52e9,2026-09-27T08:05:19.992073Z,official_2025-26_stats,0.4473684210526316,False,1.0,0.0,,,1.0,0.0022222222222222222,0.999,0.0,0.03169444444444444,-0.0866816091954023
208,8,3,Ismaïla Sarr,Sarr,Crystal Palace,CRY,Midfielder,6.2,1,1.0,5.333333333333333,8,0.6,a,100.0,100.0,,2026-08-22T18:00:07.363165Z,62,0.16129032258064516,0,0.0,0,0,3,0,0,0,232185,2.0,,,,,,2026-27,0c133121c3637cccea64e7dc70a58d499d53501a46c780f65d6f89cd020d52e9,2026-09-27T08:05:19.992073Z,official_2025-26_stats,0.5789473684210527,False,1.0,0.0,,,1.0,0.017777777777777778,0.994,0.0,0.16453528528528527,-0.000547922115664054
578,19,3,Mykhailo Mudryk,Mudryk,Spurs,TOT,Midfielder,5.3,1,1.0,0.2,16,0.0,i,0.0,0.0,Ankle injury - Unknown return date,2026-09-11T18:00:09.154412Z,53,0.18867924528301888,0,0.0,0,0,3,0,0,0,465920,,,,,,,2026-27,0c133121c3637cccea64e7dc70a58d499d53501a46c780f65d6f89cd020d52e9,2026-09-27T08:05:19.992073Z,official_previous_season_stats_unmatched,0.0,False,0.0,0.0,,,1.0,0.0,1.0,0.0,0.036114864864864864,-0.08229134795172532
599,7,4,Sidiki Cherif,Cherif,Coventry City,COV,Forward,5.0,1,1.0,0.2,30,0.1,a,,,,,50,0.2,1,3.0,0,0,3,1,0,0,627221,,,,,,,2026-27,0c133121c3637cccea64e7dc70a58d499d53501a46c780f65d6f89cd020d52e9,2026-09-27T08:05:19.992073Z,official_previous_season_stats_unmatched,0.0,True,1.0,0.0,,,1.0,0.06666666666666667,0.999,0.016666666666666666,0.0494481981981982,-0.08132342342342343
147,19,2,Tosin Adarabioyo,Tosin,Spurs,TOT,Defender,4.4,1,1.0,0.0,5,0.1,a,,,,,44,0.22727272727272727,4,72.0,0,0,5,2,2,1,109646,,,,,,,2026-27,0c133121c3637cccea64e7dc70a58d499d53501a46c780f65d6f89cd020d52e9,2026-09-27T08:05:19.992073Z,official_2025-26_stats,0.18421052631578946,False,1.0,0.0,,,1.0,0.011111111111111112,0.999,0.4,0.03347222222222222,-0.08247575757575758
153,8,2,Axel Disasi,Disasi,Crystal Palace,CRY,Defender,4.5,1,0.3,3.0,139,0.1,s,0.0,0.0,Suspended until 25 Oct,2026-09-12T15:30:09.445078Z,45,0.2222222222222222,20,12.95,2,0,-6,15,5,11,220362,,,,,,,2026-27,0c133121c3637cccea64e7dc70a58d499d53501a46c780f65d6f89cd020d52e9,2026-09-27T08:05:19.992073Z,official_2025-26_stats,0.0,False,0.0,0.0,,,0.3,0.0,0.999,0.07194444444444444,0.08234797297297296,-0.03421431431431432
648,13,3,Jean-Mattéo Bahoya,Bahoya,Leeds,LEE,Midfielder,5.0,1,1.0,0.3,1,0.0,a,,,,,50,0.2,0,0.0,0,0,5,0,0,0,587982,,,,,,,2026-27,0c133121c3637cccea64e7dc70a58d499d53501a46c780f65d6f89cd020d52e9,2026-09-27T08:05:19.992073Z,official_previous_season_stats_unmatched,0.0,False,1.0,0.0,,,1.0,0.0022222222222222222,1.0,0.0,0.03899174174174174,-0.07980180180180181
493,18,4,Arnaud Kalimuendo,Kalimuendo,Nott'm Forest,NFO,Forward,5.4,1,1.0,0.0,1,0.1,a,,,,,54,0.18518518518518517,0,0.0,0,0,3,0,0,0,465680,,,,,,,2026-27,0c133121c3637cccea64e7dc70a58d499d53501a46c780f65d6f89cd020d52e9,2026-09-27T08:05:19.992073Z,official_2025-26_stats,0.0,False,1.0,0.0,,,1.0,0.0022222222222222222,0.999,0.0,0.03169444444444444,-0.08570246913580248
487,18,3,Nicolás Domínguez,Dominguez,Nott'm Forest,NFO,Midfielder,4.9,1,1.0,1.3333333333333333,1,0.1,a,,,,,49,0.2040816326530612,0,0.0,0,0,3,0,0,0,250199,,,,,,,2026-27,0c133121c3637cccea64e7dc70a58d499d53501a46c780f65d6f89cd020d52e9,2026-09-27T08:05:19.992073Z,official_2025-26_stats,0.21052631578947367,False,1.0,0.0,,,1.0,0.0022222222222222222,0.999,0.0,0.06412687687687688,-0.06263211987497702
185,7,3,Tatsuhiro Sakamoto,Sakamoto,Coventry City,COV,Midfielder,4.8,1,1.0,0.2,31,0.1,a,,,,,48,0.20833333333333334,4,11.61,0,0,8,0,2,2,501459,,,,,,,2026-27,0c133121c3637cccea64e7dc70a58d499d53501a46c780f65d6f89cd020d52e9,2026-09-27T08:05:19.992073Z,official_previous_season_stats_unmatched,0.0,True,1.0,0.0,,,1.0,0.06888888888888889,0.999,0.0645,0.04989264264264264,-0.08068453453453453
535,20,2,Omar Alderete,Alderete,Sunderland,SUN,Defender,4.8,1,1.0,3.0,23,0.2,a,100.0,100.0,,2026-08-09T08:30:05.962393Z,48,0.20833333333333334,0,0.0,0,0,2,0,0,2,201895,,,,,,,2026-27,0c133121c3637cccea64e7dc70a58d499d53501a46c780f65d6f89cd020d52e9,2026-09-27T08:05:19.992073Z,official_2025-26_stats,0.8157894736842105,False,1.0,0.0,,,1.0,0.051111111111111114,0.998,0.0,0.11444519519519519,-0.03517912912912913
549,20,3,Chemsdine Talbi,Talbi,Sunderland,SUN,Midfielder,5.3,1,1.0,1.3333333333333333,31,0.1,a,,,,,53,0.18867924528301888,2,5.81,0,0,1,0,0,2,549912,,,,,,,2026-27,0c133121c3637cccea64e7dc70a58d499d53501a46c780f65d6f89cd020d52e9,2026-09-27T08:05:19.992073Z,official_2025-26_stats,0.42105263157894735,False,1.0,0.0,,,1.0,0.06888888888888889,0.999,0.03227777777777777,0.07746021021021021,-0.06381296957334694
340,11,3,Joe Gelhardt,Gelhardt,Hull City,HUL,Midfielder,5.0,1,1.0,0.2,7,0.0,a,100.0,100.0,,2026-08-17T21:30:07.799839Z,50,0.2,1,12.86,0,0,5,0,0,1,462635,,,,,,,2026-27,0c133121c3637cccea64e7dc70a58d499d53501a46c780f65d6f89cd020d52e9,2026-09-27T08:05:19.992073Z,official_previous_season_stats_unmatched,0.0,True,1.0,0.0,,,1.0,0.015555555555555555,1.0,0.07144444444444444,0.03922597597597598,-0.08142342342342343
556,11,2,Matt Targett,Targett,Hull City,HUL,Defender,4.0,1,1.0,0.0,5,1.6,d,75.0,75.0,Ankle injury - 75% chance of playing,2026-09-17T14:00:26.419938Z,40,0.25,0,0.0,0,0,3,0,0,1,169359,,,,,,,2026-27,0c133121c3637cccea64e7dc70a58d499d53501a46c780f65d6f89cd020d52e9,2026-09-27T08:05:19.992073Z,official_previous_season_stats_unmatched,0.0,True,0.75,0.0,,,1.0,0.011111111111111112,0.984,0.0,0.03347222222222222,-0.07923333333333334
563,11,3,Hidemasa Morita,Morita,Hull City,HUL,Midfielder,5.0,1,1.0,0.2,45,0.0,i,0.0,0.0,Calf injury - Expected back 11 Oct,2026-09-09T14:00:08.474217Z,50,0.2,3,6.0,1,0,6,2,0,1,445028,,,,,,,2026-27,0c133121c3637cccea64e7dc70a58d499d53501a46c780f65d6f89cd020d52e9,2026-09-27T08:05:19.992073Z,official_previous_season_stats_unmatched,0.0,True,0.0,0.0,,,1.0,0.0,1.0,0.03333333333333333,0.036114864864864864,-0.08142342342342343
574,11,3,Jens Hjertø-Dahl,Hjertø-Dahl,Hull City,HUL,Midfielder,4.9,1,1.0,0.2,8,0.1,a,,,,,49,0.2040816326530612,1,11.25,0,0,4,0,0,1,552946,,,,,,,2026-27,0c133121c3637cccea64e7dc70a58d499d53501a46c780f65d6f89cd020d52e9,2026-09-27T08:05:19.992073Z,official_previous_season_stats_unmatched,0.0,True,1.0,0.0,,,1.0,0.017777777777777778,0.999,0.0625,0.03967042042042042,-0.0810104982533554
179,7,2,Joel Latibeaudiere,Latibeaudiere,Coventry City,COV,Defender,4.0,1,1.0,0.2,1,0.0,a,,,,,40,0.25,2,180.0,0,0,3,2,0,0,204813,,,,,,,2026-27,0c133121c3637cccea64e7dc70a58d499d53501a46c780f65d6f89cd020d52e9,2026-09-27T08:05:19.992073Z,official_previous_season_stats_unmatched,0.0,True,1.0,0.0,,,1.0,0.0022222222222222222,1.0,1.0,0.036559309309309306,-0.0775900900900901
638,11,2,Brooke Norton-Cuffy,Norton-Cuffy,Hull City,HUL,Defender,4.0,1,0.5,0.3,34,0.2,d,75.0,,Hamstring injury - 75% chance of playing,2026-09-21T08:30:09.561308Z,40,0.25,1,2.65,0,0,3,1,0,4,496181,,,,,,,2026-27,0c133121c3637cccea64e7dc70a58d499d53501a46c780f65d6f89cd020d52e9,2026-09-27T08:05:19.992073Z,official_previous_season_stats_unmatched,0.0,True,0.75,0.0,,,0.5,0.07555555555555556,0.998,0.014722222222222222,0.03803340840840841,-0.07576846846846848
35,2,3,Lamare Bogarde,Bogarde,Aston Villa,AVL,Midfielder,4.9,1,1.0,1.0,16,0.1,a,,,,,49,0.2040816326530612,1,5.62,0,0,3,1,0,0,515597,,,,,,,2026-27,0c133121c3637cccea64e7dc70a58d499d53501a46c780f65d6f89cd020d52e9,2026-09-27T08:05:19.992073Z,official_2025-26_stats,0.2631578947368421,False,1.0,0.0,,,1.0,0.035555555555555556,0.999,0.031222222222222224,0.06268543543543544,-0.06803752528038243
547,20,3,Romaine Mundle,Mundle,Sunderland,SUN,Midfielder,4.9,1,1.0,0.0,1,0.0,i,0.0,0.0,Knee injury - Unknown return date,2026-09-09T14:00:08.462705Z,49,0.2040816326530612,1,90.0,0,0,2,1,0,0,461199,,,,,,,2026-27,0c133121c3637cccea64e7dc70a58d499d53501a46c780f65d6f89cd020d52e9,2026-09-27T08:05:19.992073Z,official_2025-26_stats,0.0,False,0.0,0.0,,,1.0,0.0,1.0,0.5,0.03125,-0.08435374149659865
29,2,1,Marco Bizot,M.Bizot,Aston Villa,AVL,Goalkeeper,4.5,1,1.0,0.6666666666666666,90,0.1,i,0.0,0.0,Back injury - Expected back 10 Oct,2026-09-17T07:30:09.058151Z,45,0.2222222222222222,0,0.0,1,0,1,2,0,6,72147,,,,,,,2026-27,0c133121c3637cccea64e7dc70a58d499d53501a46c780f65d6f89cd020d52e9,2026-09-27T08:05:19.992073Z,official_2025-26_stats,0.0,False,0.0,0.0,,,1.0,0.0,0.999,0.0,0.04746621621621622,-0.07205215215215216
594,5,4,Promise David,David,Brighton,BHA,Forward,5.9,1,0.5,0.2,23,0.2,a,,,,,59,0.1694915254237288,0,0.0,0,0,-4,0,0,0,538007,2.0,,,,,,2026-27,0c133121c3637cccea64e7dc70a58d499d53501a46c780f65d6f89cd020d52e9,2026-09-27T08:05:19.992073Z,official_previous_season_stats_unmatched,0.0,False,1.0,0.0,,,0.5,0.051111111111111114,0.998,0.0,0.030712087087087087,-0.08356240647427088
539,20,2,Luke O'Nien,O'Nien,Sunderland,SUN,Defender,3.9,1,1.0,3.3333333333333335,66,2.5,a,,,,,39,0.25641025641025644,5,6.82,1,0,1,4,1,4,167512,,,,,,,2026-27,0c133121c3637cccea64e7dc70a58d499d53501a46c780f65d6f89cd020d52e9,2026-09-27T08:05:19.992073Z,official_2025-26_stats,0.15789473684210525,False,1.0,0.0,,,1.0,0.14666666666666667,0.975,0.03788888888888889,0.1416644144144144,-0.02378782628782629
120,5,2,Michael Svoboda,Svoboda,Brighton,BHA,Defender,5.0,1,1.0,0.2,4,0.1,a,,,,,50,0.2,1,22.5,0,0,5,0,1,1,454490,,,,,,,2026-27,0c133121c3637cccea64e7dc70a58d499d53501a46c780f65d6f89cd020d52e9,2026-09-27T08:05:19.992073Z,official_previous_season_stats_unmatched,0.0,False,1.0,0.0,,,1.0,0.008888888888888889,0.999,0.125,0.037892642642642645,-0.08132342342342343
217,8,3,Matheus França de Oliveira,M.França,Crystal Palace,CRY,Midfielder,4.9,0,3.52,3.52,0,0.0,u,0.0,0.0,Has joined Alverca on loan for the rest of the season,2026-09-11T14:42:19.322912Z,49,0.7183673469387755,0,0.0,0,0,0,0,0,0,536694,,,,,,,2026-27,0c133121c3637cccea64e7dc70a58d499d53501a46c780f65d6f89cd020d52e9,2026-09-27T08:05:19.992073Z,new_player_position_prior,0.0,False,0.0,0.0,,,3.52,0.0,1.0,0.0,0.1956216216216216,0.012155911013053855
216,8,3,Romain Esse,Esse,Crystal Palace,CRY,Midfielder,5.0,0,1.0,0.0,0,0.0,u,0.0,0.0,Has joined Millwall on loan for the rest of the season,2026-09-02T15:41:07.376544Z,50,0.2,0,0.0,0,0,0,0,0,0,606921,,,,,,,2026-27,0c133121c3637cccea64e7dc70a58d499d53501a46c780f65d6f89cd020d52e9,2026-09-27T08:05:19.992073Z,official_2025-26_stats,0.0,False,0.0,0.0,,,1.0,0.0,1.0,0.0,0.03125,-0.08466666666666667
215,8,3,Justin Devenny,Devenny,Crystal Palace,CRY,Midfielder,5.0,0,1.7142857142857142,0.6666666666666666,0,0.0,u,0.0,0.0,Has joined Stoke City permanently,2026-09-02T15:41:07.346849Z,50,0.34285714285714286,0,0.0,0,0,0,0,0,0,489706,3.0,,2.0,,,,2026-27,0c133121c3637cccea64e7dc70a58d499d53501a46c780f65d6f89cd020d52e9,2026-09-27T08:05:19.992073Z,official_2025-26_stats,0.0,False,0.0,0.0,,,1.7142857142857142,0.0,1.0,0.0,0.06978764478764478,-0.06290347490347492
205,8,2,Borna Sosa,Sosa,Crystal Palace,CRY,Defender,4.5,0,0.8571428571428571,0.0,0,0.0,u,0.0,0.0,Has joined FC Cologne on loan for the rest of the season,2026-09-02T16:03:25.710518Z,45,0.19047619047619047,0,0.0,0,0,0,0,0,0,218364,,,,,,,2026-27,0c133121c3637cccea64e7dc70a58d499d53501a46c780f65d6f89cd020d52e9,2026-09-27T08:05:19.992073Z,official_2025-26_stats,0.0,False,0.0,0.0,,,0.8571428571428571,0.0,1.0,0.0,0.026785714285714284,-0.08539682539682542
655,7,3,Yann Gboho,Gboho,Coventry City,COV,Midfielder,5.5,0,3.4999999999999996,3.4999999999999996,0,0.0,a,,,,,55,0.6363636363636362,0,0.0,0,0,0,0,0,0,242893,,,,,,,2026-27,0c133121c3637cccea64e7dc70a58d499d53501a46c780f65d6f89cd020d52e9,2026-09-27T08:05:19.992073Z,new_player_position_prior,0.4825,True,1.0,0.0,,,3.4999999999999996,0.4825,1.0,0.0,0.2910101351351351,0.0055446355446355094
322,12,4,Ali Al-Hamadi,Al-Hamadi,Ipswich Town,IPS,Forward,5.0,0,3.559486832980505,3.559486832980505,0,0.1,u,0.0,0.0,Has joined Sheffield Wednesday on loan for the rest of the season,2026-08-27T14:54:10.215357Z,50,0.711897366596101,0,0.0,0,0,0,0,0,0,462387,,,,,,,2026-27,0c133121c3637cccea64e7dc70a58d499d53501a46c780f65d6f89cd020d52e9,2026-09-27T08:05:19.992073Z,new_player_position_prior,0.0,True,0.0,0.0,,,3.559486832980505,0.0,0.999,0.0,0.19781607568422063,0.012400206208087627
319,12,3,Sam Szmodics,Szmodics,Ipswich Town,IPS,Midfielder,5.0,0,3.3499999999999996,3.3499999999999996,0,0.0,u,0.0,0.0,Has joined Derby County on loan for the rest of the season,2026-08-17T13:51:41.713979Z,50,0.6699999999999999,0,0.0,0,0,0,0,0,0,172453,,,,,,,2026-27,0c133121c3637cccea64e7dc70a58d499d53501a46c780f65d6f89cd020d52e9,2026-09-27T08:05:19.992073Z,new_player_position_prior,0.0,True,0.0,0.0,,,3.3499999999999996,0.0,1.0,0.0,0.18617398648648648,0.005690990990990963
317,12,4,George Hirst,Hirst,Ipswich Town,IPS,Forward,5.0,0,3.559486832980505,3.559486832980505,0,0.1,u,0.0,0.0,Has joined Stoke City permanently,2026-08-21T13:06:08.606019Z,50,0.711897366596101,0,0.0,0,0,0,0,0,0,222625,,,,,,,2026-27,0c133121c3637cccea64e7dc70a58d499d53501a46c780f65d6f89cd020d52e9,2026-09-27T08:05:19.992073Z,new_player_position_prior,0.0,True,0.0,0.0,,,3.559486832980505,0.0,0.999,0.0,0.19781607568422063,0.012400206208087627
314,12,3,Chiedozie Ogbene,Ogbene,Ipswich Town,IPS,Midfielder,4.9,0,3.32,3.32,0,0.0,u,0.0,0.0,Has joined Lincoln City on loan until January,2026-09-02T16:04:17.497385Z,49,0.6775510204081632,0,0.0,0,0,0,0,0,0,229164,,,,,,,2026-27,0c133121c3637cccea64e7dc70a58d499d53501a46c780f65d6f89cd020d52e9,2026-09-27T08:05:19.992073Z,new_player_position_prior,0.0,True,0.0,0.0,,,3.32,0.0,1.0,0.0,0.18450675675675673,0.005783416069130326
312,12,3,Jack Taylor,Taylor,Ipswich Town,IPS,Midfielder,4.4,0,3.1999999999999997,3.1999999999999997,0,0.0,i,0.0,0.0,Knee injury - Unknown return date,2026-07-29T18:00:10.319370Z,44,0.7272727272727272,0,0.0,0,0,0,0,0,0,231899,,,,,,,2026-27,0c133121c3637cccea64e7dc70a58d499d53501a46c780f65d6f89cd020d52e9,2026-09-27T08:05:19.992073Z,new_player_position_prior,0.0,True,0.0,0.0,,,3.1999999999999997,0.0,1.0,0.0,0.1778378378378378,0.007649467649467612
197,7,4,Norman Bassette,Bassette,Coventry City,COV,Forward,4.5,0,3.4,3.4,0,0.0,u,0.0,0.0,Has joined KVC Westerlo on loan for the rest of the season,2026-07-28T12:58:50.001768Z,45,0.7555555555555555,0,0.0,0,0,0,0,0,0,549653,,,,,,,2026-27,0c133121c3637cccea64e7dc70a58d499d53501a46c780f65d6f89cd020d52e9,2026-09-27T08:05:19.992073Z,new_player_position_prior,0.0,True,0.0,0.0,,,3.4,0.0,1.0,0.0,0.1889527027027027,0.01306106106106103
196,7,4,Jahnoah Markelo,Markelo,Coventry City,COV,Forward,5.0,0,3.55,3.55,0,0.0,u,0.0,0.0,Has joined Shabab Al-Ahli Dubai permanently,2026-08-17T13:53:55.791223Z,50,0.71,0,0.0,0,0,0,0,0,0,551262,,,,,,,2026-27,0c133121c3637cccea64e7dc70a58d499d53501a46c780f65d6f89cd020d52e9,2026-09-27T08:05:19.992073Z,new_player_position_prior,0.0,True,0.0,0.0,,,3.55,0.0,1.0,0.0,0.19728885135135132,0.012000900900900863
193,7,4,Haji Wright,Wright,Coventry City,COV,Forward,5.4,0,3.6794868329805053,3.6794868329805053,0,0.1,i,0.0,0.0,Thigh injury - Unknown return date,2026-08-14T22:00:07.214508Z,54,0.6813864505519454,0,0.0,0,0,0,0,0,0,176412,1.0,,,,,,2026-27,0c133121c3637cccea64e7dc70a58d499d53501a46c780f65d6f89cd020d52e9,2026-09-27T08:05:19.992073Z,new_player_position_prior,0.0,True,0.0,0.0,,,3.6794868329805053,0.0,0.999,0.0,0.20448499460313957,0.012006981923981641
192,7,3,Kai Andrews,Andrews,Coventry City,COV,Midfielder,4.5,0,3.2164316767251546,3.2164316767251546,0,0.3,u,0.0,0.0,Has joined Oxford United on loan for the rest of the season,2026-08-29T00:35:59.998520Z,45,0.7147625948278121,0,0.0,0,0,0,0,0,0,629397,,,,,,,2026-27,0c133121c3637cccea64e7dc70a58d499d53501a46c780f65d6f89cd020d52e9,2026-09-27T08:05:19.992073Z,new_player_position_prior,0.0,True,0.0,0.0,,,3.2164316767251546,0.0,0.997,0.0,0.17875101716935404,0.007256817117927528
191,7,3,Raphael Borges Rodrigues,Borges Rodrigues,Coventry City,COV,Midfielder,4.5,0,3.209486832980505,3.209486832980505,0,0.1,u,0.0,0.0,Has joined Burton Albion on loan for the rest of the season,2026-09-02T15:44:14.868001Z,45,0.71321929621789,0,0.0,0,0,0,0,0,0,492498,,,,,,,2026-27,0c133121c3637cccea64e7dc70a58d499d53501a46c780f65d6f89cd020d52e9,2026-09-27T08:05:19.992073Z,new_player_position_prior,0.0,True,0.0,0.0,,,3.209486832980505,0.0,0.999,0.0,0.17836506217070713,0.006825878470082453
189,7,3,George Shepherd,Shepherd,Coventry City,COV,Midfielder,4.4,0,3.2164316767251546,3.2164316767251546,0,0.3,a,,,,,44,0.7310071992557169,0,0.0,0,0,0,0,0,0,684268,,,,,,,2026-27,0c133121c3637cccea64e7dc70a58d499d53501a46c780f65d6f89cd020d52e9,2026-09-27T08:05:19.992073Z,new_player_position_prior,0.43369306393762913,True,1.0,0.0,,,3.2164316767251546,0.43369306393762913,0.997,0.0,0.26548962995687986,0.008502236790733572
187,7,3,Josh Eccles,Eccles,Coventry City,COV,Midfielder,4.8,0,3.2899999999999996,3.2899999999999996,0,0.0,i,0.0,0.0,Unspecified injury - Expected back 12 Oct,2026-09-10T18:30:08.877110Z,48,0.6854166666666666,0,0.0,0,0,0,0,0,0,439668,,,,,,,2026-27,0c133121c3637cccea64e7dc70a58d499d53501a46c780f65d6f89cd020d52e9,2026-09-27T08:05:19.992073Z,new_player_position_prior,0.0,True,0.0,0.0,,,3.2899999999999996,0.0,1.0,0.0,0.182839527027027,0.005899962462462438
326,13,1,Lucas Estella Perri,Perri,Leeds,LEE,Goalkeeper,4.5,0,2.6875,0.0,0,0.3,u,0.0,0.0,Has joined Torino on loan for the rest of the season,2026-09-01T13:12:39.210133Z,45,0.5972222222222222,0,0.0,0,0,0,0,0,0,201595,,,,,,,2026-27,0c133121c3637cccea64e7dc70a58d499d53501a46c780f65d6f89cd020d52e9,2026-09-27T08:05:19.992073Z,official_2025-26_stats,0.0,False,0.0,0.0,,,2.6875,0.0,0.997,0.0,0.083984375,-0.05391296296296298
602,12,3,Cameron Humphreys,Humphreys,Ipswich Town,IPS,Midfielder,4.5,0,3.1999999999999997,3.1999999999999997,0,0.0,u,0.0,0.0,Has joined Huddersfield Town on loan for the rest of the season,2026-09-02T16:04:17.524642Z,45,0.711111111111111,0,0.0,0,0,0,0,0,0,524180,,,,,,,2026-27,0c133121c3637cccea64e7dc70a58d499d53501a46c780f65d6f89cd020d52e9,2026-09-27T08:05:19.992073Z,new_player_position_prior,0.0,True,0.0,0.0,,,3.1999999999999997,0.0,1.0,0.0,0.1778378378378378,0.006410410410410378
554,12,1,Kayne van Oevelen,Van Oevelen,Ipswich Town,IPS,Goalkeeper,4.5,0,3.15,3.15,0,0.0,u,0.0,0.0,Has joined Valencia on loan for the rest of the season,2026-08-25T14:04:09.529320Z,45,0.7,0,0.0,0,0,0,0,0,0,546600,,,,,,,2026-27,0c133121c3637cccea64e7dc70a58d499d53501a46c780f65d6f89cd020d52e9,2026-09-27T08:05:19.992073Z,new_player_position_prior,0.0,True,0.0,0.0,,,3.15,0.0,1.0,0.0,0.17505912162162163,0.0047477477477477215
324,12,3,Anis Mehmeti,Mehmeti,Ipswich Town,IPS,Midfielder,4.8,0,3.2899999999999996,3.2899999999999996,0,0.0,a,,,,,48,0.6854166666666666,0,0.0,0,0,0,0,0,0,232457,,,,,,,2026-27,0c133121c3637cccea64e7dc70a58d499d53501a46c780f65d6f89cd020d52e9,2026-09-27T08:05:19.992073Z,new_player_position_prior,0.43875,True,1.0,0.0,,,3.2899999999999996,0.43875,1.0,0.0,0.270589527027027,0.005899962462462438
351,14,1,Giorgi Mamardashvili,Mamardashvili,Liverpool,LIV,Goalkeeper,4.9,0,3.4,1.0,0,0.1,a,,,,,49,0.693877551020408,0,0.0,0,0,0,0,0,0,449027,,,,,,,2026-27,0c133121c3637cccea64e7dc70a58d499d53501a46c780f65d6f89cd020d52e9,2026-09-27T08:05:19.992073Z,official_2025-26_stats,0.23684210526315788,False,1.0,0.0,,,3.4,0.23684210526315788,0.999,0.0,0.1779427453769559,-0.030486504872219183
629,13,1,Michael Zetterer,Zetterer,Leeds,LEE,Goalkeeper,4.0,0,3.2250998007960225,3.2250998007960225,0,0.7,a,,,,,40,0.8062749501990056,0,0.0,0,0,0,0,0,0,155465,,,,,,,2026-27,0c133121c3637cccea64e7dc70a58d499d53501a46c780f65d6f89cd020d52e9,2026-09-27T08:05:19.992073Z,new_player_position_prior,0.44091650066335186,False,1.0,0.0,,,3.2250998007960225,0.44091650066335186,0.993,0.0,0.26741604244042233,0.01481332853717457
625,13,1,Alex Cairns,Cairns,Leeds,LEE,Goalkeeper,4.0,0,3.2134164078649987,3.2134164078649987,0,0.2,a,,,,,40,0.8033541019662497,0,0.0,0,0,0,0,0,0,97846,,,,,,,2026-27,0c133121c3637cccea64e7dc70a58d499d53501a46c780f65d6f89cd020d52e9,2026-09-27T08:05:19.992073Z,new_player_position_prior,0.43118033988749893,False,1.0,0.0,,,3.2134164078649987,0.43118033988749893,0.998,0.0,0.26481951361729444,0.013899936413421465
604,13,3,Alfie Cresswell,Cresswell,Leeds,LEE,Midfielder,4.5,0,3.4094868329805053,3.4094868329805053,0,0.1,a,,,,,45,0.7576637406623346,0,0.0,0,0,0,0,0,0,592740,,,,,,,2026-27,0c133121c3637cccea64e7dc70a58d499d53501a46c780f65d6f89cd020d52e9,2026-09-27T08:05:19.992073Z,new_player_position_prior,0.42790569415042096,False,1.0,0.0,,,3.4094868329805053,0.42790569415042096,0.999,0.0,0.27506106586565615,0.013476529120733091
603,13,2,Jayden Lienou,Lienou,Leeds,LEE,Defender,4.0,0,3.0094868329805053,3.0094868329805053,0,0.1,a,,,,,40,0.7523717082451263,0,0.0,0,0,0,0,0,0,643970,,,,,,,2026-27,0c133121c3637cccea64e7dc70a58d499d53501a46c780f65d6f89cd020d52e9,2026-09-27T08:05:19.992073Z,new_player_position_prior,0.42790569415042096,False,1.0,0.0,,,3.0094868329805053,0.42790569415042096,0.999,0.0,0.25283133613592645,0.0065843201489273195
349,13,4,Mateo Joseph Fernández-Regatillo,Mateo Joseph,Leeds,LEE,Forward,4.5,0,3.6094868329805054,3.6094868329805054,0,0.1,i,0.0,0.0,Knee injury - Unknown return date,2026-07-29T18:00:10.338170Z,45,0.802108185106779,0,0.0,0,0,0,0,0,0,565297,,,,,,,2026-27,0c133121c3637cccea64e7dc70a58d499d53501a46c780f65d6f89cd020d52e9,2026-09-27T08:05:19.992073Z,new_player_position_prior,0.0,False,0.0,0.0,,,3.6094868329805054,0.0,0.999,0.0,0.2005947919004369,0.020127179771383757
348,13,4,Joël Piroe,Piroe,Leeds,LEE,Forward,5.0,0,1.0625,0.6666666666666666,0,0.1,u,0.0,0.0,Has joined West Ham United on loan for the rest of the season,2026-08-19T13:56:14.666726Z,50,0.2125,0,0.0,0,0,0,0,0,0,235826,3.0,,,,,,2026-27,0c133121c3637cccea64e7dc70a58d499d53501a46c780f65d6f89cd020d52e9,2026-09-27T08:05:19.992073Z,official_2025-26_stats,0.0,False,0.0,0.0,,,1.0625,0.0,0.999,0.0,0.04941934121621622,-0.07279752252252253
344,13,3,Ilia Gruev,Gruev,Leeds,LEE,Midfielder,5.0,0,2.4347826086956523,0.0,0,0.0,a,100.0,100.0,,2026-08-14T23:00:06.272027Z,50,0.48695652173913045,0,0.0,0,0,0,0,0,0,486520,,,,,,,2026-27,0c133121c3637cccea64e7dc70a58d499d53501a46c780f65d6f89cd020d52e9,2026-09-27T08:05:19.992073Z,official_2025-26_stats,0.3684210526315789,False,1.0,0.0,,,2.4347826086956523,0.3684210526315789,1.0,0.0,0.14977116704805493,-0.06266666666666668
342,13,3,Jack Harrison,Harrison,Leeds,LEE,Midfielder,5.0,0,1.0909090909090908,0.0,0,0.0,u,0.0,0.0,Has joined New England Revolution permanently,2026-07-28T12:59:09.492431Z,50,0.21818181818181817,0,0.0,0,0,0,0,0,0,221399,,,,,,,2026-27,0c133121c3637cccea64e7dc70a58d499d53501a46c780f65d6f89cd020d52e9,2026-09-27T08:05:19.992073Z,official_2025-26_stats,0.0,False,0.0,0.0,,,1.0909090909090908,0.0,1.0,0.0,0.03409090909090909,-0.08327272727272728
341,13,3,Wilfried Gnonto,Gnonto,Leeds,LEE,Midfielder,5.0,0,1.4545454545454546,1.0,0,0.0,u,0.0,0.0,Has joined ACF Fiorentina on loan for the rest of the season,2026-09-02T16:04:47.189648Z,50,0.2909090909090909,0,0.0,0,0,0,0,0,0,492859,,,,,,,2026-27,0c133121c3637cccea64e7dc70a58d499d53501a46c780f65d6f89cd020d52e9,2026-09-27T08:05:19.992073Z,official_2025-26_stats,0.0,False,0.0,0.0,,,1.4545454545454546,0.0,1.0,0.0,0.06977886977886978,-0.06148075348075349
333,13,2,Sebastiaan Bornauw,Bornauw,Leeds,LEE,Defender,4.5,0,2.0833333333333335,2.6666666666666665,0,0.0,u,0.0,0.0,Has joined Hamburg SV on loan for the rest of the season,2026-08-19T13:56:14.645970Z,45,0.462962962962963,0,0.0,0,0,0,0,0,0,437738,,,,,,,2026-27,0c133121c3637cccea64e7dc70a58d499d53501a46c780f65d6f89cd020d52e9,2026-09-27T08:05:19.992073Z,official_2025-26_stats,0.0,False,0.0,0.0,,,2.0833333333333335,0.0,1.0,0.0,0.12996903153153153,-0.02126292959626294
623,7,1,Dan Bentley,Bentley,Coventry City,COV,Goalkeeper,4.0,0,3.0232379000772447,3.0232379000772447,0,0.6,a,,,,,40,0.7558094750193112,0,0.0,0,0,0,0,0,0,79602,,,,,,,2026-27,0c133121c3637cccea64e7dc70a58d499d53501a46c780f65d6f89cd020d52e9,2026-09-27T08:05:19.992073Z,new_player_position_prior,0.43936491673103706,True,1.0,0.0,,,3.0232379000772447,0.43936491673103706,0.994,0.0,0.25588738691468943,0.007570872545525922
360,14,2,Conor Bradley,Bradley,Liverpool,LIV,Defender,5.0,0,2.8,0.0,0,0.0,i,0.0,0.0,Knee injury - Unknown return date,2026-07-23T12:01:23.565711Z,50,0.5599999999999999,0,0.0,0,0,0,0,0,0,492777,,,,,,,2026-27,0c133121c3637cccea64e7dc70a58d499d53501a46c780f65d6f89cd020d52e9,2026-09-27T08:05:19.992073Z,official_2025-26_stats,0.0,False,0.0,0.0,,,2.8,0.0,1.0,0.0,0.0875,-0.05706666666666669
359,14,2,Joe Gomez,Gomez,Liverpool,LIV,Defender,4.9,0,1.5714285714285714,0.3333333333333333,0,0.0,a,100.0,100.0,,2026-07-26T08:30:10.078473Z,49,0.32069970845481044,0,0.0,0,0,0,0,0,0,171287,,,,,,,2026-27,0c133121c3637cccea64e7dc70a58d499d53501a46c780f65d6f89cd020d52e9,2026-09-27T08:05:19.992073Z,official_2025-26_stats,0.13157894736842105,False,1.0,0.0,,,1.5714285714285714,0.13157894736842105,1.0,0.0,0.08353104043893517,-0.07000761694639247
181,7,2,Miguel Brau,Brau,Coventry City,COV,Defender,4.0,0,2.8,2.8,0,0.0,u,0.0,0.0,Has joined Academico de Viseu on loan for the rest of the season,2026-08-29T00:35:59.980316Z,40,0.7,0,0.0,0,0,0,0,0,0,577411,,,,,,,2026-27,0c133121c3637cccea64e7dc70a58d499d53501a46c780f65d6f89cd020d52e9,2026-09-27T08:05:19.992073Z,new_player_position_prior,0.0,True,0.0,0.0,,,2.8,0.0,1.0,0.0,0.1556081081081081,-0.0009279279279279518
180,7,2,Luke Woolfenden,Woolfenden,Coventry City,COV,Defender,4.0,0,2.809486832980505,2.809486832980505,0,0.1,i,0.0,0.0,Knee injury - Unknown return date,2026-08-27T14:56:28.718566Z,40,0.7023717082451263,0,0.0,0,0,0,0,0,0,220583,,,,,,,2026-27,0c133121c3637cccea64e7dc70a58d499d53501a46c780f65d6f89cd020d52e9,2026-09-27T08:05:19.992073Z,new_player_position_prior,0.0,True,0.0,0.0,,,2.809486832980505,0.0,0.999,0.0,0.15613533244097738,-0.0004922564276492597
178,7,2,Jake Bidwell,Bidwell,Coventry City,COV,Defender,4.0,0,2.809486832980505,2.809486832980505,0,0.1,a,,,,,40,0.7023717082451263,0,0.0,0,0,0,0,0,0,80178,,,,,,,2026-27,0c133121c3637cccea64e7dc70a58d499d53501a46c780f65d6f89cd020d52e9,2026-09-27T08:05:19.992073Z,new_player_position_prior,0.42790569415042096,True,1.0,0.0,,,2.809486832980505,0.42790569415042096,0.999,0.0,0.24171647127106158,-0.0004922564276492597
177,7,2,Kaine Kesler-Hayden,Kesler-Hayden,Coventry City,COV,Defender,3.9,0,2.8,2.8,0,0.0,i,0.0,0.0,Hamstring injury - Unknown return date,2026-08-27T14:56:28.704361Z,39,0.717948717948718,0,0.0,0,0,0,0,0,0,465390,,,,,,,2026-27,0c133121c3637cccea64e7dc70a58d499d53501a46c780f65d6f89cd020d52e9,2026-09-27T08:05:19.992073Z,new_player_position_prior,0.0,True,0.0,0.0,,,2.8,0.0,1.0,0.0,0.1556081081081081,0.0004481404481404272
174,7,2,Liam Kitching,Kitching,Coventry City,COV,Defender,4.0,0,2.8164316767251547,2.8164316767251547,0,0.3,u,0.0,0.0,Has joined Sheffield United on loan for the rest of the season,2026-09-02T16:21:03.612394Z,40,0.7041079191812887,0,0.0,0,0,0,0,0,0,436761,,,,,,,2026-27,0c133121c3637cccea64e7dc70a58d499d53501a46c780f65d6f89cd020d52e9,2026-09-27T08:05:19.992073Z,new_player_position_prior,0.0,True,0.0,0.0,,,2.8164316767251547,0.0,0.997,0.0,0.1565212874396243,-4.652783479240641e-05
172,7,1,Ben Wilson,Wilson,Coventry City,COV,Goalkeeper,4.4,0,3.1389736659610104,3.1389736659610104,0,0.4,a,,,,,44,0.7134031059002296,0,0.0,0,0,0,0,0,0,110690,,,,,,,2026-27,0c133121c3637cccea64e7dc70a58d499d53501a46c780f65d6f89cd020d52e9,2026-09-27T08:05:19.992073Z,new_player_position_prior,0.4608113883008419,True,1.0,0.0,,,3.1389736659610104,0.4608113883008419,0.996,0.0,0.26660861821779885,0.005996513783250182
171,7,1,Oliver Dovin,Dovin,Coventry City,COV,Goalkeeper,4.0,0,3.03,3.03,0,1.0,u,0.0,0.0,Has joined Leyton Orient on loan for the rest of the season,2026-09-02T15:44:14.839336Z,40,0.7575,0,0.0,0,0,0,0,0,0,484389,,,,,,,2026-27,0c133121c3637cccea64e7dc70a58d499d53501a46c780f65d6f89cd020d52e9,2026-09-27T08:05:19.992073Z,new_player_position_prior,0.0,True,0.0,0.0,,,3.03,0.0,0.99,0.0,0.16839020270270266,0.008210135135135105
355,14,1,Harvey Davies,Davies,Liverpool,LIV,Goalkeeper,4.0,0,3.2134164078649987,3.2134164078649987,0,0.2,a,,,,,40,0.8033541019662497,0,0.0,0,0,0,0,0,0,464353,,,,,,,2026-27,0c133121c3637cccea64e7dc70a58d499d53501a46c780f65d6f89cd020d52e9,2026-09-27T08:05:19.992073Z,new_player_position_prior,0.43118033988749893,False,1.0,0.0,,,3.2134164078649987,0.43118033988749893,0.998,0.0,0.26481951361729444,0.013899936413421465
354,14,1,Vitezslav Jaros,Jaros,Liverpool,LIV,Goalkeeper,4.0,0,3.2,3.2,0,0.0,i,0.0,0.0,Knee injury - Unknown return date,2026-07-29T18:00:10.351066Z,40,0.8,0,0.0,0,0,0,0,0,0,432987,,,,,,,2026-27,0c133121c3637cccea64e7dc70a58d499d53501a46c780f65d6f89cd020d52e9,2026-09-27T08:05:19.992073Z,new_player_position_prior,0.0,False,0.0,0.0,,,3.2,0.0,1.0,0.0,0.17783783783783785,0.013225225225225207
353,14,1,Armin Pecsi,Pecsi,Liverpool,LIV,Goalkeeper,4.0,0,3.2,3.2,0,0.0,u,0.0,0.0,Has joined TSV Hartberg on loan for the rest of the season,2026-08-18T14:11:18.638344Z,40,0.8,0,0.0,0,0,0,0,0,0,586268,,,,,,,2026-27,0c133121c3637cccea64e7dc70a58d499d53501a46c780f65d6f89cd020d52e9,2026-09-27T08:05:19.992073Z,new_player_position_prior,0.0,False,0.0,0.0,,,3.2,0.0,1.0,0.0,0.17783783783783785,0.013225225225225207
352,14,1,Freddie Woodman,Woodman,Liverpool,LIV,Goalkeeper,4.0,0,2.0,0.0,0,1.0,a,,,,,40,0.5,0,0.0,0,0,0,0,0,0,155503,,,,,,,2026-27,0c133121c3637cccea64e7dc70a58d499d53501a46c780f65d6f89cd020d52e9,2026-09-27T08:05:19.992073Z,official_2025-26_stats,0.05263157894736842,False,1.0,0.0,,,2.0,0.05263157894736842,0.99,0.0,0.07302631578947369,-0.06066666666666668
374,14,3,Endo Wataru,Endo,Liverpool,LIV,Midfielder,4.9,0,1.5,0.0,0,0.1,a,100.0,100.0,,2026-07-23T12:01:23.612529Z,49,0.3061224489795918,0,0.0,0,0,0,0,0,0,158983,,,,,,,2026-27,0c133121c3637cccea64e7dc70a58d499d53501a46c780f65d6f89cd020d52e9,2026-09-27T08:05:19.992073Z,official_2025-26_stats,0.02631578947368421,False,1.0,0.0,,,1.5,0.02631578947368421,0.999,0.0,0.052138157894736845,-0.07643061224489797
373,14,3,Curtis Jones,C.Jones,Liverpool,LIV,Midfielder,5.5,0,2.3823529411764706,4.666666666666667,0,0.0,u,0.0,0.0,Has joined Internazionale permanently,2026-08-16T18:30:07.426408Z,55,0.43315508021390375,0,0.0,0,0,0,0,0,0,206915,,,,,,,2026-27,0c133121c3637cccea64e7dc70a58d499d53501a46c780f65d6f89cd020d52e9,2026-09-27T08:05:19.992073Z,official_2025-26_stats,0.0,False,0.0,0.0,,,2.3823529411764706,0.0,1.0,0.0,0.18796204292527824,0.00888423182540829
561,6,2,Aaron Anselmino,Anselmino,Chelsea,CHE,Defender,4.5,0,3.15,3.15,0,0.0,a,100.0,100.0,,2026-08-23T19:00:08.536705Z,45,0.7,0,0.0,0,0,0,0,0,0,622758,,,,,,,2026-27,0c133121c3637cccea64e7dc70a58d499d53501a46c780f65d6f89cd020d52e9,2026-09-27T08:05:19.992073Z,new_player_position_prior,0.45125,False,1.0,0.0,,,3.15,0.45125,1.0,0.0,0.2653091216216216,0.0047477477477477215
560,6,1,Mike Penders,Penders,Chelsea,CHE,Goalkeeper,4.4,0,3.3294868329805056,3.3294868329805056,0,0.1,a,,,,,44,0.7567015529501149,0,0.0,0,0,0,0,0,0,549939,,,,,,,2026-27,0c133121c3637cccea64e7dc70a58d499d53501a46c780f65d6f89cd020d52e9,2026-09-27T08:05:19.992073Z,new_player_position_prior,0.452905694150421,False,1.0,0.0,,,3.3294868329805056,0.452905694150421,0.999,0.0,0.27561511991971027,0.0121054640988323
170,6,4,Emmanuel Emegha,Emegha,Chelsea,CHE,Forward,5.0,0,3.7594868329805053,3.7594868329805053,0,0.1,i,0.0,0.0,Hamstring injury - Expected back 10 Oct,2026-09-09T15:00:09.063849Z,50,0.7518973665961011,0,0.0,0,0,0,0,0,0,503037,,,,,,,2026-27,0c133121c3637cccea64e7dc70a58d499d53501a46c780f65d6f89cd020d52e9,2026-09-27T08:05:19.992073Z,new_player_position_prior,0.0,False,0.0,0.0,,,3.7594868329805053,0.0,0.999,0.0,0.2089309405490855,0.018710116117997555
169,6,4,Shumaira Mheuka,Mheuka,Chelsea,CHE,Forward,4.5,0,1.0,0.5,0,0.5,a,,,,,45,0.2222222222222222,0,0.0,0,0,0,0,0,0,567119,,,,,,,2026-27,0c133121c3637cccea64e7dc70a58d499d53501a46c780f65d6f89cd020d52e9,2026-09-27T08:05:19.992073Z,official_2025-26_stats,0.0,False,1.0,0.0,,,1.0,0.0,0.995,0.0,0.04341216216216216,-0.07435485485485487
168,6,4,Marc Guiu Paz,Marc Guiu,Chelsea,CHE,Forward,5.0,0,1.3,0.0,0,0.2,u,0.0,0.0,Has joined RB Leipzig permanently,2026-09-01T13:24:48.857362Z,50,0.26,0,0.0,0,0,0,0,0,0,499309,,,,,,,2026-27,0c133121c3637cccea64e7dc70a58d499d53501a46c780f65d6f89cd020d52e9,2026-09-27T08:05:19.992073Z,official_2025-26_stats,0.0,False,0.0,0.0,,,1.3,0.0,0.998,0.0,0.040625,-0.07986666666666667
163,6,3,Dário Luís Essugo,D.Essugo,Chelsea,CHE,Midfielder,4.5,0,0.3333333333333333,0.0,0,0.1,u,0.0,0.0,Has joined RC Strasbourg on loan for the rest of the season,2026-09-02T16:20:41.865225Z,45,0.07407407407407407,0,0.0,0,0,0,0,0,0,491007,,,,,,,2026-27,0c133121c3637cccea64e7dc70a58d499d53501a46c780f65d6f89cd020d52e9,2026-09-27T08:05:19.992073Z,official_2025-26_stats,0.0,False,0.0,0.0,,,0.3333333333333333,0.0,0.999,0.0,0.010416666666666666,-0.09422098765432099
370,14,3,Federico Chiesa,Chiesa,Liverpool,LIV,Midfielder,5.3,0,1.4230769230769231,0.6666666666666666,0,0.0,i,0.0,0.0,Back injury - Unknown return date,2026-08-27T13:30:07.598926Z,53,0.26850507982583455,0,0.0,0,0,0,0,0,0,223541,,,,,,,2026-27,0c133121c3637cccea64e7dc70a58d499d53501a46c780f65d6f89cd020d52e9,2026-09-27T08:05:19.992073Z,official_2025-26_stats,0.0,False,0.0,0.0,,,1.4230769230769231,0.0,1.0,0.0,0.06068737006237006,-0.06860379973587521
365,14,2,Calvin Ramsay,Ramsay,Liverpool,LIV,Defender,4.0,0,3.0094868329805053,3.0094868329805053,0,0.1,u,0.0,0.0,Has joined St Mirren on loan for the rest of the season,2026-08-26T14:05:26.748768Z,40,0.7523717082451263,0,0.0,0,0,0,0,0,0,489580,,,,,,,2026-27,0c133121c3637cccea64e7dc70a58d499d53501a46c780f65d6f89cd020d52e9,2026-09-27T08:05:19.992073Z,new_player_position_prior,0.0,False,0.0,0.0,,,3.0094868329805053,0.0,0.999,0.0,0.16725019730584229,0.0065843201489273195
363,14,2,Giovanni Leoni,Leoni,Liverpool,LIV,Defender,4.0,0,3.0,3.0,0,0.0,i,0.0,0.0,Knee injury - Unknown return date,2026-07-23T12:01:23.596909Z,40,0.75,0,0.0,0,0,0,0,0,0,647681,,,,,,,2026-27,0c133121c3637cccea64e7dc70a58d499d53501a46c780f65d6f89cd020d52e9,2026-09-27T08:05:19.992073Z,new_player_position_prior,0.0,False,0.0,0.0,,,3.0,0.0,1.0,0.0,0.16672297297297295,0.006148648648648641
361,14,2,Wellity Lucky,Lucky,Liverpool,LIV,Defender,4.0,0,3.0094868329805053,3.0094868329805053,0,0.1,a,,,,,40,0.7523717082451263,0,0.0,0,0,0,0,0,0,519440,,,,,,,2026-27,0c133121c3637cccea64e7dc70a58d499d53501a46c780f65d6f89cd020d52e9,2026-09-27T08:05:19.992073Z,new_player_position_prior,0.42790569415042096,False,1.0,0.0,,,3.0094868329805053,0.42790569415042096,0.999,0.0,0.25283133613592645,0.0065843201489273195
158,6,3,Jamie Bynoe-Gittens,Gittens,Chelsea,CHE,Midfielder,5.8,0,1.5625,0.0,0,0.0,d,75.0,,Ankle injury - 75% chance of playing,2026-09-26T05:30:09.245832Z,58,0.26939655172413796,0,0.0,0,0,0,0,0,0,463936,,,,,,,2026-27,0c133121c3637cccea64e7dc70a58d499d53501a46c780f65d6f89cd020d52e9,2026-09-27T08:05:19.992073Z,official_2025-26_stats,0.05263157894736842,False,0.75,0.0,,,1.5625,0.05263157894736842,1.0,0.0,0.05935444078947368,-0.0793462643678161
152,6,2,Marco Palestra,Palestra,Chelsea,CHE,Defender,5.3,0,3.413237900077245,3.413237900077245,0,0.6,d,50.0,50.0,Thigh injury - 50% chance of playing,2026-08-24T18:30:07.421239Z,53,0.6440071509579708,0,0.0,0,0,0,0,0,0,620109,,,,,,,2026-27,0c133121c3637cccea64e7dc70a58d499d53501a46c780f65d6f89cd020d52e9,2026-09-27T08:05:19.992073Z,new_player_position_prior,0.5,False,0.5,0.0,,,3.413237900077245,0.5,0.994,0.0,0.2896883900549685,0.005323685358480809
150,6,2,Mamadou Sarr,M.Sarr,Chelsea,CHE,Defender,4.5,0,1.0,0.3333333333333333,0,0.0,u,0.0,0.0,Has joined Real Sociedad on loan for the rest of the season,2026-08-29T00:34:23.077418Z,45,0.2222222222222222,0,0.0,0,0,0,0,0,0,574458,,,,,,,2026-27,0c133121c3637cccea64e7dc70a58d499d53501a46c780f65d6f89cd020d52e9,2026-09-27T08:05:19.992073Z,official_2025-26_stats,0.0,False,0.0,0.0,,,1.0,0.0,1.0,0.0,0.03935810810810811,-0.07755755755755757
146,6,2,Benoît Badiashile Mukinayi,B.Badiashile,Chelsea,CHE,Defender,4.5,0,0.875,0.0,0,0.0,u,0.0,0.0,Has joined Napoli on loan for the rest of the season,2026-08-25T14:03:47.079414Z,45,0.19444444444444445,0,0.0,0,0,0,0,0,0,242880,,,,,,,2026-27,0c133121c3637cccea64e7dc70a58d499d53501a46c780f65d6f89cd020d52e9,2026-09-27T08:05:19.992073Z,official_2025-26_stats,0.0,False,0.0,0.0,,,0.875,0.0,1.0,0.0,0.02734375,-0.08509259259259261
143,6,2,Trevoh Chalobah,Chalobah,Chelsea,CHE,Defender,5.5,0,4.121212121212121,0.6666666666666666,0,0.1,u,0.0,0.0,Has joined Como permanently,2026-08-10T14:03:50.769483Z,55,0.7493112947658402,0,0.0,0,0,0,0,0,0,180736,,,,,,,2026-27,0c133121c3637cccea64e7dc70a58d499d53501a46c780f65d6f89cd020d52e9,2026-09-27T08:05:19.992073Z,official_2025-26_stats,0.0,False,0.0,0.0,,,4.121212121212121,0.0,0.999,0.0,0.145004095004095,-0.03164198992380812
273,11,1,Dillon Phillips,Phillips,Hull City,HUL,Goalkeeper,4.0,0,3.035496478698598,3.035496478698598,0,1.4,a,,,,,40,0.7588741196746495,0,0.0,0,0,0,0,0,0,167825,,,,,,,2026-27,0c133121c3637cccea64e7dc70a58d499d53501a46c780f65d6f89cd020d52e9,2026-09-27T08:05:19.992073Z,new_player_position_prior,0.44958039891549806,True,1.0,0.0,,,3.035496478698598,0.44958039891549806,0.986,0.0,0.25861174557563993,0.00880461639719586
141,6,1,Filip Jörgensen,Jörgensen,Chelsea,CHE,Goalkeeper,5.0,0,1.8,0.6666666666666666,0,0.0,u,0.0,0.0,Has joined RC Strasbourg on loan for the rest of the season,2026-08-12T14:07:02.607115Z,50,0.36,0,0.0,0,0,0,0,0,0,508479,,,,,,,2026-27,0c133121c3637cccea64e7dc70a58d499d53501a46c780f65d6f89cd020d52e9,2026-09-27T08:05:19.992073Z,official_2025-26_stats,0.0,False,0.0,0.0,,,1.8,0.0,1.0,0.0,0.07246621621621621,-0.061589189189189195
383,14,3,Harvey Elliott,Elliott,Liverpool,LIV,Midfielder,5.4,0,1.0,0.0,0,0.0,u,0.0,0.0,Has joined Valencia on loan for the rest of the season,2026-09-02T16:05:49.104326Z,54,0.18518518518518517,0,0.0,0,0,0,0,0,0,444884,,,,,,,2026-27,0c133121c3637cccea64e7dc70a58d499d53501a46c780f65d6f89cd020d52e9,2026-09-27T08:05:19.992073Z,official_2025-26_stats,0.0,False,0.0,0.0,,,1.0,0.0,1.0,0.0,0.03125,-0.08580246913580247
382,14,4,Jayden Danns,Danns,Liverpool,LIV,Forward,4.5,0,3.6134164078649986,3.6134164078649986,0,0.2,a,100.0,100.0,,2026-07-23T12:01:23.659279Z,45,0.8029814239699997,0,0.0,0,0,0,0,0,0,500058,,,,,,,2026-27,0c133121c3637cccea64e7dc70a58d499d53501a46c780f65d6f89cd020d52e9,2026-09-27T08:05:19.992073Z,new_player_position_prior,0.43118033988749893,False,1.0,0.0,,,3.6134164078649986,0.43118033988749893,0.998,0.0,0.2870492433470242,0.02035785092019543
18,1,3,Gabriel Martinelli Silva,Martinelli,Arsenal,ARS,Midfielder,6.3,0,1.9655172413793103,2.6666666666666665,0,0.1,u,0.0,0.0,Has joined Al Hilal permanently,2026-09-04T12:34:46.738449Z,63,0.31198686371100165,0,0.0,0,0,0,0,0,0,444145,,,,,,,2026-27,0c133121c3637cccea64e7dc70a58d499d53501a46c780f65d6f89cd020d52e9,2026-09-27T08:05:19.992073Z,official_2025-26_stats,0.0,False,0.0,0.0,,,1.9655172413793103,0.0,0.999,0.0,0.1262872786579683,-0.03273776387224664
380,14,4,Hugo Ekitiké,Ekitiké,Liverpool,LIV,Forward,7.4,0,4.464285714285714,0.0,0,0.1,i,0.0,0.0,Achilles injury - Unknown return date,2026-07-23T12:01:23.643771Z,74,0.6032818532818532,0,0.0,0,0,0,0,0,0,510663,,,,,,,2026-27,0c133121c3637cccea64e7dc70a58d499d53501a46c780f65d6f89cd020d52e9,2026-09-27T08:05:19.992073Z,official_2025-26_stats,0.0,False,0.0,0.0,,,4.464285714285714,0.0,0.999,0.0,0.13950892857142858,-0.05364839124839126
378,14,3,James McConnell,McConnell,Liverpool,LIV,Midfielder,4.4,0,3.4134164078649984,3.4134164078649984,0,0.2,a,,,,,44,0.7757764563329541,0,0.0,0,0,0,0,0,0,491501,,,,,,,2026-27,0c133121c3637cccea64e7dc70a58d499d53501a46c780f65d6f89cd020d52e9,2026-09-27T08:05:19.992073Z,new_player_position_prior,0.43118033988749893,False,1.0,0.0,,,3.4134164078649984,0.43118033988749893,0.998,0.0,0.27593437848215935,0.015028893491445372
376,14,3,Stefan Bajčetić Maquieira,Bajcetic,Liverpool,LIV,Midfielder,5.0,0,3.55,3.55,0,0.0,u,0.0,0.0,Has joined Celta Vigo permanently,2026-07-23T12:01:23.628373Z,50,0.71,0,0.0,0,0,0,0,0,0,535928,,,,,,,2026-27,0c133121c3637cccea64e7dc70a58d499d53501a46c780f65d6f89cd020d52e9,2026-09-27T08:05:19.992073Z,new_player_position_prior,0.0,False,0.0,0.0,,,3.55,0.0,1.0,0.0,0.19728885135135132,0.012000900900900863
22,1,3,Ethan Nwaneri,Nwaneri,Arsenal,ARS,Midfielder,5.4,0,1.3333333333333333,0.0,0,0.0,u,0.0,0.0,Has joined Borussia Dortmund on loan for the rest of the season,2026-09-02T16:01:07.058827Z,54,0.24691358024691354,0,0.0,0,0,0,0,0,0,499175,,,,,,,2026-27,0c133121c3637cccea64e7dc70a58d499d53501a46c780f65d6f89cd020d52e9,2026-09-27T08:05:19.992073Z,official_2025-26_stats,0.0,False,0.0,0.0,,,1.3333333333333333,0.0,1.0,0.0,0.041666666666666664,-0.08106995884773664
537,20,2,Jenson Seelt,Seelt,Sunderland,SUN,Defender,4.5,0,1.0,0.0,0,0.0,u,0.0,0.0,Has joined Swansea City on loan for the rest of the season,2026-08-29T00:34:52.425076Z,45,0.2222222222222222,0,0.0,0,0,0,0,0,0,519634,,,,,,,2026-27,0c133121c3637cccea64e7dc70a58d499d53501a46c780f65d6f89cd020d52e9,2026-09-27T08:05:19.992073Z,official_2025-26_stats,0.0,False,0.0,0.0,,,1.0,0.0,1.0,0.0,0.03125,-0.08296296296296297
538,20,2,Leo Fuhr Hjelde,Hjelde,Sunderland,SUN,Defender,4.0,0,3.0,3.0,0,0.0,u,0.0,0.0,Has joined KV Mechelen on loan for the rest of the season,2026-08-12T14:08:03.081789Z,40,0.75,0,0.0,0,0,0,0,0,0,477547,,,,,,,2026-27,0c133121c3637cccea64e7dc70a58d499d53501a46c780f65d6f89cd020d52e9,2026-09-27T08:05:19.992073Z,new_player_position_prior,0.0,False,0.0,0.0,,,3.0,0.0,1.0,0.0,0.16672297297297295,0.006148648648648641
587,15,1,Gerónimo Rulli,Rulli,Man City,MCI,Goalkeeper,5.0,0,3.5,3.5,0,0.0,a,,,,,50,0.7,0,0.0,0,0,0,0,0,0,106921,,,,,,,2026-27,0c133121c3637cccea64e7dc70a58d499d53501a46c780f65d6f89cd020d52e9,2026-09-27T08:05:19.992073Z,new_player_position_prior,0.4825,False,1.0,0.0,,,3.5,0.4825,1.0,0.0,0.29101013513513513,0.010423423423423395
410,15,3,Jeremy Monga,Monga,Man City,MCI,Midfielder,4.9,0,3.52,3.52,0,0.0,u,0.0,0.0,Has joined Swansea City on loan for the rest of the season,2026-09-02T16:02:01.136760Z,49,0.7183673469387755,0,0.0,0,0,0,0,0,0,649208,,,,,,,2026-27,0c133121c3637cccea64e7dc70a58d499d53501a46c780f65d6f89cd020d52e9,2026-09-27T08:05:19.992073Z,new_player_position_prior,0.0,False,0.0,0.0,,,3.52,0.0,1.0,0.0,0.1956216216216216,0.012155911013053855
409,15,3,Divine Mukasa,Mukasa,Man City,MCI,Midfielder,4.5,0,1.0,0.0,0,0.1,u,0.0,0.0,has joined West Ham on loan for the rest of the seaon.,2026-09-03T10:34:10.733520Z,45,0.2222222222222222,0,0.0,0,0,0,0,0,0,590039,,,,,,,2026-27,0c133121c3637cccea64e7dc70a58d499d53501a46c780f65d6f89cd020d52e9,2026-09-27T08:05:19.992073Z,official_2025-26_stats,0.0,False,0.0,0.0,,,1.0,0.0,0.999,0.0,0.03125,-0.08286296296296297
408,15,3,Kalvin Phillips,Phillips,Man City,MCI,Midfielder,5.0,0,3.55,3.55,0,0.0,u,0.0,0.0,Has joined Sheffield United on loan for the rest of the season,2026-08-18T14:11:56.348781Z,50,0.71,0,0.0,0,0,0,0,0,0,155405,,,,,,,2026-27,0c133121c3637cccea64e7dc70a58d499d53501a46c780f65d6f89cd020d52e9,2026-09-27T08:05:19.992073Z,new_player_position_prior,0.0,False,0.0,0.0,,,3.55,0.0,1.0,0.0,0.19728885135135132,0.012000900900900863
407,15,3,Claudio Echeverri,Echeverri,Man City,MCI,Midfielder,4.9,0,3.52,3.52,0,0.0,u,0.0,0.0,Has joined Benfica on loan for the rest of the season,2026-09-03T15:41:24.710479Z,49,0.7183673469387755,0,0.0,0,0,0,0,0,0,575204,,,,,,,2026-27,0c133121c3637cccea64e7dc70a58d499d53501a46c780f65d6f89cd020d52e9,2026-09-27T08:05:19.992073Z,new_player_position_prior,0.0,False,0.0,0.0,,,3.52,0.0,1.0,0.0,0.1956216216216216,0.012155911013053855
540,20,2,Arthur Masuaku,Masuaku,Sunderland,SUN,Defender,4.0,0,0.3333333333333333,0.0,0,0.1,u,0.0,0.0,Has joined Konyaspor permanently,2026-08-12T14:08:03.097784Z,40,0.08333333333333333,0,0.0,0,0,0,0,0,0,105717,,,,,,,2026-27,0c133121c3637cccea64e7dc70a58d499d53501a46c780f65d6f89cd020d52e9,2026-09-27T08:05:19.992073Z,official_2025-26_stats,0.0,False,0.0,0.0,,,0.3333333333333333,0.0,0.999,0.0,0.010416666666666666,-0.09351111111111111
404,15,3,Tijjani Reijnders,Reijnders,Man City,MCI,Midfielder,6.0,0,3.2857142857142856,2.0,0,0.0,u,0.0,0.0,Has joined Al Qadsiah permanently,2026-08-20T14:02:58.154273Z,60,0.5476190476190476,0,0.0,0,0,0,0,0,0,433036,,,,,,,2026-27,0c133121c3637cccea64e7dc70a58d499d53501a46c780f65d6f89cd020d52e9,2026-09-27T08:05:19.992073Z,official_2025-26_stats,0.0,False,0.0,0.0,,,3.2857142857142856,0.0,1.0,0.0,0.15132722007722008,-0.025583440583440614
402,15,3,Rodrigo 'Rodri' Hernandez Cascante,Rodrigo,Man City,MCI,Midfielder,6.5,0,3.2857142857142856,2.3333333333333335,0,0.0,u,0.0,0.0,Has joined Barcelona permanently,2026-07-23T12:01:23.675537Z,65,0.5054945054945055,0,0.0,0,0,0,0,0,0,220566,,,,,,,2026-27,0c133121c3637cccea64e7dc70a58d499d53501a46c780f65d6f89cd020d52e9,2026-09-27T08:05:19.992073Z,official_2025-26_stats,0.0,False,0.0,0.0,,,3.2857142857142856,0.0,1.0,0.0,0.15943532818532818,-0.02340758340758342
546,20,3,Simon Adingra,Adingra,Sunderland,SUN,Midfielder,4.9,0,2.4285714285714284,0.0,0,0.0,u,0.0,0.0,Has joined Ajax on loan for the rest of the season,2026-08-20T14:00:08.416985Z,49,0.4956268221574343,0,0.0,0,0,0,0,0,0,535818,,,,,,,2026-27,0c133121c3637cccea64e7dc70a58d499d53501a46c780f65d6f89cd020d52e9,2026-09-27T08:05:19.992073Z,official_2025-26_stats,0.0,False,0.0,0.0,,,2.4285714285714284,0.0,1.0,0.0,0.07589285714285714,-0.06200194363459672
495,19,1,Brandon Austin,Austin,Spurs,TOT,Goalkeeper,4.0,0,3.23,3.23,0,1.0,a,,,,,40,0.8075,0,0.0,0,0,0,0,0,0,214572,,,,,,,2026-27,0c133121c3637cccea64e7dc70a58d499d53501a46c780f65d6f89cd020d52e9,2026-09-27T08:05:19.992073Z,new_player_position_prior,0.445,False,1.0,0.0,,,3.23,0.445,0.99,0.0,0.2685050675675676,0.015286711711711698
511,19,2,João Victor de Souza Menezes,Souza,Spurs,TOT,Defender,4.0,0,0.75,0.0,0,0.2,u,0.0,0.0,Has joined FC Porto on loan for the rest of the season,2026-09-01T13:24:26.858636Z,40,0.1875,0,0.0,0,0,0,0,0,0,616221,,,,,,,2026-27,0c133121c3637cccea64e7dc70a58d499d53501a46c780f65d6f89cd020d52e9,2026-09-27T08:05:19.992073Z,official_2025-26_stats,0.0,False,0.0,0.0,,,0.75,0.0,0.998,0.0,0.0234375,-0.085425
394,15,2,Max Alleyne,Alleyne,Man City,MCI,Defender,5.0,0,2.5,0.0,0,0.0,u,0.0,0.0,Has joined Burnley on loan for the rest of the season,2026-08-18T14:11:56.324656Z,50,0.5,0,0.0,0,0,0,0,0,0,494307,,,,,,,2026-27,0c133121c3637cccea64e7dc70a58d499d53501a46c780f65d6f89cd020d52e9,2026-09-27T08:05:19.992073Z,official_2025-26_stats,0.0,False,0.0,0.0,,,2.5,0.0,1.0,0.0,0.078125,-0.06166666666666668
392,15,2,Rayan Aït-Nouri,Aït-Nouri,Man City,MCI,Defender,5.3,0,3.5294117647058822,2.3333333333333335,0,0.4,a,,,,,53,0.6659267480577137,0,0.0,0,0,0,0,0,0,448514,,,,,,,2026-27,0c133121c3637cccea64e7dc70a58d499d53501a46c780f65d6f89cd020d52e9,2026-09-27T08:05:19.992073Z,official_2025-26_stats,0.2631578947368421,False,1.0,0.0,,,3.5294117647058822,0.2631578947368421,0.996,0.0,0.219682453351184,-0.010707778144404129
386,15,1,Marcus Bettinelli,Bettinelli,Man City,MCI,Goalkeeper,4.5,0,3.35,3.35,0,0.0,a,,,,,45,0.7444444444444445,0,0.0,0,0,0,0,0,0,122074,,,,,,,2026-27,0c133121c3637cccea64e7dc70a58d499d53501a46c780f65d6f89cd020d52e9,2026-09-27T08:05:19.992073Z,new_player_position_prior,0.45125,False,1.0,0.0,,,3.35,0.45125,1.0,0.0,0.2764239864864865,0.011398398398398388
414,16,1,Tom Heaton,Heaton,Man Utd,MUN,Goalkeeper,4.0,0,3.2094868329805055,3.2094868329805055,0,0.1,i,0.0,0.0,Hamstring injury - Unknown return date,2026-08-15T16:00:07.854151Z,40,0.8023717082451264,0,0.0,0,0,0,0,0,0,21205,,,,,,,2026-27,0c133121c3637cccea64e7dc70a58d499d53501a46c780f65d6f89cd020d52e9,2026-09-27T08:05:19.992073Z,new_player_position_prior,0.0,False,0.0,0.0,,,3.2094868329805055,0.0,0.999,0.0,0.17836506217070713,0.013660896725503899
413,16,1,Altay Bayındır,Bayindir,Man Utd,MUN,Goalkeeper,4.5,0,1.8333333333333333,0.0,0,0.0,u,0.0,0.0,Has joined Celta Vigo on loan for the rest of the season,2026-08-10T14:02:28.608415Z,45,0.4074074074074074,0,0.0,0,0,0,0,0,0,451302,,,,,,,2026-27,0c133121c3637cccea64e7dc70a58d499d53501a46c780f65d6f89cd020d52e9,2026-09-27T08:05:19.992073Z,official_2025-26_stats,0.0,False,0.0,0.0,,,1.8333333333333333,0.0,1.0,0.0,0.057291666666666664,-0.06876543209876544
325,16,1,Karl Darlow,Darlow,Man Utd,MUN,Goalkeeper,4.5,0,3.380952380952381,5.0,0,0.0,d,75.0,100.0,Unspecified injury - 75% chance of playing,2026-09-21T13:30:08.885505Z,45,0.7513227513227513,0,0.0,0,0,0,0,0,0,59735,,,,,,,2026-27,0c133121c3637cccea64e7dc70a58d499d53501a46c780f65d6f89cd020d52e9,2026-09-27T08:05:19.992073Z,official_2025-26_stats,0.5526315789473685,False,0.75,0.0,,,3.380952380952381,0.5526315789473685,1.0,0.0,0.3378026993158572,0.038682492015825326
636,10,3,Manuel Ángel Morán Ibáñez,Ángel,Fulham,FUL,Midfielder,5.0,0,3.55,3.55,0,0.0,a,,,,,50,0.71,0,0.0,0,0,0,0,0,0,500033,,,,,,,2026-27,0c133121c3637cccea64e7dc70a58d499d53501a46c780f65d6f89cd020d52e9,2026-09-27T08:05:19.992073Z,new_player_position_prior,0.45125,False,1.0,0.0,,,3.55,0.45125,1.0,0.0,0.2875388513513513,0.012000900900900863
550,20,3,Djiamgone Jocelin Ta Bi,Jocelin.T,Sunderland,SUN,Midfielder,5.0,0,1.0,0.0,0,0.0,a,,,,,50,0.2,0,0.0,0,0,0,0,0,0,699989,,,,,,,2026-27,0c133121c3637cccea64e7dc70a58d499d53501a46c780f65d6f89cd020d52e9,2026-09-27T08:05:19.992073Z,official_2025-26_stats,0.0,False,1.0,0.0,,,1.0,0.0,1.0,0.0,0.03125,-0.08466666666666667
658,5,3,Younes Ibrahim,Ibrahim,Brighton,BHA,Midfielder,4.5,0,3.4,3.4,0,0.0,a,,,,,45,0.7555555555555555,0,0.0,0,0,0,0,0,0,661016,,,,,,,2026-27,0c133121c3637cccea64e7dc70a58d499d53501a46c780f65d6f89cd020d52e9,2026-09-27T08:05:19.992073Z,new_player_position_prior,0.42,False,1.0,0.0,,,3.4,0.42,1.0,0.0,0.2729527027027027,0.01306106106106103
652,5,3,Femi Azeez,Azeez,Brighton,BHA,Midfielder,5.5,0,3.6999999999999997,3.6999999999999997,0,0.0,i,0.0,0.0,Hamstring injury - Expected back 10 Oct,2026-09-04T11:30:08.661589Z,55,0.6727272727272727,0,0.0,0,0,0,0,0,0,471551,,,,,,,2026-27,0c133121c3637cccea64e7dc70a58d499d53501a46c780f65d6f89cd020d52e9,2026-09-27T08:05:19.992073Z,new_player_position_prior,0.0,False,0.0,0.0,,,3.6999999999999997,0.0,1.0,0.0,0.205625,0.011575757575757545
624,5,3,Amario Cozier-Duberry,Cozier-Duberry,Brighton,BHA,Midfielder,5.0,0,3.55,3.55,0,0.0,u,0.0,0.0,Has joined Middlesbrough on loan for the rest of the season,2026-09-02T15:38:15.552951Z,50,0.71,0,0.0,0,0,0,0,0,0,519324,,,,,,,2026-27,0c133121c3637cccea64e7dc70a58d499d53501a46c780f65d6f89cd020d52e9,2026-09-27T08:05:19.992073Z,new_player_position_prior,0.0,False,0.0,0.0,,,3.55,0.0,1.0,0.0,0.19728885135135132,0.012000900900900863
614,5,2,Jaouen Hadjam,Hadjam,Brighton,BHA,Defender,4.5,0,3.15,3.15,0,0.0,a,,,,,45,0.7,0,0.0,0,0,0,0,0,0,512123,,,,,,,2026-27,0c133121c3637cccea64e7dc70a58d499d53501a46c780f65d6f89cd020d52e9,2026-09-27T08:05:19.992073Z,new_player_position_prior,0.45125,False,1.0,0.0,,,3.15,0.45125,1.0,0.0,0.2653091216216216,0.0047477477477477215
613,20,3,Jules Ahoka,Ahoka,Sunderland,SUN,Midfielder,4.5,0,3.4134164078649984,3.4134164078649984,0,0.2,a,,,,,45,0.7585369795255552,0,0.0,0,0,0,0,0,0,696104,,,,,,,2026-27,0c133121c3637cccea64e7dc70a58d499d53501a46c780f65d6f89cd020d52e9,2026-09-27T08:05:19.992073Z,new_player_position_prior,0.43118033988749893,False,1.0,0.0,,,3.4134164078649984,0.43118033988749893,0.998,0.0,0.27593437848215935,0.013707200269544778
2,1,1,Kepa Arrizabalaga Revuelta,Arrizabalaga,Arsenal,ARS,Goalkeeper,4.9,0,2.0,0.6666666666666666,0,0.1,a,,,,,49,0.4081632653061224,0,0.0,0,0,0,0,0,0,109745,,,,,,,2026-27,0c133121c3637cccea64e7dc70a58d499d53501a46c780f65d6f89cd020d52e9,2026-09-27T08:05:19.992073Z,official_2025-26_stats,0.02631578947368421,False,1.0,0.0,,,2.0,0.02631578947368421,0.999,0.0,0.08397937411095306,-0.05779667218238648
139,5,4,Evan Ferguson,Ferguson,Brighton,BHA,Forward,5.0,0,3.75,3.75,0,0.0,i,0.0,0.0,Ankle injury - Expected back 10 Oct,2026-07-23T12:01:23.448357Z,50,0.75,0,0.0,0,0,0,0,0,0,487117,,,,,,,2026-27,0c133121c3637cccea64e7dc70a58d499d53501a46c780f65d6f89cd020d52e9,2026-09-27T08:05:19.992073Z,new_player_position_prior,0.0,False,0.0,0.0,,,3.75,0.0,1.0,0.0,0.20840371621621623,0.01831081081081079
131,16,3,Carlos Baleba,Baleba,Man Utd,MUN,Midfielder,4.9,0,1.8064516129032258,3.0,0,0.1,a,100.0,50.0,,2026-08-06T16:00:10.997714Z,49,0.36866359447004604,0,0.0,0,0,0,0,0,0,535301,,,,,,,2026-27,0c133121c3637cccea64e7dc70a58d499d53501a46c780f65d6f89cd020d52e9,2026-09-27T08:05:19.992073Z,official_2025-26_stats,0.39473684210526316,False,1.0,0.0,,,1.8064516129032258,0.39473684210526316,0.999,0.0,0.20837195429725142,-0.022987142441981162
653,15,3,Floyd Samba,Samba,Man City,MCI,Midfielder,4.5,0,3.4,3.4,0,0.0,a,,,,,45,0.7555555555555555,0,0.0,0,0,0,0,0,0,595480,,,,,,,2026-27,0c133121c3637cccea64e7dc70a58d499d53501a46c780f65d6f89cd020d52e9,2026-09-27T08:05:19.992073Z,new_player_position_prior,0.42,False,1.0,0.0,,,3.4,0.42,1.0,0.0,0.2729527027027027,0.01306106106106103
628,15,3,Allan Andrade Elias,Allan,Man City,MCI,Midfielder,6.0,0,3.8499999999999996,3.8499999999999996,0,0.0,a,,,,,60,0.6416666666666666,0,0.0,0,0,0,0,0,0,624777,,,,,,,2026-27,0c133121c3637cccea64e7dc70a58d499d53501a46c780f65d6f89cd020d52e9,2026-09-27T08:05:19.992073Z,new_player_position_prior,0.5137499999999999,False,1.0,0.0,,,3.8499999999999996,0.5137499999999999,1.0,0.0,0.31671114864864863,0.011626876876876857
3,1,1,Illan Meslier,Meslier,Arsenal,ARS,Goalkeeper,4.9,0,3.47,3.47,0,0.0,a,,,,,49,0.7081632653061224,0,0.0,0,0,0,0,0,0,437495,,,,,,,2026-27,0c133121c3637cccea64e7dc70a58d499d53501a46c780f65d6f89cd020d52e9,2026-09-27T08:05:19.992073Z,new_player_position_prior,0.47625,False,1.0,0.0,,,3.47,0.47625,1.0,0.0,0.28809290540540544,0.01056278727707298
531,20,1,Melker Ellborg,Ellborg,Sunderland,SUN,Goalkeeper,4.5,0,5.333333333333333,0.0,0,0.1,a,,,,,45,1.1851851851851851,0,0.0,0,0,0,0,0,0,515046,,,,,,,2026-27,0c133121c3637cccea64e7dc70a58d499d53501a46c780f65d6f89cd020d52e9,2026-09-27T08:05:19.992073Z,official_2025-26_stats,0.07894736842105263,False,1.0,0.0,,,5.333333333333333,0.07894736842105263,0.999,0.0,0.18245614035087718,-0.009035802469135837
137,5,4,Stefanos Tzimas,Tzimas,Brighton,BHA,Forward,5.4,0,1.7777777777777777,0.0,0,0.0,i,0.0,0.0,Knee injury - Unknown return date,2026-07-23T12:01:23.432796Z,54,0.3292181069958847,0,0.0,0,0,0,0,0,0,608181,,,,,,,2026-27,0c133121c3637cccea64e7dc70a58d499d53501a46c780f65d6f89cd020d52e9,2026-09-27T08:05:19.992073Z,official_2025-26_stats,0.0,False,0.0,0.0,,,1.7777777777777777,0.0,1.0,0.0,0.05555555555555555,-0.07475994513031552
530,20,1,Anthony Patterson,Patterson,Sunderland,SUN,Goalkeeper,4.0,0,3.2094868329805055,3.2094868329805055,0,0.1,u,0.0,0.0,Has joined Wrexham permanently,2026-08-12T14:08:03.064533Z,40,0.8023717082451264,0,0.0,0,0,0,0,0,0,232571,,,,,,,2026-27,0c133121c3637cccea64e7dc70a58d499d53501a46c780f65d6f89cd020d52e9,2026-09-27T08:05:19.992073Z,new_player_position_prior,0.0,False,0.0,0.0,,,3.2094868329805055,0.0,0.999,0.0,0.17836506217070713,0.013660896725503899
134,5,3,Nehemiah Oriola,Oriola,Brighton,BHA,Midfielder,4.5,0,1.0,0.0,0,0.2,a,,,,,45,0.2222222222222222,0,0.0,0,0,0,0,0,0,556637,,,,,,,2026-27,0c133121c3637cccea64e7dc70a58d499d53501a46c780f65d6f89cd020d52e9,2026-09-27T08:05:19.992073Z,official_2025-26_stats,0.0,False,1.0,0.0,,,1.0,0.0,0.998,0.0,0.03125,-0.08276296296296297
133,5,3,Tom Watson,Watson,Brighton,BHA,Midfielder,5.0,0,0.8333333333333334,0.0,0,0.0,u,0.0,0.0,Has joined Leicester City on loan for the rest of the season,2026-08-03T14:05:44.459483Z,50,0.16666666666666669,0,0.0,0,0,0,0,0,0,549074,,,,,,,2026-27,0c133121c3637cccea64e7dc70a58d499d53501a46c780f65d6f89cd020d52e9,2026-09-27T08:05:19.992073Z,official_2025-26_stats,0.0,False,0.0,0.0,,,0.8333333333333334,0.0,1.0,0.0,0.026041666666666668,-0.08722222222222223
132,5,3,Harry Howell,Howell,Brighton,BHA,Midfielder,4.5,0,1.3333333333333333,0.0,0,0.0,u,0.0,0.0,Has joined Leicester City on loan for the rest of the season,2026-08-17T13:53:19.019938Z,45,0.2962962962962963,0,0.0,0,0,0,0,0,0,597320,,,,,,,2026-27,0c133121c3637cccea64e7dc70a58d499d53501a46c780f65d6f89cd020d52e9,2026-09-27T08:05:19.992073Z,official_2025-26_stats,0.0,False,0.0,0.0,,,1.3333333333333333,0.0,1.0,0.0,0.041666666666666664,-0.07728395061728396
128,5,3,Facundo Buonanotte,Buonanotte,Brighton,BHA,Midfielder,5.0,0,0.75,0.3333333333333333,0,0.0,u,0.0,0.0,Has joined Elche on loan for the rest of the season,2026-08-10T14:03:07.561436Z,50,0.15,0,0.0,0,0,0,0,0,0,536916,,,,,,,2026-27,0c133121c3637cccea64e7dc70a58d499d53501a46c780f65d6f89cd020d52e9,2026-09-27T08:05:19.992073Z,official_2025-26_stats,0.0,False,0.0,0.0,,,0.75,0.0,1.0,0.0,0.03154560810810811,-0.0830945945945946
601,19,3,Luca Williams-Barnett,Williams-Barnett,Spurs,TOT,Midfielder,4.5,0,3.4094868329805053,3.4094868329805053,0,0.1,a,,,,,45,0.7576637406623346,0,0.0,0,0,0,0,0,0,611917,,,,,,,2026-27,0c133121c3637cccea64e7dc70a58d499d53501a46c780f65d6f89cd020d52e9,2026-09-27T08:05:19.992073Z,new_player_position_prior,0.42790569415042096,False,1.0,0.0,,,3.4094868329805053,0.42790569415042096,0.999,0.0,0.27506106586565615,0.013476529120733091
122,5,3,Yankuba Minteh,Minteh,Brighton,BHA,Midfielder,5.8,0,3.5454545454545454,4.333333333333333,0,0.0,i,0.0,0.0,Leg injury - Expected back 28 Nov,2026-08-14T18:00:06.418033Z,58,0.6112852664576802,0,0.0,0,0,0,0,0,0,592031,,,,,5.0,,2026-27,0c133121c3637cccea64e7dc70a58d499d53501a46c780f65d6f89cd020d52e9,2026-09-27T08:05:19.992073Z,official_2025-26_stats,0.0,False,0.0,0.0,,,3.5454545454545454,0.0,1.0,0.0,0.21620085995085994,0.017135474032025727
121,5,3,Mitoma Kaoru,Mitoma,Brighton,BHA,Midfielder,5.9,0,2.5833333333333335,0.0,0,0.0,i,0.0,0.0,Hamstring injury - Expected back 10 Oct,2026-07-24T18:30:10.661894Z,59,0.4378531073446328,0,0.0,0,0,0,0,0,0,451340,,,,,,,2026-27,0c133121c3637cccea64e7dc70a58d499d53501a46c780f65d6f89cd020d52e9,2026-09-27T08:05:19.992073Z,official_2025-26_stats,0.0,False,0.0,0.0,,,2.5833333333333335,0.0,1.0,0.0,0.08072916666666667,-0.06643126177024483
425,16,2,Tyler Fredricson,Fredricson,Man Utd,MUN,Defender,4.0,0,1.0,0.0,0,0.0,u,0.0,0.0,Has joined Lausanne-Sport permanently,2026-08-18T14:12:31.904433Z,40,0.25,0,0.0,0,0,0,0,0,0,547676,,,,,,,2026-27,0c133121c3637cccea64e7dc70a58d499d53501a46c780f65d6f89cd020d52e9,2026-09-27T08:05:19.992073Z,official_2025-26_stats,0.0,False,0.0,0.0,,,1.0,0.0,1.0,0.0,0.03125,-0.08083333333333334
424,16,2,Harry Amass,Amass,Man Utd,MUN,Defender,4.0,0,3.0134164078649985,3.0134164078649985,0,0.2,a,,,,,40,0.7533541019662496,0,0.0,0,0,0,0,0,0,577974,,,,,,,2026-27,0c133121c3637cccea64e7dc70a58d499d53501a46c780f65d6f89cd020d52e9,2026-09-27T08:05:19.992073Z,new_player_position_prior,0.43118033988749893,False,1.0,0.0,,,3.0134164078649985,0.43118033988749893,0.998,0.0,0.2537046487524296,0.006823359836844872
528,19,4,Dane Scarlett,Scarlett,Spurs,TOT,Forward,4.5,0,1.0,0.0,0,1.1,u,0.0,0.0,Has joined Leyton Orient permanently,2026-09-02T16:02:43.413625Z,45,0.2222222222222222,0,0.0,0,0,0,0,0,0,490145,,,,,,,2026-27,0c133121c3637cccea64e7dc70a58d499d53501a46c780f65d6f89cd020d52e9,2026-09-27T08:05:19.992073Z,official_2025-26_stats,0.0,False,0.0,0.0,,,1.0,0.0,0.989,0.0,0.03125,-0.08186296296296297
524,19,3,Callum Olusesi,Olusesi,Spurs,TOT,Midfielder,4.4,0,1.0,0.0,0,1.0,a,,,,,44,0.22727272727272727,0,0.0,0,0,0,0,0,0,499726,,,,,,,2026-27,0c133121c3637cccea64e7dc70a58d499d53501a46c780f65d6f89cd020d52e9,2026-09-27T08:05:19.992073Z,official_2025-26_stats,0.0,False,1.0,0.0,,,1.0,0.0,0.99,0.0,0.03125,-0.08157575757575758
510,19,2,James Rowswell,Rowswell,Spurs,TOT,Defender,4.0,0,1.0,0.0,0,0.1,a,,,,,40,0.25,0,0.0,0,0,0,0,0,0,499716,,,,,,,2026-27,0c133121c3637cccea64e7dc70a58d499d53501a46c780f65d6f89cd020d52e9,2026-09-27T08:05:19.992073Z,official_2025-26_stats,0.0,False,1.0,0.0,,,1.0,0.0,0.999,0.0,0.03125,-0.08073333333333334
416,16,2,Matthijs de Ligt,De Ligt,Man Utd,MUN,Defender,5.0,0,3.3076923076923075,0.0,0,0.0,i,0.0,0.0,Back injury - Unknown return date,2026-07-23T12:01:23.690880Z,50,0.6615384615384615,0,0.0,0,0,0,0,0,0,209365,,,,,,,2026-27,0c133121c3637cccea64e7dc70a58d499d53501a46c780f65d6f89cd020d52e9,2026-09-27T08:05:19.992073Z,official_2025-26_stats,0.0,False,0.0,0.0,,,3.3076923076923075,0.0,1.0,0.0,0.10336538461538461,-0.049282051282051306
117,5,2,Diego Coppola,Coppola,Brighton,BHA,Defender,4.5,0,2.0,0.0,0,0.0,a,,,,,45,0.4444444444444444,0,0.0,0,0,0,0,0,0,550090,,,,,,,2026-27,0c133121c3637cccea64e7dc70a58d499d53501a46c780f65d6f89cd020d52e9,2026-09-27T08:05:19.992073Z,official_2025-26_stats,0.05263157894736842,False,1.0,0.0,,,2.0,0.05263157894736842,1.0,0.0,0.07302631578947369,-0.06592592592592594
111,5,1,Jason Steele,Steele,Brighton,BHA,Goalkeeper,4.0,0,3.2607453701939497,3.2607453701939497,0,4.1,a,,,,,40,0.8151863425484874,0,0.0,0,0,0,0,0,0,49262,,,,,,,2026-27,0c133121c3637cccea64e7dc70a58d499d53501a46c780f65d6f89cd020d52e9,2026-09-27T08:05:19.992073Z,new_player_position_prior,0.47062114182829146,False,1.0,0.0,,,3.2607453701939497,0.47062114182829146,0.959,0.0,0.27533794910785586,0.0194745715444751
661,4,1,Ellery Balcombe,Balcombe,Brentford,BRE,Goalkeeper,4.0,0,3.2,3.2,0,0.0,a,,,,,40,0.8,0,0.0,0,0,0,0,0,0,235448,,,,,,,2026-27,0c133121c3637cccea64e7dc70a58d499d53501a46c780f65d6f89cd020d52e9,2026-09-27T08:05:19.992073Z,new_player_position_prior,0.42,False,1.0,0.0,,,3.2,0.42,1.0,0.0,0.2618378378378379,0.013225225225225207
660,4,2,Benjamin Fredrick,Fredrick,Brentford,BRE,Defender,4.0,0,3.0,3.0,0,0.0,a,,,,,40,0.75,0,0.0,0,0,0,0,0,0,612534,,,,,,,2026-27,0c133121c3637cccea64e7dc70a58d499d53501a46c780f65d6f89cd020d52e9,2026-09-27T08:05:19.992073Z,new_player_position_prior,0.42,False,1.0,0.0,,,3.0,0.42,1.0,0.0,0.25072297297297297,0.006148648648648641
657,4,3,Gustavo Nunes Fernandes Gomes,Nunes,Brentford,BRE,Midfielder,4.5,0,3.4,3.4,0,0.0,a,,,,,45,0.7555555555555555,0,0.0,0,0,0,0,0,0,626464,,,,,,,2026-27,0c133121c3637cccea64e7dc70a58d499d53501a46c780f65d6f89cd020d52e9,2026-09-27T08:05:19.992073Z,new_player_position_prior,0.42,False,1.0,0.0,,,3.4,0.42,1.0,0.0,0.2729527027027027,0.01306106106106103
284,11,2,Cathal McCarthy,McCarthy,Hull City,HUL,Defender,4.0,0,2.809486832980505,2.809486832980505,0,0.1,a,,,,,40,0.7023717082451263,0,0.0,0,0,0,0,0,0,661800,,,,,,,2026-27,0c133121c3637cccea64e7dc70a58d499d53501a46c780f65d6f89cd020d52e9,2026-09-27T08:05:19.992073Z,new_player_position_prior,0.42790569415042096,True,1.0,0.0,,,2.809486832980505,0.42790569415042096,0.999,0.0,0.24171647127106158,-0.0004922564276492597
283,11,2,Matty Jacob,Jacob,Hull City,HUL,Defender,4.0,0,2.8,2.8,0,0.0,u,0.0,0.0,Has joined Newport County on loan until January,2026-08-02T09:00:11.038361Z,40,0.7,0,0.0,0,0,0,0,0,0,449428,,,,,,,2026-27,0c133121c3637cccea64e7dc70a58d499d53501a46c780f65d6f89cd020d52e9,2026-09-27T08:05:19.992073Z,new_player_position_prior,0.0,True,0.0,0.0,,,2.8,0.0,1.0,0.0,0.1556081081081081,-0.0009279279279279518
441,16,4,Chido Obi,Obi,Man Utd,MUN,Forward,4.5,0,3.6284604989415157,3.6284604989415157,0,0.9,u,0.0,0.0,Has joined Willem II on loan for the rest of the season,2026-09-14T16:12:42.090874Z,45,0.8063245553203369,0,0.0,0,0,0,0,0,0,596047,,,,,,,2026-27,0c133121c3637cccea64e7dc70a58d499d53501a46c780f65d6f89cd020d52e9,2026-09-27T08:05:19.992073Z,new_player_position_prior,0.0,False,0.0,0.0,,,3.6284604989415157,0.0,0.991,0.0,0.20164924056617545,0.02155811589072787
278,11,2,Charlie Hughes,Hughes,Hull City,HUL,Defender,3.9,0,2.8134164078649984,2.8134164078649984,0,0.2,i,0.0,0.0,Groin injury - Unknown return date,2026-08-02T09:00:11.030017Z,39,0.7213888225294868,0,11.8,0,0,0,0,0,0,501902,,,,,,,2026-27,0c133121c3637cccea64e7dc70a58d499d53501a46c780f65d6f89cd020d52e9,2026-09-27T08:05:19.992073Z,launch_evidence:official_scout_promoted_player_analysis,0.0,True,0.0,0.75,official_scout_promoted_player_analysis,https://www.premierleague.com/en/news/4680821/the-scouts-analysis-of-15-key-player-prices-in-202627-fantasy,2.8134164078649984,0.0,0.998,0.06555555555555556,0.15635371591006492,0.0011294451701164693
438,16,3,Tyler Fletcher,Fletcher,Man Utd,MUN,Midfielder,4.4,0,1.0,0.3333333333333333,0,0.3,a,,,,,44,0.22727272727272727,0,0.0,0,0,0,0,0,0,519913,,,,,,,2026-27,0c133121c3637cccea64e7dc70a58d499d53501a46c780f65d6f89cd020d52e9,2026-09-27T08:05:19.992073Z,official_2025-26_stats,0.0,False,1.0,0.0,,,1.0,0.0,0.997,0.0,0.03935810810810811,-0.07687035217035218
437,16,3,Bendito Mantato,Bendito Mantato,Man Utd,MUN,Midfielder,4.4,0,1.0,0.0,0,0.2,a,,,,,44,0.22727272727272727,0,0.0,0,0,0,0,0,0,576620,,,,,,,2026-27,0c133121c3637cccea64e7dc70a58d499d53501a46c780f65d6f89cd020d52e9,2026-09-27T08:05:19.992073Z,official_2025-26_stats,0.0,False,1.0,0.0,,,1.0,0.0,0.998,0.0,0.03125,-0.08237575757575757
436,16,3,Toby Collyer,Collyer,Man Utd,MUN,Midfielder,5.0,0,3.55,3.55,0,0.0,u,0.0,0.0,Has joined West Brom permanently,2026-09-01T13:16:48.584385Z,50,0.71,0,0.0,0,0,0,0,0,0,490881,,,,,,,2026-27,0c133121c3637cccea64e7dc70a58d499d53501a46c780f65d6f89cd020d52e9,2026-09-27T08:05:19.992073Z,new_player_position_prior,0.0,False,0.0,0.0,,,3.55,0.0,1.0,0.0,0.19728885135135132,0.012000900900900863
654,9,3,Braiden Graham,Graham,Everton,EVE,Midfielder,4.5,0,3.4094868329805053,3.4094868329805053,0,0.1,a,,,,,45,0.7576637406623346,0,0.0,0,0,0,0,0,0,629068,,,,,,,2026-27,0c133121c3637cccea64e7dc70a58d499d53501a46c780f65d6f89cd020d52e9,2026-09-27T08:05:19.992073Z,new_player_position_prior,0.42790569415042096,False,1.0,0.0,,,3.4094868329805053,0.42790569415042096,0.999,0.0,0.27506106586565615,0.013476529120733091
434,16,3,Jack Fletcher,J.Fletcher,Man Utd,MUN,Midfielder,4.9,0,1.0,0.0,0,0.0,a,,,,,49,0.2040816326530612,0,0.0,0,0,0,0,0,0,547037,,,,,,,2026-27,0c133121c3637cccea64e7dc70a58d499d53501a46c780f65d6f89cd020d52e9,2026-09-27T08:05:19.992073Z,official_2025-26_stats,0.0,False,1.0,0.0,,,1.0,0.0,1.0,0.0,0.03125,-0.08435374149659865
433,16,3,Manuel Ugarte Ribeiro,Ugarte,Man Utd,MUN,Midfielder,5.0,0,1.7272727272727273,0.0,0,0.0,i,0.0,0.0,Knee injury - Unknown return date,2026-07-23T12:01:23.706702Z,50,0.34545454545454546,0,0.0,0,0,0,0,0,0,232112,,,,,,,2026-27,0c133121c3637cccea64e7dc70a58d499d53501a46c780f65d6f89cd020d52e9,2026-09-27T08:05:19.992073Z,official_2025-26_stats,0.0,False,0.0,0.0,,,1.7272727272727273,0.0,1.0,0.0,0.05397727272727273,-0.07351515151515152
431,16,3,Amad Diallo,Amad,Man Utd,MUN,Midfielder,5.7,0,2.84375,4.0,0,0.3,i,0.0,0.0,Unspecified injury - Unknown return date,2026-08-22T11:00:08.617283Z,57,0.4989035087719298,0,0.0,0,0,0,0,0,0,493250,,,,,4.0,,2026-27,0c133121c3637cccea64e7dc70a58d499d53501a46c780f65d6f89cd020d52e9,2026-09-27T08:05:19.992073Z,official_2025-26_stats,0.0,False,0.0,0.0,,,2.84375,0.0,0.997,0.0,0.1861644847972973,0.0034141338707127933
466,17,4,Sean Neave,Neave,Newcastle,NEW,Forward,4.5,0,1.0,0.3333333333333333,0,0.5,u,0.0,0.0,Has joined Wolves on loan for the rest of the season,2026-09-04T12:37:43.515176Z,45,0.2222222222222222,0,0.0,0,0,0,0,0,0,599303,,,,,,,2026-27,0c133121c3637cccea64e7dc70a58d499d53501a46c780f65d6f89cd020d52e9,2026-09-27T08:05:19.992073Z,official_2025-26_stats,0.0,False,0.0,0.0,,,1.0,0.0,0.995,0.0,0.03935810810810811,-0.07705755755755757
107,4,4,Kaye Furo,Furo,Brentford,BRE,Forward,4.5,0,1.0,0.0,0,0.9,i,0.0,0.0,Unspecified injury - Unknown return date,2026-09-14T14:00:09.985723Z,45,0.2222222222222222,0,0.0,0,0,0,0,0,0,593174,,,,,,,2026-27,0c133121c3637cccea64e7dc70a58d499d53501a46c780f65d6f89cd020d52e9,2026-09-27T08:05:19.992073Z,official_2025-26_stats,0.0,False,0.0,0.0,,,1.0,0.0,0.991,0.0,0.03125,-0.08206296296296298
103,4,3,Josh Dasilva,Dasilva,Brentford,BRE,Midfielder,4.9,0,1.0,0.3333333333333333,0,0.0,i,0.0,0.0,Hamstring injury - Expected back 10 Oct,2026-09-04T13:30:08.371955Z,49,0.2040816326530612,0,0.0,0,0,0,0,0,0,183656,,,,,,,2026-27,0c133121c3637cccea64e7dc70a58d499d53501a46c780f65d6f89cd020d52e9,2026-09-27T08:05:19.992073Z,official_2025-26_stats,0.0,False,0.0,0.0,,,1.0,0.0,1.0,0.0,0.03935810810810811,-0.07894833609119324
99,4,3,Antoni Milambo,Milambo,Brentford,BRE,Midfielder,5.0,0,1.0,0.0,0,0.0,i,0.0,0.0,Knee injury - Unknown return date,2026-07-23T12:01:23.384798Z,50,0.2,0,0.0,0,0,0,0,0,0,543295,,,,,,,2026-27,0c133121c3637cccea64e7dc70a58d499d53501a46c780f65d6f89cd020d52e9,2026-09-27T08:05:19.992073Z,official_2025-26_stats,0.0,False,0.0,0.0,,,1.0,0.0,1.0,0.0,0.03125,-0.08466666666666667
92,4,2,Kim Ji-soo,Ji-soo,Brentford,BRE,Defender,4.4,0,3.12,3.12,0,0.0,a,,,,,44,0.7090909090909091,0,0.0,0,0,0,0,0,0,570241,,,,,,,2026-27,0c133121c3637cccea64e7dc70a58d499d53501a46c780f65d6f89cd020d52e9,2026-09-27T08:05:19.992073Z,new_player_position_prior,0.445,False,1.0,0.0,,,3.12,0.445,1.0,0.0,0.2623918918918919,0.004958230958230947
235,9,2,Adam Aznou,Aznou,Everton,EVE,Defender,4.0,0,3.0094868329805053,3.0094868329805053,0,0.1,u,0.0,0.0,Has joined Malaga on loan for the rest of the season,2026-09-01T13:23:16.934847Z,40,0.7523717082451263,0,0.0,0,0,0,0,0,0,499300,,,,,,,2026-27,0c133121c3637cccea64e7dc70a58d499d53501a46c780f65d6f89cd020d52e9,2026-09-27T08:05:19.992073Z,new_player_position_prior,0.0,False,0.0,0.0,,,3.0094868329805053,0.0,0.999,0.0,0.16725019730584229,0.0065843201489273195
458,17,3,Joelinton Cássio Apolinário de Lira,Joelinton,Newcastle,NEW,Midfielder,5.4,0,2.7037037037037037,0.6666666666666666,0,0.0,i,0.0,0.0,Unspecified injury - Unknown return date,2026-08-16T08:00:08.074045Z,54,0.5006858710562414,0,0.0,0,0,0,0,0,0,180974,,,,,,,2026-27,0c133121c3637cccea64e7dc70a58d499d53501a46c780f65d6f89cd020d52e9,2026-09-27T08:05:19.992073Z,official_2025-26_stats,0.0,False,0.0,0.0,,,2.7037037037037037,0.0,1.0,0.0,0.10070695695695696,-0.0508032724082107
234,9,2,Nathan Patterson,Patterson,Everton,EVE,Defender,4.5,0,3.142857142857143,0.0,0,0.0,u,0.0,0.0,Has joined Torino permanently,2026-09-02T16:05:23.326971Z,45,0.6984126984126984,0,0.0,0,0,0,0,0,0,243571,,,,,,,2026-27,0c133121c3637cccea64e7dc70a58d499d53501a46c780f65d6f89cd020d52e9,2026-09-27T08:05:19.992073Z,official_2025-26_stats,0.0,False,0.0,0.0,,,3.142857142857143,0.0,1.0,0.0,0.09821428571428571,-0.04645502645502648
451,17,2,Alex Murphy,A.Murphy,Newcastle,NEW,Defender,4.0,0,1.0,0.3333333333333333,0,0.1,u,0.0,0.0,Has joined FC Kaiserslautern on loan for the rest of the season,2026-08-12T14:05:29.224600Z,40,0.25,0,0.0,0,0,0,0,0,0,545477,,,,,,,2026-27,0c133121c3637cccea64e7dc70a58d499d53501a46c780f65d6f89cd020d52e9,2026-09-27T08:05:19.992073Z,official_2025-26_stats,0.0,False,0.0,0.0,,,1.0,0.0,0.999,0.0,0.03935810810810811,-0.07532792792792793
448,17,2,Dan Burn,Burn,Newcastle,NEW,Defender,4.8,0,3.206896551724138,1.3333333333333333,0,0.7,i,0.0,0.0,Ankle injury - Expected back 12 Oct,2026-08-23T18:00:08.367241Z,48,0.6681034482758621,0,0.0,0,0,0,0,0,0,78916,,,,,,,2026-27,0c133121c3637cccea64e7dc70a58d499d53501a46c780f65d6f89cd020d52e9,2026-09-27T08:05:19.992073Z,official_2025-26_stats,0.0,False,0.0,0.0,,,3.206896551724138,0.0,0.993,0.0,0.13264794967381174,-0.026457114010562305
276,11,1,Thimothée Lo-Tutala,Lo-Tutala,Hull City,HUL,Goalkeeper,4.0,0,3.0,3.0,0,0.0,u,0.0,0.0,Has joined Colchester United on loan for the rest of the season,2026-08-17T13:50:27.125537Z,40,0.75,0,0.0,0,0,0,0,0,0,444307,,,,,,,2026-27,0c133121c3637cccea64e7dc70a58d499d53501a46c780f65d6f89cd020d52e9,2026-09-27T08:05:19.992073Z,new_player_position_prior,0.0,True,0.0,0.0,,,3.0,0.0,1.0,0.0,0.16672297297297295,0.006148648648648641
444,17,1,Ewen Jaouen,Jaouen,Newcastle,NEW,Goalkeeper,4.4,0,3.3200000000000003,3.3200000000000003,0,0.0,d,50.0,50.0,Ankle injury - 50% chance of playing,2026-09-10T16:00:09.127466Z,44,0.7545454545454545,0,0.0,0,0,0,0,0,0,554578,,,,,,,2026-27,0c133121c3637cccea64e7dc70a58d499d53501a46c780f65d6f89cd020d52e9,2026-09-27T08:05:19.992073Z,new_player_position_prior,0.445,False,0.5,0.0,,,3.3200000000000003,0.445,1.0,0.0,0.2735067567567568,0.011686322686322678
443,17,1,Mark Gillespie,Gillespie,Newcastle,NEW,Goalkeeper,4.5,0,3.35,3.35,0,0.0,a,,,,,45,0.7444444444444445,0,0.0,0,0,0,0,0,0,81441,,,,,,,2026-27,0c133121c3637cccea64e7dc70a58d499d53501a46c780f65d6f89cd020d52e9,2026-09-27T08:05:19.992073Z,new_player_position_prior,0.45125,False,1.0,0.0,,,3.35,0.45125,1.0,0.0,0.2764239864864865,0.011398398398398388
442,17,1,Nick Pope,Pope,Newcastle,NEW,Goalkeeper,4.9,0,3.5555555555555554,3.0,0,0.9,a,,,,,49,0.7256235827664398,0,0.0,0,0,0,0,0,0,98747,,,,,,,2026-27,0c133121c3637cccea64e7dc70a58d499d53501a46c780f65d6f89cd020d52e9,2026-09-27T08:05:19.992073Z,official_2025-26_stats,0.7105263157894737,False,1.0,0.0,,,3.5555555555555554,0.7105263157894737,0.991,0.0,0.3261893472419788,0.005179789994075687
275,11,1,Harvey Cartwright,Cartwright,Hull City,HUL,Goalkeeper,4.0,0,3.0,3.0,0,0.0,u,0.0,0.0,Has joined Grimsby Town on loan for the rest of the season,2026-07-29T13:00:27.959925Z,40,0.75,0,0.0,0,0,0,0,0,0,494950,,,,,,,2026-27,0c133121c3637cccea64e7dc70a58d499d53501a46c780f65d6f89cd020d52e9,2026-09-27T08:05:19.992073Z,new_player_position_prior,0.0,True,0.0,0.0,,,3.0,0.0,1.0,0.0,0.16672297297297295,0.006148648648648641
118,5,2,Igor Julio dos Santos de Paulo,Igor,Brighton,BHA,Defender,4.5,0,1.5,0.0,0,0.0,u,0.0,0.0,Has joined Burnley permanently,2026-09-02T15:38:15.529699Z,45,0.3333333333333333,0,0.0,0,0,0,0,0,0,223434,,,,,,,2026-27,0c133121c3637cccea64e7dc70a58d499d53501a46c780f65d6f89cd020d52e9,2026-09-27T08:05:19.992073Z,official_2025-26_stats,0.0,False,0.0,0.0,,,1.5,0.0,1.0,0.0,0.046875,-0.07444444444444445
666,17,3,Kyran Thompson,Thompson,Newcastle,NEW,Midfielder,4.5,0,3.4,3.4,0,0.0,a,,,,,45,0.7555555555555555,0,0.0,0,0,0,0,0,0,671875,,,,,,,2026-27,0c133121c3637cccea64e7dc70a58d499d53501a46c780f65d6f89cd020d52e9,2026-09-27T08:05:19.992073Z,new_player_position_prior,0.42,False,1.0,0.0,,,3.4,0.42,1.0,0.0,0.2729527027027027,0.01306106106106103
665,17,3,Michael Mills,Mills,Newcastle,NEW,Midfielder,4.5,0,3.4,3.4,0,0.0,a,,,,,45,0.7555555555555555,0,0.0,0,0,0,0,0,0,655585,,,,,,,2026-27,0c133121c3637cccea64e7dc70a58d499d53501a46c780f65d6f89cd020d52e9,2026-09-27T08:05:19.992073Z,new_player_position_prior,0.42,False,1.0,0.0,,,3.4,0.42,1.0,0.0,0.2729527027027027,0.01306106106106103
85,4,2,Sepp van den Berg,Van den Berg,Brentford,BRE,Defender,4.9,0,3.53125,2.6666666666666665,0,0.1,i,0.0,0.0,Groin injury - Unknown return date,2026-08-15T15:30:06.416627Z,49,0.7206632653061223,0,0.0,0,0,0,0,0,0,444765,,,,,,,2026-27,0c133121c3637cccea64e7dc70a58d499d53501a46c780f65d6f89cd020d52e9,2026-09-27T08:05:19.992073Z,official_2025-26_stats,0.0,False,0.0,0.0,,,3.53125,0.0,0.999,0.0,0.17521642736486487,-0.0014059064166207363
83,4,1,Hákon Rafn Valdimarsson,Valdimarsson,Brentford,BRE,Goalkeeper,4.5,0,1.0,0.0,0,0.1,a,,,,,45,0.2222222222222222,0,0.0,0,0,0,0,0,0,507433,,,,,,,2026-27,0c133121c3637cccea64e7dc70a58d499d53501a46c780f65d6f89cd020d52e9,2026-09-27T08:05:19.992073Z,official_2025-26_stats,0.02631578947368421,False,1.0,0.0,,,1.0,0.02631578947368421,0.999,0.0,0.036513157894736845,-0.08286296296296297
274,11,1,Jack Butland,Butland,Hull City,HUL,Goalkeeper,4.4,0,3.1294868329805055,3.1294868329805055,0,0.1,i,0.0,0.0,Arm injury - Unknown return date,2026-08-08T19:00:05.601633Z,44,0.7112470074955693,0,0.0,0,0,0,0,0,0,105666,,,,,,,2026-27,0c133121c3637cccea64e7dc70a58d499d53501a46c780f65d6f89cd020d52e9,2026-09-27T08:05:19.992073Z,new_player_position_prior,0.0,True,0.0,0.0,,,3.1294868329805055,0.0,0.999,0.0,0.1739191162247612,0.0053773723707405685
297,11,3,Darko Gyabi,Gyabi,Hull City,HUL,Midfielder,4.4,0,3.1999999999999997,3.1999999999999997,0,0.0,i,0.0,0.0,Thigh injury - Unknown return date,2026-08-04T18:30:11.027155Z,44,0.7272727272727272,0,0.0,0,0,0,0,0,0,470294,,,,,,,2026-27,0c133121c3637cccea64e7dc70a58d499d53501a46c780f65d6f89cd020d52e9,2026-09-27T08:05:19.992073Z,new_player_position_prior,0.0,True,0.0,0.0,,,3.1999999999999997,0.0,1.0,0.0,0.1778378378378378,0.007649467649467612
573,3,2,Juanlu Sánchez,Sanchez,Bournemouth,BOU,Defender,4.4,0,3.1334164078649986,3.1334164078649986,0,0.2,a,,,,,44,0.7121400926965905,0,0.0,0,0,0,0,0,0,494928,,,,,,,2026-27,0c133121c3637cccea64e7dc70a58d499d53501a46c780f65d6f89cd020d52e9,2026-09-27T08:05:19.992073Z,new_player_position_prior,0.45618033988749895,False,1.0,0.0,,,3.1334164078649986,0.45618033988749895,0.998,0.0,0.2653735676713485,0.005609565072116962
296,11,3,David Akintola,Akintola,Hull City,HUL,Midfielder,5.0,0,3.3499999999999996,3.3499999999999996,0,0.0,u,0.0,0.0,Has joined Omonoia FC permanently,2026-09-11T14:42:38.120231Z,50,0.6699999999999999,0,0.0,0,0,0,0,0,0,213292,,,,,,,2026-27,0c133121c3637cccea64e7dc70a58d499d53501a46c780f65d6f89cd020d52e9,2026-09-27T08:05:19.992073Z,new_player_position_prior,0.0,True,0.0,0.0,,,3.3499999999999996,0.0,1.0,0.0,0.18617398648648648,0.005690990990990963
80,3,4,Enes Ünal,Enes Ünal,Bournemouth,BOU,Forward,5.5,0,1.173913043478261,1.0,0,0.0,u,0.0,0.0,Has joined Getafe permanently,2026-08-14T14:14:21.881112Z,55,0.21343873517786563,0,0.0,0,0,0,0,0,0,168636,,,,,,,2026-27,0c133121c3637cccea64e7dc70a58d499d53501a46c780f65d6f89cd020d52e9,2026-09-27T08:05:19.992073Z,official_2025-26_stats,0.0,False,0.0,0.0,,,1.173913043478261,0.0,1.0,0.0,0.061009106933019974,-0.06742014742014743
78,3,3,Junior Kroupi,Kroupi.Jr,Bournemouth,BOU,Midfielder,7.4,0,3.53125,4.0,0,0.2,i,0.0,0.0,Foot injury - Expected back 7 Nov,2026-07-29T17:30:09.796802Z,74,0.47719594594594594,0,0.0,0,0,0,0,0,0,560262,1.0,,,,,,2026-27,0c133121c3637cccea64e7dc70a58d499d53501a46c780f65d6f89cd020d52e9,2026-09-27T08:05:19.992073Z,official_2025-26_stats,0.0,False,0.0,0.0,,,3.53125,0.0,0.998,0.0,0.2076488597972973,0.001649887387387361
77,3,3,Amine Adli,Adli,Bournemouth,BOU,Midfielder,4.9,0,2.161290322580645,0.6666666666666666,0,0.0,i,0.0,0.0,Calf injury - Unknown return date,2026-08-15T16:00:07.590566Z,49,0.44107965766951934,0,0.0,0,0,0,0,0,0,489888,,,,,,,2026-27,0c133121c3637cccea64e7dc70a58d499d53501a46c780f65d6f89cd020d52e9,2026-09-27T08:05:19.992073Z,official_2025-26_stats,0.0,False,0.0,0.0,,,2.161290322580645,0.0,1.0,0.0,0.08375653879686137,-0.05537308210119272
664,17,4,Vakhtang Salia,Salia,Newcastle,NEW,Forward,4.5,0,3.6094868329805054,3.6094868329805054,0,0.1,a,,,,,45,0.802108185106779,0,0.0,0,0,0,0,0,0,601767,,,,,,,2026-27,0c133121c3637cccea64e7dc70a58d499d53501a46c780f65d6f89cd020d52e9,2026-09-27T08:05:19.992073Z,new_player_position_prior,0.42790569415042096,False,1.0,0.0,,,3.6094868329805054,0.42790569415042096,0.999,0.0,0.28617593073052106,0.020127179771383757
663,17,2,Miodrag Pivas,Pivas,Newcastle,NEW,Defender,4.0,0,3.0,3.0,0,0.0,a,,,,,40,0.75,0,0.0,0,0,0,0,0,0,578512,,,,,,,2026-27,0c133121c3637cccea64e7dc70a58d499d53501a46c780f65d6f89cd020d52e9,2026-09-27T08:05:19.992073Z,new_player_position_prior,0.42,False,1.0,0.0,,,3.0,0.42,1.0,0.0,0.25072297297297297,0.006148648648648641
659,17,3,Mason Miley,Miley,Newcastle,NEW,Midfielder,4.5,0,3.4,3.4,0,0.0,a,,,,,45,0.7555555555555555,0,0.0,0,0,0,0,0,0,665243,,,,,,,2026-27,0c133121c3637cccea64e7dc70a58d499d53501a46c780f65d6f89cd020d52e9,2026-09-27T08:05:19.992073Z,new_player_position_prior,0.42,False,1.0,0.0,,,3.4,0.42,1.0,0.0,0.2729527027027027,0.01306106106106103
609,17,2,Leo Shahar,Shahar,Newcastle,NEW,Defender,4.0,0,3.0134164078649985,3.0134164078649985,0,0.2,u,0.0,0.0,has joined Arouca on loan for the rest of the seaon.,2026-09-11T14:41:57.406766Z,40,0.7533541019662496,0,0.0,0,0,0,0,0,0,553746,,,,,,,2026-27,0c133121c3637cccea64e7dc70a58d499d53501a46c780f65d6f89cd020d52e9,2026-09-27T08:05:19.992073Z,new_player_position_prior,0.0,False,0.0,0.0,,,3.0134164078649985,0.0,0.998,0.0,0.16746858077492982,0.006823359836844872
294,11,3,Óscar Zambrano,Zambrano,Hull City,HUL,Midfielder,4.5,0,3.209486832980505,3.209486832980505,0,0.1,a,100.0,100.0,,2026-08-04T18:30:11.016909Z,45,0.71321929621789,0,0.0,0,0,0,0,0,0,553783,,,,,,,2026-27,0c133121c3637cccea64e7dc70a58d499d53501a46c780f65d6f89cd020d52e9,2026-09-27T08:05:19.992073Z,new_player_position_prior,0.42790569415042096,True,1.0,0.0,,,3.209486832980505,0.42790569415042096,0.999,0.0,0.26394620100079136,0.006825878470082453
485,18,3,Dilane Bakwa,Bakwa,Nott'm Forest,NFO,Midfielder,5.5,0,1.8571428571428572,1.3333333333333333,0,0.0,u,0.0,0.0,Has joined Lille on loan for the rest of the season,2026-08-27T14:53:03.381941Z,55,0.33766233766233766,0,0.0,0,0,0,0,0,0,476887,,,,,,,2026-27,0c133121c3637cccea64e7dc70a58d499d53501a46c780f65d6f89cd020d52e9,2026-09-27T08:05:19.992073Z,official_2025-26_stats,0.0,False,0.0,0.0,,,1.8571428571428572,0.0,1.0,0.0,0.09046814671814671,-0.0524909324909325
484,18,3,Omari Hutchinson,Hutchinson,Nott'm Forest,NFO,Midfielder,5.4,0,2.6451612903225805,2.6666666666666665,0,0.1,u,0.0,0.0,Has joined AC Milan on loan for the rest of the season,2026-09-01T13:23:52.340206Z,54,0.4898446833930704,0,0.0,0,0,0,0,0,0,503301,,,,,,,2026-27,0c133121c3637cccea64e7dc70a58d499d53501a46c780f65d6f89cd020d52e9,2026-09-27T08:05:19.992073Z,official_2025-26_stats,0.0,False,0.0,0.0,,,2.6451612903225805,0.0,0.999,0.0,0.1475261551874455,-0.019101997696621367
293,11,3,Abu Kamara,Kamara,Hull City,HUL,Midfielder,5.0,0,3.3499999999999996,3.3499999999999996,0,0.0,u,0.0,0.0,Has joined Portsmouth permanently,2026-08-12T14:08:23.542043Z,50,0.6699999999999999,0,0.0,0,0,0,0,0,0,490161,,,,,,,2026-27,0c133121c3637cccea64e7dc70a58d499d53501a46c780f65d6f89cd020d52e9,2026-09-27T08:05:19.992073Z,new_player_position_prior,0.0,True,0.0,0.0,,,3.3499999999999996,0.0,1.0,0.0,0.18617398648648648,0.005690990990990963
479,18,2,Tyler Bindon,Bindon,Nott'm Forest,NFO,Defender,4.0,0,3.0094868329805053,3.0094868329805053,0,0.1,u,0.0,0.0,Has joined Charlton Athletic on loan for the rest of the season,2026-09-01T13:16:05.383880Z,40,0.7523717082451263,0,0.0,0,0,0,0,0,0,538638,,,,,,,2026-27,0c133121c3637cccea64e7dc70a58d499d53501a46c780f65d6f89cd020d52e9,2026-09-27T08:05:19.992073Z,new_player_position_prior,0.0,False,0.0,0.0,,,3.0094868329805053,0.0,0.999,0.0,0.16725019730584229,0.0065843201489273195
231,9,2,Michael Keane,Keane,Everton,EVE,Defender,4.8,0,3.9696969696969697,3.0,0,0.7,a,,,,,48,0.8270202020202021,0,0.0,0,0,0,0,0,0,106611,,,,,,,2026-27,0c133121c3637cccea64e7dc70a58d499d53501a46c780f65d6f89cd020d52e9,2026-09-27T08:05:19.992073Z,official_2025-26_stats,0.7631578947368421,False,1.0,0.0,,,3.9696969696969697,0.7631578947368421,0.993,0.0,0.34965758222337173,0.012753530803530796
228,9,1,Tom King,King,Everton,EVE,Goalkeeper,4.5,0,3.35,3.35,0,0.0,a,,,,,45,0.7444444444444445,0,0.0,0,0,0,0,0,0,138001,,,,,,,2026-27,0c133121c3637cccea64e7dc70a58d499d53501a46c780f65d6f89cd020d52e9,2026-09-27T08:05:19.992073Z,new_player_position_prior,0.45125,False,1.0,0.0,,,3.35,0.45125,1.0,0.0,0.2764239864864865,0.011398398398398388
66,3,2,Julio Soler Barreto,Soler,Bournemouth,BOU,Defender,4.0,0,1.0,0.0,0,0.3,a,100.0,100.0,,2026-08-15T16:30:07.021055Z,40,0.25,0,0.0,0,0,0,0,0,0,575901,,,,,,,2026-27,0c133121c3637cccea64e7dc70a58d499d53501a46c780f65d6f89cd020d52e9,2026-09-27T08:05:19.992073Z,official_2025-26_stats,0.0,False,1.0,0.0,,,1.0,0.0,0.997,0.0,0.03125,-0.08053333333333335
65,3,2,Julián Araujo Zúñiga,J.Araujo,Bournemouth,BOU,Defender,4.4,0,3.12,3.12,0,0.0,i,0.0,0.0,Thigh injury - Unknown return date,2026-08-09T08:00:05.645826Z,44,0.7090909090909091,0,0.0,0,0,0,0,0,0,436893,,,,,,,2026-27,0c133121c3637cccea64e7dc70a58d499d53501a46c780f65d6f89cd020d52e9,2026-09-27T08:05:19.992073Z,new_player_position_prior,0.0,False,0.0,0.0,,,3.12,0.0,1.0,0.0,0.17339189189189189,0.004958230958230947
63,3,2,Veljko Milosavljevic,Milosavljević,Bournemouth,BOU,Defender,4.9,0,2.7142857142857144,0.0,0,0.0,i,0.0,0.0,Thigh injury - Unknown return date,2026-08-06T10:00:10.456051Z,49,0.553935860058309,0,0.0,0,0,0,0,0,0,620487,,,,,,,2026-27,0c133121c3637cccea64e7dc70a58d499d53501a46c780f65d6f89cd020d52e9,2026-09-27T08:05:19.992073Z,official_2025-26_stats,0.0,False,0.0,0.0,,,2.7142857142857144,0.0,1.0,0.0,0.08482142857142858,-0.05753158406219633
62,3,2,Bafodé Diakité,Diakité,Bournemouth,BOU,Defender,4.9,0,2.5555555555555554,0.0,0,0.2,a,,,,,49,0.5215419501133786,0,0.0,0,0,0,0,0,0,242882,,,,,,,2026-27,0c133121c3637cccea64e7dc70a58d499d53501a46c780f65d6f89cd020d52e9,2026-09-27T08:05:19.992073Z,official_2025-26_stats,0.34210526315789475,False,1.0,0.0,,,2.5555555555555554,0.34210526315789475,0.998,0.0,0.14828216374269004,-0.05981511715797432
227,9,1,Mark Travers,Travers,Everton,EVE,Goalkeeper,5.0,0,3.5,3.5,0,0.0,a,,,,,50,0.7,0,0.0,0,0,0,0,0,0,229600,,,,,,,2026-27,0c133121c3637cccea64e7dc70a58d499d53501a46c780f65d6f89cd020d52e9,2026-09-27T08:05:19.992073Z,new_player_position_prior,0.4825,False,1.0,0.0,,,3.5,0.4825,1.0,0.0,0.29101013513513513,0.010423423423423395
477,18,2,Zach Abbott,Abbott,Nott'm Forest,NFO,Defender,4.0,0,1.0,0.0,0,0.1,u,0.0,0.0,Has joined Southampton on loan for the rest of the season,2026-09-02T16:19:54.536676Z,40,0.25,0,0.0,0,0,0,0,0,0,549067,,,,,,,2026-27,0c133121c3637cccea64e7dc70a58d499d53501a46c780f65d6f89cd020d52e9,2026-09-27T08:05:19.992073Z,official_2025-26_stats,0.0,False,0.0,0.0,,,1.0,0.0,0.999,0.0,0.03125,-0.08073333333333334
476,18,2,Omar Richards,O.Richards,Nott'm Forest,NFO,Defender,4.0,0,3.0134164078649985,3.0134164078649985,0,0.2,a,,,,,40,0.7533541019662496,0,0.0,0,0,0,0,0,0,204822,,,,,,,2026-27,0c133121c3637cccea64e7dc70a58d499d53501a46c780f65d6f89cd020d52e9,2026-09-27T08:05:19.992073Z,new_player_position_prior,0.43118033988749893,False,1.0,0.0,,,3.0134164078649985,0.43118033988749893,0.998,0.0,0.2537046487524296,0.006823359836844872
475,18,2,Nicolò Savona,Savona,Nott'm Forest,NFO,Defender,4.5,0,2.7857142857142856,0.0,0,0.0,i,0.0,0.0,Knee injury - Unknown return date,2026-07-23T12:01:23.816304Z,45,0.6190476190476191,0,0.0,0,0,0,0,0,0,500151,,,,,,,2026-27,0c133121c3637cccea64e7dc70a58d499d53501a46c780f65d6f89cd020d52e9,2026-09-27T08:05:19.992073Z,official_2025-26_stats,0.0,False,0.0,0.0,,,2.7857142857142856,0.0,1.0,0.0,0.08705357142857142,-0.05253968253968255
470,18,2,Felipe Rodrigues da Silva,Morato,Nott'm Forest,NFO,Defender,5.0,0,2.5238095238095237,5.0,0,0.0,u,0.0,0.0,Has joined West Ham on loan for the rest of the season,2026-09-02T16:19:54.503286Z,50,0.5047619047619047,0,0.0,0,0,0,0,0,0,485047,,,,,,,2026-27,0c133121c3637cccea64e7dc70a58d499d53501a46c780f65d6f89cd020d52e9,2026-09-27T08:05:19.992073Z,official_2025-26_stats,0.0,False,0.0,0.0,,,2.5238095238095237,0.0,1.0,0.0,0.20049066924066922,0.01977949377949377
468,18,1,John Victor Maciel Furtado,John,Nott'm Forest,NFO,Goalkeeper,4.5,0,2.2,0.0,0,0.1,a,,,,,45,0.48888888888888893,0,0.0,0,0,0,0,0,0,221389,,,,,,,2026-27,0c133121c3637cccea64e7dc70a58d499d53501a46c780f65d6f89cd020d52e9,2026-09-27T08:05:19.992073Z,official_2025-26_stats,0.13157894736842105,False,1.0,0.0,,,2.2,0.13157894736842105,0.999,0.0,0.09506578947368421,-0.062418518518518526
494,19,1,Guglielmo Vicario,Vicario,Spurs,TOT,Goalkeeper,4.5,0,2.903225806451613,0.0,0,0.1,u,0.0,0.0,Has joined Juventus on loan for the rest of the season,2026-08-19T13:55:33.193962Z,45,0.6451612903225806,0,0.0,0,0,0,0,0,0,184254,,,,,,,2026-27,0c133121c3637cccea64e7dc70a58d499d53501a46c780f65d6f89cd020d52e9,2026-09-27T08:05:19.992073Z,official_2025-26_stats,0.0,False,0.0,0.0,,,2.903225806451613,0.0,0.999,0.0,0.0907258064516129,-0.05043763440860217
21,9,3,Christian Nørgaard,Nørgaard,Everton,EVE,Midfielder,4.9,0,1.0,0.3333333333333333,0,0.0,i,0.0,0.0,Groin injury - Unknown return date,2026-08-15T20:00:06.779594Z,49,0.2040816326530612,0,0.0,0,0,0,0,0,0,128295,,,,,,,2026-27,0c133121c3637cccea64e7dc70a58d499d53501a46c780f65d6f89cd020d52e9,2026-09-27T08:05:19.992073Z,official_2025-26_stats,0.0,False,0.0,0.0,,,1.0,0.0,1.0,0.0,0.03935810810810811,-0.07894833609119324
59,3,1,Will Dennis,Dennis,Bournemouth,BOU,Goalkeeper,4.0,0,3.2094868329805055,3.2094868329805055,0,0.1,u,0.0,0.0,Has joined MK Dons permanently,2026-08-27T14:53:48.692835Z,40,0.8023717082451264,0,0.0,0,0,0,0,0,0,444172,,,,,,,2026-27,0c133121c3637cccea64e7dc70a58d499d53501a46c780f65d6f89cd020d52e9,2026-09-27T08:05:19.992073Z,new_player_position_prior,0.0,False,0.0,0.0,,,3.2094868329805055,0.0,0.999,0.0,0.17836506217070713,0.013660896725503899
58,3,1,Fraser Forster,Forster,Bournemouth,BOU,Goalkeeper,4.0,0,3.2561248608016093,3.2561248608016093,0,3.5,a,,,,,40,0.8140312152004023,0,0.0,0,0,0,0,0,0,40383,,,,,,,2026-27,0c133121c3637cccea64e7dc70a58d499d53501a46c780f65d6f89cd020d52e9,2026-09-27T08:05:19.992073Z,new_player_position_prior,0.46677071733467423,False,1.0,0.0,,,3.2561248608016093,0.46677071733467423,0.965,0.0,0.27431108252161884,0.018711084601786665
667,2,1,James Wright,Wright,Aston Villa,AVL,Goalkeeper,4.0,0,3.2094868329805055,3.2094868329805055,0,0.1,a,,,,,40,0.8023717082451264,0,0.0,0,0,0,0,0,0,481283,,,,,,,2026-27,0c133121c3637cccea64e7dc70a58d499d53501a46c780f65d6f89cd020d52e9,2026-09-27T08:05:19.992073Z,new_player_position_prior,0.42790569415042096,False,1.0,0.0,,,3.2094868329805055,0.42790569415042096,0.999,0.0,0.26394620100079136,0.013660896725503899
292,11,3,Abdülkadir Ömür,Ömür,Hull City,HUL,Midfielder,4.9,0,3.32,3.32,0,0.0,a,,,,,49,0.6775510204081632,0,0.0,0,0,0,0,0,0,208481,,,,,,,2026-27,0c133121c3637cccea64e7dc70a58d499d53501a46c780f65d6f89cd020d52e9,2026-09-27T08:05:19.992073Z,new_player_position_prior,0.445,True,1.0,0.0,,,3.32,0.445,1.0,0.0,0.27350675675675673,0.005783416069130326
630,2,2,Taylor Harwood-Bellis,Harwood-Bellis,Aston Villa,AVL,Defender,4.5,0,3.15,3.15,0,0.0,a,,,,,45,0.7,0,0.0,0,0,0,0,0,0,245719,,,,,,,2026-27,0c133121c3637cccea64e7dc70a58d499d53501a46c780f65d6f89cd020d52e9,2026-09-27T08:05:19.992073Z,new_player_position_prior,0.45125,False,1.0,0.0,,,3.15,0.45125,1.0,0.0,0.2653091216216216,0.0047477477477477215
618,2,3,Leon Goretzka,Goretzka,Aston Villa,AVL,Midfielder,5.9,0,3.82,3.82,0,0.0,i,0.0,0.0,Knee injury - Expected back 10 Oct,2026-09-09T09:30:08.229436Z,59,0.647457627118644,0,0.0,0,0,0,0,0,0,119090,,,,,,,2026-27,0c133121c3637cccea64e7dc70a58d499d53501a46c780f65d6f89cd020d52e9,2026-09-27T08:05:19.992073Z,new_player_position_prior,0.0,False,0.0,0.0,,,3.82,0.0,1.0,0.0,0.2122939189189189,0.011584364025041954
607,2,3,Luka Lynch,Lynch,Aston Villa,AVL,Midfielder,4.5,0,3.4094868329805053,3.4094868329805053,0,0.1,u,0.0,0.0,Has joined Oxford United on loan until January,2026-09-04T12:35:39.820426Z,45,0.7576637406623346,0,0.0,0,0,0,0,0,0,571380,,,,,,,2026-27,0c133121c3637cccea64e7dc70a58d499d53501a46c780f65d6f89cd020d52e9,2026-09-27T08:05:19.992073Z,new_player_position_prior,0.0,False,0.0,0.0,,,3.4094868329805053,0.0,0.999,0.0,0.18947992703557198,0.013476529120733091
606,2,2,Triston Rowe,Rowe,Aston Villa,AVL,Defender,4.0,0,3.0134164078649985,3.0134164078649985,0,0.2,a,,,,,40,0.7533541019662496,0,0.0,0,0,0,0,0,0,569577,,,,,,,2026-27,0c133121c3637cccea64e7dc70a58d499d53501a46c780f65d6f89cd020d52e9,2026-09-27T08:05:19.992073Z,new_player_position_prior,0.43118033988749893,False,1.0,0.0,,,3.0134164078649985,0.43118033988749893,0.998,0.0,0.2537046487524296,0.006823359836844872
582,2,4,Brian Madjo,Madjo,Aston Villa,AVL,Forward,5.4,0,3.8834164078649986,3.8834164078649986,0,0.2,i,0.0,0.0,Unspecified injury - Unknown return date,2026-08-15T16:00:07.974271Z,54,0.7191511866416663,0,0.0,0,0,0,0,0,0,690838,,,,,,,2026-27,0c133121c3637cccea64e7dc70a58d499d53501a46c780f65d6f89cd020d52e9,2026-09-27T08:05:19.992073Z,new_player_position_prior,0.0,False,0.0,0.0,,,3.8834164078649986,0.0,0.998,0.0,0.21581824293709198,0.01830924443673493
291,11,3,Eliot Matazo,Matazo,Hull City,HUL,Midfielder,4.5,0,3.1999999999999997,3.1999999999999997,0,0.0,i,0.0,0.0,Knee injury - Unknown return date,2026-07-23T12:01:23.532635Z,45,0.711111111111111,0,0.0,0,0,0,0,0,0,465525,,,,,,,2026-27,0c133121c3637cccea64e7dc70a58d499d53501a46c780f65d6f89cd020d52e9,2026-09-27T08:05:19.992073Z,new_player_position_prior,0.0,True,0.0,0.0,,,3.1999999999999997,0.0,1.0,0.0,0.1778378378378378,0.006410410410410378
590,18,1,Steven Benda,Benda,Nott'm Forest,NFO,Goalkeeper,4.5,0,3.3594868329805054,3.3594868329805054,0,0.1,a,,,,,45,0.7465526295512235,0,0.0,0,0,0,0,0,0,428971,,,,,,,2026-27,0c133121c3637cccea64e7dc70a58d499d53501a46c780f65d6f89cd020d52e9,2026-09-27T08:05:19.992073Z,new_player_position_prior,0.45915569415042096,False,1.0,0.0,,,3.3594868329805054,0.45915569415042096,0.999,0.0,0.27853234964943996,0.011813866458070449
288,11,3,Kieran Dowell,Dowell,Hull City,HUL,Midfielder,4.5,0,3.2164316767251546,3.2164316767251546,0,0.3,a,,,,,45,0.7147625948278121,0,0.0,0,0,0,0,0,0,171270,,,,,,,2026-27,0c133121c3637cccea64e7dc70a58d499d53501a46c780f65d6f89cd020d52e9,2026-09-27T08:05:19.992073Z,new_player_position_prior,0.43369306393762913,True,1.0,0.0,,,3.2164316767251546,0.43369306393762913,0.997,0.0,0.26548962995687986,0.007256817117927528
489,18,3,Ryan Yates,Yates,Nott'm Forest,NFO,Midfielder,4.5,0,1.3636363636363635,0.3333333333333333,0,1.2,a,100.0,100.0,,2026-08-17T20:30:08.195072Z,45,0.303030303030303,0,0.0,0,0,0,0,0,0,204968,,,,,,,2026-27,0c133121c3637cccea64e7dc70a58d499d53501a46c780f65d6f89cd020d52e9,2026-09-27T08:05:19.992073Z,official_2025-26_stats,0.07894736842105263,False,1.0,0.0,,,1.3636363636363635,0.07894736842105263,0.988,0.0,0.066511218155955,-0.07016227136227138
307,12,2,Ben Johnson,Johnson,Ipswich Town,IPS,Defender,4.0,0,2.809486832980505,2.809486832980505,0,0.1,u,0.0,0.0,Has joined Stoke City on loan for the rest of the season,2026-09-04T12:36:56.236331Z,40,0.7023717082451263,0,0.0,0,0,0,0,0,0,222018,,,,,,,2026-27,0c133121c3637cccea64e7dc70a58d499d53501a46c780f65d6f89cd020d52e9,2026-09-27T08:05:19.992073Z,new_player_position_prior,0.0,True,0.0,0.0,,,2.809486832980505,0.0,0.999,0.0,0.15613533244097738,-0.0004922564276492597
509,19,2,Jun'ai Byfield,Byfield,Spurs,TOT,Defender,4.0,0,1.0,0.0,0,0.1,a,,,,,40,0.25,0,0.0,0,0,0,0,0,0,640419,,,,,,,2026-27,0c133121c3637cccea64e7dc70a58d499d53501a46c780f65d6f89cd020d52e9,2026-09-27T08:05:19.992073Z,official_2025-26_stats,0.0,False,1.0,0.0,,,1.0,0.0,0.999,0.0,0.03125,-0.08073333333333334
615,3,1,Michele Di Gregorio,Di Gregorio,Bournemouth,BOU,Goalkeeper,4.5,0,3.35,3.35,0,0.0,a,,,,,45,0.7444444444444445,0,0.0,0,0,0,0,0,0,230650,,,,,,,2026-27,0c133121c3637cccea64e7dc70a58d499d53501a46c780f65d6f89cd020d52e9,2026-09-27T08:05:19.992073Z,new_player_position_prior,0.45125,False,1.0,0.0,,,3.35,0.45125,1.0,0.0,0.2764239864864865,0.011398398398398388
507,19,2,Ashley Phillips,Phillips,Spurs,TOT,Defender,4.5,0,3.15,3.15,0,0.0,u,0.0,0.0,Has joined Middlesbrough permanently,2026-08-18T14:13:08.474144Z,45,0.7,0,0.0,0,0,0,0,0,0,548308,,,,,,,2026-27,0c133121c3637cccea64e7dc70a58d499d53501a46c780f65d6f89cd020d52e9,2026-09-27T08:05:19.992073Z,new_player_position_prior,0.0,False,0.0,0.0,,,3.15,0.0,1.0,0.0,0.17505912162162163,0.0047477477477477215
55,2,4,Ollie Watkins,Watkins,Aston Villa,AVL,Forward,7.8,0,4.513513513513513,12.333333333333334,0,2.5,u,0.0,0.0,Has joined Al Hilal permanently,2026-09-01T13:15:16.698799Z,78,0.5786555786555786,0,0.0,0,0,0,0,0,0,178301,,,,,,,2026-27,0c133121c3637cccea64e7dc70a58d499d53501a46c780f65d6f89cd020d52e9,2026-09-27T08:05:19.992073Z,official_2025-26_stats,0.0,False,0.0,0.0,,,4.513513513513513,0.0,0.975,0.0,0.4410472972972973,0.14686359436359436
303,12,2,Cédric Kipré,Kipré,Ipswich Town,IPS,Defender,3.9,0,2.8284604989415154,2.8284604989415154,0,0.9,a,,,,,39,0.7252462817798757,0,0.0,0,0,0,0,0,0,183015,,,,,,,2026-27,0c133121c3637cccea64e7dc70a58d499d53501a46c780f65d6f89cd020d52e9,2026-09-27T08:05:19.992073Z,new_player_position_prior,0.44371708245126285,True,1.0,0.0,,,2.8284604989415154,0.44371708245126285,0.991,0.0,0.24593319759696855,0.002369141946319528
50,2,3,Bradley Burrowes,Burrowes,Aston Villa,AVL,Midfielder,4.5,0,1.0,0.0,0,0.6,a,,,,,45,0.2222222222222222,0,0.0,0,0,0,0,0,0,645618,,,,,,,2026-27,0c133121c3637cccea64e7dc70a58d499d53501a46c780f65d6f89cd020d52e9,2026-09-27T08:05:19.992073Z,official_2025-26_stats,0.0,False,1.0,0.0,,,1.0,0.0,0.994,0.0,0.03125,-0.08236296296296297
49,2,3,Samuel Iling-Junior,Iling Jr,Aston Villa,AVL,Midfielder,5.0,0,3.55,3.55,0,0.0,u,0.0,0.0,Has joined Bolton Wanderers on loan for the rest of the season,2026-08-17T13:52:28.532616Z,50,0.71,0,0.0,0,0,0,0,0,0,469247,,,,,,,2026-27,0c133121c3637cccea64e7dc70a58d499d53501a46c780f65d6f89cd020d52e9,2026-09-27T08:05:19.992073Z,new_player_position_prior,0.0,False,0.0,0.0,,,3.55,0.0,1.0,0.0,0.19728885135135132,0.012000900900900863
48,2,3,Amadou Onana,Onana,Aston Villa,AVL,Midfielder,4.9,0,3.04,0.3333333333333333,0,0.0,i,0.0,0.0,Knee injury - Unknown return date,2026-07-23T12:01:23.352497Z,49,0.6204081632653061,0,0.0,0,0,0,0,0,0,449871,,,,,,,2026-27,0c133121c3637cccea64e7dc70a58d499d53501a46c780f65d6f89cd020d52e9,2026-09-27T08:05:19.992073Z,official_2025-26_stats,0.0,False,0.0,0.0,,,3.04,0.0,1.0,0.0,0.10310810810810811,-0.04702996874425447
44,2,3,Leon Bailey,Bailey,Aston Villa,AVL,Midfielder,5.4,0,1.6153846153846154,2.0,0,0.1,u,0.0,0.0,Has joined Olympiakos permanently,2026-09-04T12:35:14.472260Z,54,0.29914529914529914,0,0.0,0,0,0,0,0,0,215711,,,,,,,2026-27,0c133121c3637cccea64e7dc70a58d499d53501a46c780f65d6f89cd020d52e9,2026-09-27T08:05:19.992073Z,official_2025-26_stats,0.0,False,0.0,0.0,,,1.6153846153846154,0.0,0.999,0.0,0.09912941787941787,-0.04453309463309465
39,2,2,Kosta Nedeljkovic,Nedeljkovic,Aston Villa,AVL,Defender,4.0,0,3.0094868329805053,3.0094868329805053,0,0.1,u,0.0,0.0,Has joined Rangers on loan for the rest of the season,2026-08-19T13:56:46.385411Z,40,0.7523717082451263,0,0.0,0,0,0,0,0,0,578545,,,,,,,2026-27,0c133121c3637cccea64e7dc70a58d499d53501a46c780f65d6f89cd020d52e9,2026-09-27T08:05:19.992073Z,new_player_position_prior,0.0,False,0.0,0.0,,,3.0094868329805053,0.0,0.999,0.0,0.16725019730584229,0.0065843201489273195
38,2,2,Andrés García,A.García,Aston Villa,AVL,Defender,4.0,0,0.8333333333333334,0.3333333333333333,0,1.5,a,,,,,40,0.20833333333333334,0,0.0,0,0,0,0,0,0,606798,,,,,,,2026-27,0c133121c3637cccea64e7dc70a58d499d53501a46c780f65d6f89cd020d52e9,2026-09-27T08:05:19.992073Z,official_2025-26_stats,0.0,False,1.0,0.0,,,0.8333333333333334,0.0,0.985,0.0,0.03414977477477477,-0.07712237237237238
505,19,2,Djed Spence,Spence,Spurs,TOT,Defender,4.5,0,2.6,2.6666666666666665,0,0.2,u,0.0,0.0,Has joined Internazionale permanently,2026-08-18T14:13:08.454214Z,45,0.5777777777777778,0,0.0,0,0,0,0,0,0,232859,,,,,,,2026-27,0c133121c3637cccea64e7dc70a58d499d53501a46c780f65d6f89cd020d52e9,2026-09-27T08:05:19.992073Z,official_2025-26_stats,0.0,False,0.0,0.0,,,2.6,0.0,0.998,0.0,0.14611486486486486,-0.012260460460460476
500,19,2,Cristian Romero,Romero,Spurs,TOT,Defender,5.0,0,3.9565217391304346,0.0,0,0.1,u,0.0,0.0,Has joined Atletico Madrid permanently,2026-08-17T13:49:05.465401Z,50,0.7913043478260869,0,0.0,0,0,0,0,0,0,221632,,,,,,,2026-27,0c133121c3637cccea64e7dc70a58d499d53501a46c780f65d6f89cd020d52e9,2026-09-27T08:05:19.992073Z,official_2025-26_stats,0.0,False,0.0,0.0,,,3.9565217391304346,0.0,0.999,0.0,0.12364130434782608,-0.03923333333333335
302,12,1,David Button,Button,Ipswich Town,IPS,Goalkeeper,4.0,0,3.0232379000772447,3.0232379000772447,0,0.6,a,,,,,40,0.7558094750193112,0,0.0,0,0,0,0,0,0,50093,,,,,,,2026-27,0c133121c3637cccea64e7dc70a58d499d53501a46c780f65d6f89cd020d52e9,2026-09-27T08:05:19.992073Z,new_player_position_prior,0.43936491673103706,True,1.0,0.0,,,3.0232379000772447,0.43936491673103706,0.994,0.0,0.25588738691468943,0.007570872545525922
497,19,1,Martin Dubravka,Dubravka,Spurs,TOT,Goalkeeper,4.0,0,2.823529411764706,0.0,0,17.1,a,,,,,40,0.7058823529411765,0,0.0,0,0,0,0,0,0,67089,,,,,,,2026-27,0c133121c3637cccea64e7dc70a58d499d53501a46c780f65d6f89cd020d52e9,2026-09-27T08:05:19.992073Z,official_2025-26_stats,0.8947368421052632,False,1.0,0.0,,,2.823529411764706,0.8947368421052632,0.829,0.0,0.2671826625386997,-0.02878235294117648
301,12,1,Alex Palmer,Palmer,Ipswich Town,IPS,Goalkeeper,4.0,0,3.0592452529743945,3.0592452529743945,0,3.9,a,,,,,40,0.7648113132435986,0,0.0,0,0,0,0,0,0,112520,,,,,,,2026-27,0c133121c3637cccea64e7dc70a58d499d53501a46c780f65d6f89cd020d52e9,2026-09-27T08:05:19.992073Z,new_player_position_prior,0.4693710441453287,True,1.0,0.0,,,3.0592452529743945,0.4693710441453287,0.961,0.0,0.2638896967055143,0.012144916496008393
645,11,3,Christos Mouzakitis,Mouzakitis,Hull City,HUL,Midfielder,5.0,0,3.3499999999999996,3.3499999999999996,0,0.0,a,,,,,50,0.6699999999999999,0,0.0,0,0,0,0,0,0,647839,,,,,,,2026-27,0c133121c3637cccea64e7dc70a58d499d53501a46c780f65d6f89cd020d52e9,2026-09-27T08:05:19.992073Z,new_player_position_prior,0.45125,True,1.0,0.0,,,3.3499999999999996,0.45125,1.0,0.0,0.2764239864864865,0.005690990990990963
626,10,3,Macaulay Zepa,Zepa,Fulham,FUL,Midfielder,4.4,0,3.416431676725155,3.416431676725155,0,0.3,a,,,,,44,0.7764617447102624,0,0.0,0,0,0,0,0,0,616069,,,,,,,2026-27,0c133121c3637cccea64e7dc70a58d499d53501a46c780f65d6f89cd020d52e9,2026-09-27T08:05:19.992073Z,new_player_position_prior,0.43369306393762913,False,1.0,0.0,,,3.416431676725155,0.43369306393762913,0.997,0.0,0.2766044948217447,0.015230328518825303
610,10,2,Luc De Fougerolles,De Fougerolles,Fulham,FUL,Defender,4.0,0,3.0094868329805053,3.0094868329805053,0,0.1,u,0.0,0.0,has joined  Real Salt Lake on loan for the rest of the seaon.,2026-08-28T11:30:08.336405Z,40,0.7523717082451263,0,0.0,0,0,0,0,0,0,547686,,,,,,,2026-27,0c133121c3637cccea64e7dc70a58d499d53501a46c780f65d6f89cd020d52e9,2026-09-27T08:05:19.992073Z,new_player_position_prior,0.0,False,0.0,0.0,,,3.0094868329805053,0.0,0.999,0.0,0.16725019730584229,0.0065843201489273195
272,10,4,Jonah Kusi-Asare,Kusi-Asare,Fulham,FUL,Forward,4.5,0,0.8571428571428571,0.3333333333333333,0,5.4,a,,,,,45,0.19047619047619047,0,0.0,0,0,0,0,0,0,631786,,,,,,,2026-27,0c133121c3637cccea64e7dc70a58d499d53501a46c780f65d6f89cd020d52e9,2026-09-27T08:05:19.992073Z,official_2025-26_stats,0.0,False,1.0,0.0,,,0.8571428571428571,0.0,0.946,0.0,0.03489382239382239,-0.07459141999142
632,11,4,Ilyas Ansah,Ansah,Hull City,HUL,Forward,5.0,0,3.55,3.55,0,0.0,i,0.0,0.0,Back injury - Unknown return date,2026-09-09T10:00:08.919489Z,50,0.71,0,0.0,0,0,0,0,0,0,626751,,,,,,,2026-27,0c133121c3637cccea64e7dc70a58d499d53501a46c780f65d6f89cd020d52e9,2026-09-27T08:05:19.992073Z,new_player_position_prior,0.0,True,0.0,0.0,,,3.55,0.0,1.0,0.0,0.19728885135135132,0.012000900900900863
270,10,3,Harrison Reed,Reed,Fulham,FUL,Midfielder,4.4,0,2.142857142857143,0.0,0,1.1,a,,,,,44,0.48701298701298695,0,0.0,0,0,0,0,0,0,153366,,,,,,,2026-27,0c133121c3637cccea64e7dc70a58d499d53501a46c780f65d6f89cd020d52e9,2026-09-27T08:05:19.992073Z,official_2025-26_stats,0.02631578947368421,False,1.0,0.0,,,2.142857142857143,0.02631578947368421,0.989,0.0,0.07222744360902256,-0.06156233766233768
299,11,4,Mason Burstow,Burstow,Hull City,HUL,Forward,4.5,0,3.4,3.4,0,0.0,u,0.0,0.0,Has joined Sheffield Wednesday on loan for the rest of the season,2026-08-03T14:05:20.234842Z,45,0.7555555555555555,0,0.0,0,0,0,0,0,0,534392,,,,,,,2026-27,0c133121c3637cccea64e7dc70a58d499d53501a46c780f65d6f89cd020d52e9,2026-09-27T08:05:19.992073Z,new_player_position_prior,0.0,True,0.0,0.0,,,3.4,0.0,1.0,0.0,0.1889527027027027,0.01306106106106103
266,10,3,Tom Cairney,Cairney,Fulham,FUL,Midfielder,4.9,0,1.7083333333333333,2.6666666666666665,0,0.0,i,0.0,0.0,Knee injury - Expected back 10 Oct,2026-08-14T18:00:06.460944Z,49,0.34863945578231287,0,0.0,0,0,0,0,0,0,76357,,,,,,,2026-27,0c133121c3637cccea64e7dc70a58d499d53501a46c780f65d6f89cd020d52e9,2026-09-27T08:05:19.992073Z,official_2025-26_stats,0.0,False,0.0,0.0,,,1.7083333333333333,0.0,1.0,0.0,0.11825028153153153,-0.030027731813446118
298,11,4,Enis Destan,Destan,Hull City,HUL,Forward,4.5,0,3.4134164078649984,3.4134164078649984,0,0.2,u,0.0,0.0,Has joined Konyaspor permanently,2026-08-17T13:50:27.145733Z,45,0.7585369795255552,0,0.0,0,0,0,0,0,0,500957,,,,,,,2026-27,0c133121c3637cccea64e7dc70a58d499d53501a46c780f65d6f89cd020d52e9,2026-09-27T08:05:19.992073Z,new_player_position_prior,0.0,True,0.0,0.0,,,3.4134164078649984,0.0,0.998,0.0,0.18969831050465955,0.013707200269544778
256,10,2,Kenny Tete,Tete,Fulham,FUL,Defender,4.4,0,3.6818181818181817,0.0,27,0.2,a,100.0,0.0,,2026-09-18T12:30:09.546158Z,44,0.8367768595041322,3,10.0,0,0,-1,3,0,0,167074,,,,,,,2026-27,0c133121c3637cccea64e7dc70a58d499d53501a46c780f65d6f89cd020d52e9,2026-09-27T08:05:19.992073Z,official_2025-26_stats,0.5,False,1.0,0.0,,,3.6818181818181817,0.06,0.998,0.05555555555555555,0.1270568181818182,-0.03564710743801655
311,12,3,Wes Burns,Burns,Ipswich Town,IPS,Midfielder,5.0,0,3.3499999999999996,3.3499999999999996,0,0.0,u,0.0,0.0,Has joined Leicester City permanently,2026-08-10T14:02:47.597478Z,50,0.6699999999999999,0,0.0,0,0,0,0,0,0,149929,,,,,,,2026-27,0c133121c3637cccea64e7dc70a58d499d53501a46c780f65d6f89cd020d52e9,2026-09-27T08:05:19.992073Z,new_player_position_prior,0.0,True,0.0,0.0,,,3.3499999999999996,0.0,1.0,0.0,0.18617398648648648,0.005690990990990963
310,12,3,Azor Matusiwa,Matusiwa,Ipswich Town,IPS,Midfielder,4.9,0,3.32,3.32,0,0.0,a,100.0,100.0,,2026-07-29T18:00:10.305484Z,49,0.6775510204081632,0,0.0,0,0,0,0,0,0,241117,,,,,,,2026-27,0c133121c3637cccea64e7dc70a58d499d53501a46c780f65d6f89cd020d52e9,2026-09-27T08:05:19.992073Z,new_player_position_prior,0.445,True,1.0,0.0,,,3.32,0.445,1.0,0.0,0.27350675675675673,0.005783416069130326
252,10,1,Alfie McNally,McNally,Fulham,FUL,Goalkeeper,4.0,0,3.2094868329805055,3.2094868329805055,0,0.1,u,0.0,0.0,Has joined York City on loan for the rest of the season,2026-09-01T13:25:11.231240Z,40,0.8023717082451264,0,0.0,0,0,0,0,0,0,505079,,,,,,,2026-27,0c133121c3637cccea64e7dc70a58d499d53501a46c780f65d6f89cd020d52e9,2026-09-27T08:05:19.992073Z,new_player_position_prior,0.0,False,0.0,0.0,,,3.2094868329805055,0.0,0.999,0.0,0.17836506217070713,0.013660896725503899
251,10,1,Benjamin Lecomte,Lecomte,Fulham,FUL,Goalkeeper,4.0,0,3.231464265445105,3.231464265445105,0,1.1,a,,,,,40,0.8078660663612762,0,0.0,0,0,0,0,0,0,86873,,,,,,,2026-27,0c133121c3637cccea64e7dc70a58d499d53501a46c780f65d6f89cd020d52e9,2026-09-27T08:05:19.992073Z,new_player_position_prior,0.44622022120425375,False,1.0,0.0,,,3.231464265445105,0.44622022120425375,0.989,0.0,0.26883048737116144,0.015438521644465283
6,1,2,William Saliba,Saliba,Arsenal,ARS,Defender,5.9,0,4.419354838709677,4.333333333333333,0,0.2,i,0.0,0.0,Back injury - Unknown return date,2026-07-23T12:01:23.289376Z,59,0.7490431930016401,0,0.0,0,0,0,0,0,0,462424,,,,,,,2026-27,0c133121c3637cccea64e7dc70a58d499d53501a46c780f65d6f89cd020d52e9,2026-09-27T08:05:19.992073Z,official_2025-26_stats,0.0,False,0.0,0.0,,,4.419354838709677,0.0,0.998,0.0,0.24351024411508282,0.027896915067062655
651,20,4,Juan Angulo,J.Angulo,Sunderland,SUN,Forward,4.5,0,3.6250998007960225,3.6250998007960225,0,0.7,a,,,,,45,0.8055777335102272,0,0.0,0,0,0,0,0,0,661313,,,,,,,2026-27,0c133121c3637cccea64e7dc70a58d499d53501a46c780f65d6f89cd020d52e9,2026-09-27T08:05:19.992073Z,new_player_position_prior,0.44091650066335186,False,1.0,0.0,,,3.6250998007960225,0.44091650066335186,0.993,0.0,0.289645772170152,0.02124636174418805
555,8,1,Remi Matthews,Matthews,Crystal Palace,CRY,Goalkeeper,4.0,0,3.239115214431216,3.239115214431216,0,1.7,a,,,,,40,0.809778803607804,0,0.0,0,0,0,0,0,0,169593,,,,,,,2026-27,0c133121c3637cccea64e7dc70a58d499d53501a46c780f65d6f89cd020d52e9,2026-09-27T08:05:19.992073Z,new_player_position_prior,0.45259601202601324,False,1.0,0.0,,,3.239115214431216,0.45259601202601324,0.983,0.0,0.27053084185585635,0.01630923427638377
225,8,4,Christantus Uche,Uche,Crystal Palace,CRY,Forward,5.0,0,1.2142857142857142,0.0,0,0.0,u,0.0,0.0,has returned to Getafe CF,2026-07-23T12:18:56.275922Z,50,0.24285714285714283,0,0.0,0,0,0,0,0,0,660392,,,,,,,2026-27,0c133121c3637cccea64e7dc70a58d499d53501a46c780f65d6f89cd020d52e9,2026-09-27T08:05:19.992073Z,official_2025-26_stats,0.0,False,0.0,0.0,,,1.2142857142857142,0.0,1.0,0.0,0.03794642857142857,-0.08138095238095239
30,2,2,Lucas Digne,Digne,Aston Villa,AVL,Defender,4.5,0,3.129032258064516,1.6666666666666667,0,0.0,u,0.0,0.0,Has joined Paris Saint-Germain permanently,2026-08-10T14:03:30.089007Z,45,0.6953405017921147,0,0.0,0,0,0,0,0,0,101188,,,,,,,2026-27,0c133121c3637cccea64e7dc70a58d499d53501a46c780f65d6f89cd020d52e9,2026-09-27T08:05:19.992073Z,official_2025-26_stats,0.0,False,0.0,0.0,,,3.129032258064516,0.0,1.0,0.0,0.13832279860505667,-0.0196635345022442
221,8,3,Joél Drakes-Thomas,Drakes-Thomas,Crystal Palace,CRY,Midfielder,4.5,0,1.0,0.0,0,0.1,a,,,,,45,0.2222222222222222,0,0.0,0,0,0,0,0,0,672492,,,,,,,2026-27,0c133121c3637cccea64e7dc70a58d499d53501a46c780f65d6f89cd020d52e9,2026-09-27T08:05:19.992073Z,official_2025-26_stats,0.0,False,1.0,0.0,,,1.0,0.0,0.999,0.0,0.03125,-0.08286296296296297
27,1,4,Gabriel Fernando de Jesus,G.Jesus,Arsenal,ARS,Forward,5.9,0,1.7142857142857142,1.6666666666666667,0,0.1,u,0.0,0.0,Has joined FC Barcelona permanently,2026-09-02T16:00:28.475184Z,59,0.29055690072639223,0,0.0,0,0,0,0,0,0,205651,,,,,,,2026-27,0c133121c3637cccea64e7dc70a58d499d53501a46c780f65d6f89cd020d52e9,2026-09-27T08:05:19.992073Z,official_2025-26_stats,0.0,False,0.0,0.0,,,1.7142857142857142,0.0,0.999,0.0,0.09411196911196912,-0.05059694391728291
220,8,2,Rio Cardines,Cardines,Crystal Palace,CRY,Defender,4.5,0,2.0,0.6666666666666666,0,0.0,u,0.0,0.0,Has joined Bristol City on loan for the rest of the season,2026-08-12T14:08:46.501813Z,45,0.4444444444444444,0,0.0,0,0,0,0,0,0,590014,,,,,,,2026-27,0c133121c3637cccea64e7dc70a58d499d53501a46c780f65d6f89cd020d52e9,2026-09-27T08:05:19.992073Z,official_2025-26_stats,0.0,False,0.0,0.0,,,2.0,0.0,1.0,0.0,0.07871621621621622,-0.05511511511511513
24,1,3,Reiss Nelson,Nelson,Arsenal,ARS,Midfielder,5.5,0,1.3,0.3333333333333333,0,0.0,u,0.0,0.0,has departed the club as a free agent.,2026-08-29T00:33:08.556767Z,55,0.23636363636363636,0,0.0,0,0,0,0,0,0,200641,,,,,,,2026-27,0c133121c3637cccea64e7dc70a58d499d53501a46c780f65d6f89cd020d52e9,2026-09-27T08:05:19.992073Z,official_2025-26_stats,0.0,False,0.0,0.0,,,1.3,0.0,1.0,0.0,0.04873310810810811,-0.07647338247338248
23,1,3,Fábio Ferreira Vieira,Fábio Vieira,Arsenal,ARS,Midfielder,5.5,0,3.6999999999999997,3.6999999999999997,0,0.0,u,0.0,0.0,Has joined Hamburger SV permanently,2026-09-02T16:00:28.446370Z,55,0.6727272727272727,0,0.0,0,0,0,0,0,0,438098,,,,,,,2026-27,0c133121c3637cccea64e7dc70a58d499d53501a46c780f65d6f89cd020d52e9,2026-09-27T08:05:19.992073Z,new_player_position_prior,0.0,False,0.0,0.0,,,3.6999999999999997,0.0,1.0,0.0,0.205625,0.011575757575757545
521,19,3,Dejan Kulusevski,Kulusevski,Spurs,TOT,Midfielder,6.5,0,4.0,4.0,0,0.0,i,0.0,0.0,Knee injury - Unknown return date,2026-07-23T12:01:23.895175Z,65,0.6153846153846154,0,0.0,0,0,0,0,0,0,445044,,,,,,,2026-27,0c133121c3637cccea64e7dc70a58d499d53501a46c780f65d6f89cd020d52e9,2026-09-27T08:05:19.992073Z,new_player_position_prior,0.0,False,0.0,0.0,,,4.0,0.0,1.0,0.0,0.2222972972972973,0.01204435204435203
219,8,3,Jesurun Rak-Sakyi,J.Rak-Sakyi,Crystal Palace,CRY,Midfielder,4.9,0,3.52,3.52,0,0.0,u,0.0,0.0,has joined  Kasimpasa on loan for the rest of the seaon.,2026-09-10T09:12:47.224598Z,49,0.7183673469387755,0,0.0,0,0,0,0,0,0,450542,,,,,,,2026-27,0c133121c3637cccea64e7dc70a58d499d53501a46c780f65d6f89cd020d52e9,2026-09-27T08:05:19.992073Z,new_player_position_prior,0.0,False,0.0,0.0,,,3.52,0.0,1.0,0.0,0.1956216216216216,0.012155911013053855
518,19,3,Pape Matar Sarr,P.M.Sarr,Spurs,TOT,Midfielder,4.9,0,2.730769230769231,1.3333333333333333,0,0.1,u,0.0,0.0,Has joined Juventus on loan for the rest of the season,2026-09-02T16:02:43.386849Z,49,0.5572998430141287,0,0.0,0,0,0,0,0,0,482442,,,,,,,2026-27,0c133121c3637cccea64e7dc70a58d499d53501a46c780f65d6f89cd020d52e9,2026-09-27T08:05:19.992073Z,official_2025-26_stats,0.0,False,0.0,0.0,,,2.730769230769231,0.0,0.999,0.0,0.1177689708939709,-0.035552057080628516
517,19,3,Wilson Odobert,Odobert,Spurs,TOT,Midfielder,5.5,0,1.9166666666666667,0.0,0,0.0,i,0.0,0.0,Knee injury - Unknown return date,2026-07-23T12:01:23.879434Z,55,0.3484848484848485,0,0.0,0,0,0,0,0,0,550839,,,,,,,2026-27,0c133121c3637cccea64e7dc70a58d499d53501a46c780f65d6f89cd020d52e9,2026-09-27T08:05:19.992073Z,official_2025-26_stats,0.0,False,0.0,0.0,,,1.9166666666666667,0.0,1.0,0.0,0.059895833333333336,-0.0732828282828283
218,8,3,Cheick Doucouré,Doucouré,Crystal Palace,CRY,Midfielder,4.8,0,3.4899999999999998,3.4899999999999998,0,0.0,a,,,,,48,0.7270833333333333,0,0.0,0,0,0,0,0,0,438464,,,,,,,2026-27,0c133121c3637cccea64e7dc70a58d499d53501a46c780f65d6f89cd020d52e9,2026-09-27T08:05:19.992073Z,new_player_position_prior,0.43875,False,1.0,0.0,,,3.4899999999999998,0.43875,1.0,0.0,0.2817043918918919,0.01233765015015012
513,19,3,Xavi Simons,Xavi,Spurs,TOT,Midfielder,5.9,0,2.857142857142857,0.0,0,0.0,i,0.0,0.0,Knee injury - Unknown return date,2026-07-23T12:01:23.864304Z,59,0.48426150121065376,0,0.0,0,0,0,0,0,0,493362,4.0,,2.0,,,,2026-27,0c133121c3637cccea64e7dc70a58d499d53501a46c780f65d6f89cd020d52e9,2026-09-27T08:05:19.992073Z,official_2025-26_stats,0.0,False,0.0,0.0,,,2.857142857142857,0.0,1.0,0.0,0.08928571428571429,-0.06287328490718322
508,19,2,Ben Davies,Davies,Spurs,TOT,Defender,3.9,0,3.3333333333333335,0.0,0,0.9,a,,,,,39,0.8547008547008548,0,0.0,0,0,0,0,0,0,115556,,,,,,,2026-27,0c133121c3637cccea64e7dc70a58d499d53501a46c780f65d6f89cd020d52e9,2026-09-27T08:05:19.992073Z,official_2025-26_stats,0.02631578947368421,False,1.0,0.0,,,3.3333333333333335,0.02631578947368421,0.991,0.0,0.10942982456140352,-0.03357293447293448
612,20,2,Dayann Méthalie,Methalie,Sunderland,SUN,Defender,4.5,-1,3.15,3.15,90,0.0,a,100.0,100.0,,2026-08-28T13:00:08.950445Z,45,0.7,3,3.0,1,0,-8,2,1,4,638411,,,,,,,2026-27,0c133121c3637cccea64e7dc70a58d499d53501a46c780f65d6f89cd020d52e9,2026-09-27T08:05:19.992073Z,new_player_position_prior,0.45125,False,1.0,0.0,,,3.15,0.2,1.0,0.016666666666666666,0.21505912162162164,0.0047477477477477215
