element_id,team_id,position_id,player_name,web_name,team_name,team_short_name,position,price,total_points,points_per_game,form,minutes,selected_by_percent,status,chance_of_playing_next_round,chance_of_playing_this_round,news,news_added,now_cost,value_score,defensive_contribution,defensive_contribution_per_90,starts,bonus,bps,clearances_blocks_interceptions,tackles,recoveries,player_code,penalties_order,penalties_text,direct_freekicks_order,direct_freekicks_text,corners_and_indirect_freekicks_order,corners_and_indirect_freekicks_text,season,bootstrap_hash,data_cutoff,prior_source,preseason_minutes_prior,promoted_team,availability_probability,launch_evidence_confidence,launch_evidence_type,launch_evidence_source,preseason_points_prior
124,5,3,Pascal Groß,Groß,Brighton,BHA,Midfielder,5.8,47,9.4,3.6666666666666665,450,28.6,a,,,,,58,8.10344827586207,26,5.2,5,9,166,9,7,10,60307,1.0,,1.0,,1.0,,2026-27,0c133121c3637cccea64e7dc70a58d499d53501a46c780f65d6f89cd020d52e9,2026-09-27T08:05:19.992073Z,official_2025-26_stats,0.4473684210526316,False,1.0,0.0,,,9.4
229,9,2,James Tarkowski,Tarkowski,Everton,EVE,Defender,6.1,43,8.6,7.0,450,16.3,a,,,,,61,7.049180327868853,51,10.2,5,7,138,40,11,18,17761,,,,,,,2026-27,0c133121c3637cccea64e7dc70a58d499d53501a46c780f65d6f89cd020d52e9,2026-09-27T08:05:19.992073Z,official_2025-26_stats,0.9736842105263158,False,1.0,0.0,,,8.6
330,13,2,Jayden Bogle,Bogle,Leeds,LEE,Defender,4.6,42,8.4,0.6666666666666666,365,7.1,a,,,,,46,9.130434782608697,16,3.95,5,6,122,11,5,11,226182,,,,,,,2026-27,0c133121c3637cccea64e7dc70a58d499d53501a46c780f65d6f89cd020d52e9,2026-09-27T08:05:19.992073Z,official_2025-26_stats,0.8157894736842105,False,1.0,0.0,,,8.4
411,15,4,Erling Haaland,Haaland,Man City,MCI,Forward,15.6,39,7.8,6.666666666666667,450,73.8,a,,,,,156,2.5,20,4.0,5,9,167,10,0,10,223094,1.0,,,,,,2026-27,0c133121c3637cccea64e7dc70a58d499d53501a46c780f65d6f89cd020d52e9,2026-09-27T08:05:19.992073Z,official_2025-26_stats,0.8421052631578947,False,1.0,0.0,,,7.8
94,4,3,Kevin Schade,Schade,Brentford,BRE,Midfielder,6.2,39,7.8,3.3333333333333335,447,11.3,a,,,,,62,6.290322580645161,34,6.85,5,6,138,6,7,21,513418,2.0,,,,,,2026-27,0c133121c3637cccea64e7dc70a58d499d53501a46c780f65d6f89cd020d52e9,2026-09-27T08:05:19.992073Z,official_2025-26_stats,0.7894736842105263,False,1.0,0.0,,,7.8
115,5,2,Maxim De Cuyper,De Cuyper,Brighton,BHA,Defender,5.0,38,7.6,5.666666666666667,423,27.7,a,,,,,50,7.6,16,3.4,5,5,132,8,8,18,465730,,,4.0,,2.0,,2026-27,0c133121c3637cccea64e7dc70a58d499d53501a46c780f65d6f89cd020d52e9,2026-09-27T08:05:19.992073Z,official_2025-26_stats,0.3157894736842105,False,1.0,0.0,,,7.6
391,15,2,Joško Gvardiol,Gvardiol,Man City,MCI,Defender,5.7,37,7.4,0.6666666666666666,434,26.7,a,,,,,57,6.491228070175438,31,6.43,5,6,135,20,11,21,477424,,,,,,,2026-27,0c133121c3637cccea64e7dc70a58d499d53501a46c780f65d6f89cd020d52e9,2026-09-27T08:05:19.992073Z,official_2025-26_stats,0.3684210526315789,False,1.0,0.0,,,7.4
399,15,3,Rayan Cherki,Cherki,Man City,MCI,Midfielder,7.8,34,6.8,2.3333333333333335,302,28.4,a,,,,,78,4.3589743589743595,12,3.58,4,5,150,3,0,9,466052,,,1.0,,1.0,,2026-27,0c133121c3637cccea64e7dc70a58d499d53501a46c780f65d6f89cd020d52e9,2026-09-27T08:05:19.992073Z,official_2025-26_stats,0.42105263157894735,False,1.0,0.0,,,6.8
572,11,1,Konstantinos Tzolakis,Tzolakis,Hull City,HUL,Goalkeeper,4.7,34,6.8,6.0,450,12.7,a,,,,,47,7.234042553191489,0,0.0,5,6,129,2,1,69,473284,,,,,,,2026-27,0c133121c3637cccea64e7dc70a58d499d53501a46c780f65d6f89cd020d52e9,2026-09-27T08:05:19.992073Z,official_previous_season_stats_unmatched,0.0,True,1.0,0.0,,,6.8
379,14,4,Alexander Isak,Isak,Liverpool,LIV,Forward,9.1,33,6.6,0.3333333333333333,413,22.5,a,,,,,91,3.6263736263736264,7,1.53,5,8,133,3,1,3,219168,2.0,,,,,,2026-27,0c133121c3637cccea64e7dc70a58d499d53501a46c780f65d6f89cd020d52e9,2026-09-27T08:05:19.992073Z,official_2025-26_stats,0.21052631578947367,False,1.0,0.0,,,6.6
397,15,3,Antoine Semenyo,Semenyo,Man City,MCI,Midfielder,8.4,33,6.6,6.333333333333333,450,15.4,d,75.0,,Ankle injury - 75% chance of playing,2026-09-24T12:00:09.848000Z,84,3.9285714285714284,22,4.4,5,2,147,2,6,14,437730,2.0,,,,,,2026-27,0c133121c3637cccea64e7dc70a58d499d53501a46c780f65d6f89cd020d52e9,2026-09-27T08:05:19.992073Z,official_2025-26_stats,0.75,False,0.75,0.0,,,6.6
165,6,4,João Pedro Junqueira de Jesus,João Pedro,Chelsea,CHE,Forward,7.7,33,8.2,1.0,360,65.3,d,75.0,75.0,Knee injury - 75% chance of playing,2026-09-16T19:00:09.919929Z,77,4.285714285714286,9,2.25,4,7,141,3,1,5,475168,,,,,,,2026-27,0c133121c3637cccea64e7dc70a58d499d53501a46c780f65d6f89cd020d52e9,2026-09-27T08:05:19.992073Z,official_2025-26_stats,0.75,False,0.75,0.0,,,8.2
12,1,3,Bukayo Saka,Saka,Arsenal,ARS,Midfielder,9.5,32,6.4,4.0,416,13.6,a,,,,,95,3.3684210526315788,31,6.71,5,4,137,8,6,17,223340,1.0,,2.0,,2.0,,2026-27,0c133121c3637cccea64e7dc70a58d499d53501a46c780f65d6f89cd020d52e9,2026-09-27T08:05:19.992073Z,official_2025-26_stats,0.6052631578947368,False,1.0,0.0,,,6.4
504,5,2,Luka Vušković,Vuskovic,Brighton,BHA,Defender,5.0,32,6.4,6.5,437,3.6,a,,,,,50,6.4,43,8.86,5,2,98,37,6,17,610799,,,,,,,2026-27,0c133121c3637cccea64e7dc70a58d499d53501a46c780f65d6f89cd020d52e9,2026-09-27T08:05:19.992073Z,official_previous_season_stats_unmatched,0.0,False,1.0,0.0,,,6.4
367,14,3,Cody Gakpo,Gakpo,Liverpool,LIV,Midfielder,7.2,32,6.4,2.0,370,12.6,a,100.0,100.0,,2026-09-09T18:30:08.772955Z,72,4.444444444444445,32,7.78,4,5,113,9,8,15,243298,3.0,,,,3.0,,2026-27,0c133121c3637cccea64e7dc70a58d499d53501a46c780f65d6f89cd020d52e9,2026-09-27T08:05:19.992073Z,official_2025-26_stats,0.8157894736842105,False,1.0,0.0,,,6.4
286,11,3,Mohamed Belloumi,Belloumi,Hull City,HUL,Midfielder,5.1,31,6.2,7.0,394,5.1,a,,,,,51,6.07843137254902,44,10.05,5,2,111,14,16,14,540324,,,2.0,,2.0,,2026-27,0c133121c3637cccea64e7dc70a58d499d53501a46c780f65d6f89cd020d52e9,2026-09-27T08:05:19.992073Z,official_previous_season_stats_unmatched,0.0,True,1.0,0.0,,,6.2
426,16,3,Bruno Borges Fernandes,B.Fernandes,Man Utd,MUN,Midfielder,11.9,31,6.2,8.666666666666666,450,38.5,a,,,,,119,2.6050420168067228,29,5.8,5,3,148,3,5,21,141746,1.0,,1.0,,1.0,,2026-27,0c133121c3637cccea64e7dc70a58d499d53501a46c780f65d6f89cd020d52e9,2026-09-27T08:05:19.992073Z,official_2025-26_stats,0.8947368421052632,False,1.0,0.0,,,6.2
68,3,3,Marcus Tavernier,Tavernier,Bournemouth,BOU,Midfielder,6.1,31,6.2,4.666666666666667,424,6.7,a,,,,,61,5.081967213114754,42,8.92,5,8,153,5,11,26,201658,3.0,,1.0,,1.0,,2026-27,0c133121c3637cccea64e7dc70a58d499d53501a46c780f65d6f89cd020d52e9,2026-09-27T08:05:19.992073Z,official_2025-26_stats,0.7894736842105263,False,1.0,0.0,,,6.2
449,17,2,Lewis Hall,Hall,Newcastle,NEW,Defender,5.3,31,6.2,1.3333333333333333,449,17.2,a,,,,,53,5.849056603773585,46,9.22,5,6,127,33,13,38,487838,,,1.0,,1.0,,2026-27,0c133121c3637cccea64e7dc70a58d499d53501a46c780f65d6f89cd020d52e9,2026-09-27T08:05:19.992073Z,official_2025-26_stats,0.6052631578947368,False,1.0,0.0,,,6.2
388,15,2,Marc Guéhi,Guéhi,Man City,MCI,Defender,6.0,30,6.0,5.666666666666667,450,18.2,a,,,,,60,5.0,29,5.8,5,4,114,26,3,19,209036,,,,,,,2026-27,0c133121c3637cccea64e7dc70a58d499d53501a46c780f65d6f89cd020d52e9,2026-09-27T08:05:19.992073Z,official_2025-26_stats,0.868421052631579,False,1.0,0.0,,,6.0
1,1,1,David Raya Martín,Raya,Arsenal,ARS,Goalkeeper,6.1,30,6.0,5.0,450,42.2,a,,,,,61,4.918032786885246,0,0.0,5,3,104,6,1,58,154561,,,,,,,2026-27,0c133121c3637cccea64e7dc70a58d499d53501a46c780f65d6f89cd020d52e9,2026-09-27T08:05:19.992073Z,official_2025-26_stats,0.9473684210526315,False,1.0,0.0,,,6.0
69,3,3,Alex Scott,Scott,Bournemouth,BOU,Midfielder,6.1,30,6.0,2.6666666666666665,446,5.8,a,,,,,61,4.918032786885246,60,12.11,5,5,129,15,9,36,503139,,,4.0,,2.0,,2026-27,0c133121c3637cccea64e7dc70a58d499d53501a46c780f65d6f89cd020d52e9,2026-09-27T08:05:19.992073Z,official_2025-26_stats,0.8421052631578947,False,1.0,0.0,,,6.0
15,1,3,Martin Ødegaard,Ødegaard,Arsenal,ARS,Midfielder,6.8,29,5.8,2.3333333333333335,377,19.8,a,,,,,68,4.264705882352941,23,5.49,5,6,137,5,6,12,184029,3.0,,4.0,,,,2026-27,0c133121c3637cccea64e7dc70a58d499d53501a46c780f65d6f89cd020d52e9,2026-09-27T08:05:19.992073Z,official_2025-26_stats,0.2894736842105263,False,1.0,0.0,,,5.8
40,6,3,Morgan Rogers,Rogers,Chelsea,CHE,Midfielder,7.7,29,5.8,4.666666666666667,437,40.4,a,,,,,77,3.766233766233766,31,6.38,5,2,135,3,5,23,244850,,,,,3.0,,2026-27,0c133121c3637cccea64e7dc70a58d499d53501a46c780f65d6f89cd020d52e9,2026-09-27T08:05:19.992073Z,official_2025-26_stats,0.9736842105263158,False,1.0,0.0,,,5.8
8,1,2,Riccardo Calafiori,Calafiori,Arsenal,ARS,Defender,5.8,29,5.8,3.3333333333333335,416,50.5,a,,,,,58,5.0,18,3.89,5,2,76,12,6,13,466075,,,,,,,2026-27,0c133121c3637cccea64e7dc70a58d499d53501a46c780f65d6f89cd020d52e9,2026-09-27T08:05:19.992073Z,official_2025-26_stats,0.5,False,1.0,0.0,,,5.8
480,18,3,Morgan Gibbs-White,Gibbs-White,Nott'm Forest,NFO,Midfielder,8.0,28,5.6,5.333333333333333,450,15.7,a,100.0,100.0,,2026-08-24T15:30:08.350159Z,80,3.5,21,4.2,5,6,116,2,5,14,222531,1.0,,1.0,,,,2026-27,0c133121c3637cccea64e7dc70a58d499d53501a46c780f65d6f89cd020d52e9,2026-09-27T08:05:19.992073Z,official_2025-26_stats,0.9210526315789473,False,1.0,0.0,,,5.6
385,13,1,James Trafford,Trafford,Leeds,LEE,Goalkeeper,5.0,28,5.6,0.6666666666666666,450,5.5,a,,,,,50,5.6,0,0.0,5,5,117,6,0,55,432720,,,,,,,2026-27,0c133121c3637cccea64e7dc70a58d499d53501a46c780f65d6f89cd020d52e9,2026-09-27T08:05:19.992073Z,official_2025-26_stats,0.10526315789473684,False,1.0,0.0,,,5.6
98,4,3,Vitaly Janelt,Janelt,Brentford,BRE,Midfielder,5.0,28,5.6,1.3333333333333333,450,2.5,a,,,,,50,5.6,64,12.8,5,3,109,27,17,20,204580,,,,,3.0,,2026-27,0c133121c3637cccea64e7dc70a58d499d53501a46c780f65d6f89cd020d52e9,2026-09-27T08:05:19.992073Z,official_2025-26_stats,0.39473684210526316,False,1.0,0.0,,,5.6
453,17,3,Harvey Barnes,Barnes,Newcastle,NEW,Midfielder,6.1,28,5.6,4.333333333333333,450,5.6,a,,,,,61,4.59016393442623,33,6.6,5,3,105,14,3,16,201666,,,,,3.0,,2026-27,0c133121c3637cccea64e7dc70a58d499d53501a46c780f65d6f89cd020d52e9,2026-09-27T08:05:19.992073Z,official_2025-26_stats,0.47368421052631576,False,1.0,0.0,,,5.6
154,6,3,Cole Palmer,Palmer,Chelsea,CHE,Midfielder,9.7,28,5.6,4.0,442,25.8,d,75.0,100.0,Muscular injury - 75% chance of playing,2026-09-21T13:00:09.022726Z,97,2.8865979381443303,29,5.9,5,3,148,3,7,19,244851,1.0,,2.0,,,,2026-27,0c133121c3637cccea64e7dc70a58d499d53501a46c780f65d6f89cd020d52e9,2026-09-27T08:05:19.992073Z,official_2025-26_stats,0.5526315789473685,False,0.75,0.0,,,5.6
138,5,4,Charalampos Kostoulas,Kostoulas,Brighton,BHA,Forward,5.6,28,5.6,1.0,353,3.9,a,,,,,56,5.0,27,6.88,4,3,105,5,4,18,647850,,,,,,,2026-27,0c133121c3637cccea64e7dc70a58d499d53501a46c780f65d6f89cd020d52e9,2026-09-27T08:05:19.992073Z,official_2025-26_stats,0.05263157894736842,False,1.0,0.0,,,5.6
230,9,2,Jarrad Branthwaite,Branthwaite,Everton,EVE,Defender,5.5,27,5.4,0.0,450,2.4,a,,,,,55,4.909090909090909,54,10.8,5,0,97,49,5,14,480455,,,,,,,2026-27,0c133121c3637cccea64e7dc70a58d499d53501a46c780f65d6f89cd020d52e9,2026-09-27T08:05:19.992073Z,official_2025-26_stats,0.18421052631578946,False,1.0,0.0,,,5.4
279,11,2,Semi Ajayi,Ajayi,Hull City,HUL,Defender,4.2,27,5.4,3.2,423,14.0,a,100.0,100.0,,2026-08-22T17:30:07.668197Z,42,6.428571428571428,27,5.74,5,2,79,21,6,16,146426,,,,,,,2026-27,0c133121c3637cccea64e7dc70a58d499d53501a46c780f65d6f89cd020d52e9,2026-09-27T08:05:19.992073Z,official_previous_season_stats_unmatched,0.0,True,1.0,0.0,,,5.4
233,9,2,Vitalii Mykolenko,Mykolenko,Everton,EVE,Defender,4.6,27,5.4,1.0,450,4.2,a,,,,,46,5.869565217391305,39,7.8,5,3,109,25,14,30,224967,,,,,,,2026-27,0c133121c3637cccea64e7dc70a58d499d53501a46c780f65d6f89cd020d52e9,2026-09-27T08:05:19.992073Z,official_2025-26_stats,0.868421052631579,False,1.0,0.0,,,5.4
334,13,2,Tarik Muharemović,Muharemović,Leeds,LEE,Defender,5.0,27,5.4,5.2,450,4.3,a,,,,,50,5.4,58,11.6,5,0,101,53,5,16,522047,,,,,,,2026-27,0c133121c3637cccea64e7dc70a58d499d53501a46c780f65d6f89cd020d52e9,2026-09-27T08:05:19.992073Z,official_previous_season_stats_unmatched,0.0,False,1.0,0.0,,,5.4
335,13,3,Anton Stach,Stach,Leeds,LEE,Midfielder,6.0,27,5.4,1.6666666666666667,447,2.5,a,,,,,60,4.5,61,12.28,5,3,86,27,13,21,466525,,,1.0,,1.0,,2026-27,0c133121c3637cccea64e7dc70a58d499d53501a46c780f65d6f89cd020d52e9,2026-09-27T08:05:19.992073Z,official_2025-26_stats,0.7105263157894737,False,1.0,0.0,,,5.4
350,14,1,Alisson Becker,A.Becker,Liverpool,LIV,Goalkeeper,5.5,27,5.4,0.6666666666666666,450,4.0,a,,,,,55,4.909090909090909,0,0.0,5,5,96,10,0,47,116535,,,,,,,2026-27,0c133121c3637cccea64e7dc70a58d499d53501a46c780f65d6f89cd020d52e9,2026-09-27T08:05:19.992073Z,official_2025-26_stats,0.6842105263157895,False,1.0,0.0,,,5.4
428,16,3,Matheus Santos Carneiro da Cunha,Cunha,Man Utd,MUN,Midfielder,7.9,26,5.2,3.6666666666666665,407,5.8,a,,,,,79,3.291139240506329,13,2.87,5,4,95,1,3,9,430871,,,,,,,2026-27,0c133121c3637cccea64e7dc70a58d499d53501a46c780f65d6f89cd020d52e9,2026-09-27T08:05:19.992073Z,official_2025-26_stats,0.7368421052631579,False,1.0,0.0,,,5.2
332,13,2,James Justin,Justin,Leeds,LEE,Defender,4.5,26,5.2,3.6666666666666665,450,1.5,a,,,,,45,5.777777777777778,44,8.8,5,4,91,28,16,14,220627,,,,,,,2026-27,0c133121c3637cccea64e7dc70a58d499d53501a46c780f65d6f89cd020d52e9,2026-09-27T08:05:19.992073Z,official_2025-26_stats,0.5,False,1.0,0.0,,,5.2
277,11,2,John Egan,Egan,Hull City,HUL,Defender,4.1,26,5.2,4.5,437,7.0,a,,,,,41,6.341463414634147,59,12.15,5,1,71,50,9,12,108416,,,,,,,2026-27,0c133121c3637cccea64e7dc70a58d499d53501a46c780f65d6f89cd020d52e9,2026-09-27T08:05:19.992073Z,official_previous_season_stats_unmatched,0.0,True,1.0,0.0,,,5.2
316,12,4,Emersonn Correia da Silva,Emersonn,Ipswich Town,IPS,Forward,5.5,26,5.2,4.2,317,3.5,a,100.0,100.0,,2026-08-31T09:30:08.306145Z,55,4.7272727272727275,10,2.84,5,6,110,3,3,4,543968,2.0,,,,,,2026-27,0c133121c3637cccea64e7dc70a58d499d53501a46c780f65d6f89cd020d52e9,2026-09-27T08:05:19.992073Z,official_previous_season_stats_unmatched,0.0,True,1.0,0.0,,,5.2
586,11,2,Nobel Mendy,Mendy,Hull City,HUL,Defender,4.1,25,6.2,2.5,249,6.3,a,100.0,0.0,,2026-09-12T18:00:09.334142Z,41,6.097560975609756,39,14.1,4,1,69,32,7,6,606930,,,,,,,2026-27,0c133121c3637cccea64e7dc70a58d499d53501a46c780f65d6f89cd020d52e9,2026-09-27T08:05:19.992073Z,official_previous_season_stats_unmatched,0.0,True,1.0,0.0,,,6.2
4,1,2,Gabriel dos Santos Magalhães,Gabriel,Arsenal,ARS,Defender,8.0,25,5.0,6.0,450,22.7,a,,,,,80,3.125,41,8.2,5,2,90,35,6,17,226597,,,,,,,2026-27,0c133121c3637cccea64e7dc70a58d499d53501a46c780f65d6f89cd020d52e9,2026-09-27T08:05:19.992073Z,official_2025-26_stats,0.7631578947368421,False,1.0,0.0,,,5.0
356,14,2,Virgil van Dijk,Virgil,Liverpool,LIV,Defender,6.5,25,5.0,6.0,450,16.2,a,,,,,65,3.8461538461538463,48,9.6,5,0,96,43,5,18,97032,,,,,,,2026-27,0c133121c3637cccea64e7dc70a58d499d53501a46c780f65d6f89cd020d52e9,2026-09-27T08:05:19.992073Z,official_2025-26_stats,1.0,False,1.0,0.0,,,5.0
226,9,1,Jordan Pickford,Pickford,Everton,EVE,Goalkeeper,5.5,25,5.0,2.0,450,9.1,a,,,,,55,4.545454545454546,0,0.0,5,1,121,7,0,53,111234,,,,,,,2026-27,0c133121c3637cccea64e7dc70a58d499d53501a46c780f65d6f89cd020d52e9,2026-09-27T08:05:19.992073Z,official_2025-26_stats,1.0,False,1.0,0.0,,,5.0
305,12,2,Leif Davis,Davis,Ipswich Town,IPS,Defender,4.0,25,5.0,5.8,450,6.9,a,,,,,40,6.25,24,4.8,5,1,52,22,2,10,455084,,,2.0,,,,2026-27,0c133121c3637cccea64e7dc70a58d499d53501a46c780f65d6f89cd020d52e9,2026-09-27T08:05:19.992073Z,official_previous_season_stats_unmatched,0.0,True,1.0,0.0,,,5.0
427,16,3,Bryan Mbeumo,Mbeumo,Man Utd,MUN,Midfielder,7.9,25,5.0,5.666666666666667,450,20.6,a,,,,,79,3.1645569620253164,26,5.2,5,3,110,7,5,14,446008,2.0,,2.0,,2.0,,2026-27,0c133121c3637cccea64e7dc70a58d499d53501a46c780f65d6f89cd020d52e9,2026-09-27T08:05:19.992073Z,official_2025-26_stats,0.8157894736842105,False,1.0,0.0,,,5.0
127,5,3,Diego Gómez Amarilla,Gomez,Brighton,BHA,Midfielder,5.0,24,4.8,0.6666666666666666,433,4.0,a,,,,,50,4.8,36,7.48,5,0,80,7,13,16,514254,,,5.0,,,,2026-27,0c133121c3637cccea64e7dc70a58d499d53501a46c780f65d6f89cd020d52e9,2026-09-27T08:05:19.992073Z,official_2025-26_stats,0.6052631578947368,False,1.0,0.0,,,4.8
173,7,2,Bobby Thomas,Thomas,Coventry City,COV,Defender,4.0,24,4.8,5.2,437,8.6,a,,,,,40,6.0,52,10.71,5,3,78,49,3,16,461102,,,,,,,2026-27,0c133121c3637cccea64e7dc70a58d499d53501a46c780f65d6f89cd020d52e9,2026-09-27T08:05:19.992073Z,launch_evidence:official_scout_promoted_player_analysis,0.5903999999999999,True,1.0,0.72,official_scout_promoted_player_analysis,https://www.premierleague.com/en/news/4680821/the-scouts-analysis-of-15-key-player-prices-in-202627-fantasy,4.8
552,20,4,Brian Brobbey,Brobbey,Sunderland,SUN,Forward,5.7,24,4.8,4.666666666666667,399,7.0,d,75.0,,Hamstring injury - 75% chance of playing,2026-09-24T21:30:10.382142Z,57,4.2105263157894735,11,2.48,5,3,113,1,0,10,441264,,,,,,,2026-27,0c133121c3637cccea64e7dc70a58d499d53501a46c780f65d6f89cd020d52e9,2026-09-27T08:05:19.992073Z,official_2025-26_stats,0.5526315789473685,False,0.75,0.0,,,4.8
268,10,3,Josh King,King,Fulham,FUL,Midfielder,5.5,24,4.8,0.6666666666666666,425,2.5,a,,,,,55,4.363636363636363,28,5.93,5,3,109,5,7,16,577725,,,,,,,2026-27,0c133121c3637cccea64e7dc70a58d499d53501a46c780f65d6f89cd020d52e9,2026-09-27T08:05:19.992073Z,official_2025-26_stats,0.34210526315789475,False,1.0,0.0,,,4.8
204,8,2,Tyrick Mitchell,Mitchell,Crystal Palace,CRY,Defender,4.5,24,4.8,2.6666666666666665,419,6.0,a,,,,,45,5.333333333333333,25,5.37,5,3,68,14,11,23,244723,,,,,,,2026-27,0c133121c3637cccea64e7dc70a58d499d53501a46c780f65d6f89cd020d52e9,2026-09-27T08:05:19.992073Z,official_2025-26_stats,0.8947368421052632,False,1.0,0.0,,,4.8
112,19,2,Jan Paul van Hecke,Van Hecke,Spurs,TOT,Defender,4.9,24,4.8,3.0,450,6.6,a,,,,,49,4.897959183673469,43,8.6,5,2,85,33,10,17,469142,,,,,,,2026-27,0c133121c3637cccea64e7dc70a58d499d53501a46c780f65d6f89cd020d52e9,2026-09-27T08:05:19.992073Z,official_2025-26_stats,0.9210526315789473,False,1.0,0.0,,,4.8
362,14,2,Jeremy Jacquet,Jacquet,Liverpool,LIV,Defender,5.0,24,4.8,5.8,415,3.5,a,100.0,100.0,,2026-07-23T12:01:23.581126Z,50,4.8,36,7.81,5,3,112,25,11,21,606702,,,,,,,2026-27,0c133121c3637cccea64e7dc70a58d499d53501a46c780f65d6f89cd020d52e9,2026-09-27T08:05:19.992073Z,official_previous_season_stats_unmatched,0.0,False,1.0,0.0,,,4.8
282,11,2,Ryan Giles,Giles,Hull City,HUL,Defender,4.0,24,4.8,4.5,444,2.9,a,,,,,40,6.0,24,4.86,5,2,94,19,5,14,232351,,,1.0,,3.0,,2026-27,0c133121c3637cccea64e7dc70a58d499d53501a46c780f65d6f89cd020d52e9,2026-09-27T08:05:19.992073Z,official_previous_season_stats_unmatched,0.0,True,1.0,0.0,,,4.8
472,18,2,Murillo Costa dos Santos,Murillo,Nott'm Forest,NFO,Defender,5.5,23,4.6,0.0,449,2.1,a,100.0,100.0,,2026-07-23T12:01:23.801183Z,55,4.181818181818182,53,10.62,5,0,76,44,9,18,575476,,,2.0,,,,2026-27,0c133121c3637cccea64e7dc70a58d499d53501a46c780f65d6f89cd020d52e9,2026-09-27T08:05:19.992073Z,official_2025-26_stats,0.6052631578947368,False,1.0,0.0,,,4.6
109,5,1,Bart Verbruggen,Verbruggen,Brighton,BHA,Goalkeeper,4.5,23,4.6,3.3333333333333335,450,21.6,a,,,,,45,5.111111111111111,0,0.0,5,0,107,3,0,34,489639,,,,,,,2026-27,0c133121c3637cccea64e7dc70a58d499d53501a46c780f65d6f89cd020d52e9,2026-09-27T08:05:19.992073Z,official_2025-26_stats,0.9736842105263158,False,1.0,0.0,,,4.6
88,4,2,Michael Kayode,Kayode,Brentford,BRE,Defender,4.6,23,4.6,1.0,294,7.6,a,,,,,46,5.0,16,4.9,4,1,72,14,2,14,607464,,,,,,,2026-27,0c133121c3637cccea64e7dc70a58d499d53501a46c780f65d6f89cd020d52e9,2026-09-27T08:05:19.992073Z,official_2025-26_stats,0.9736842105263158,False,1.0,0.0,,,4.6
86,4,3,Keane Lewis-Potter,Lewis-Potter,Brentford,BRE,Midfielder,5.5,22,4.4,2.3333333333333335,406,1.7,a,,,,,55,4.0,38,8.42,5,3,85,17,6,15,249231,,,1.0,,,,2026-27,0c133121c3637cccea64e7dc70a58d499d53501a46c780f65d6f89cd020d52e9,2026-09-27T08:05:19.992073Z,official_2025-26_stats,0.5526315789473685,False,1.0,0.0,,,4.4
237,15,3,Iliman Ndiaye,Ndiaye,Man City,MCI,Midfielder,5.8,22,4.4,2.0,385,6.7,a,,,,,58,3.793103448275862,44,10.29,4,1,110,10,8,26,440993,,,,,,,2026-27,0c133121c3637cccea64e7dc70a58d499d53501a46c780f65d6f89cd020d52e9,2026-09-27T08:05:19.992073Z,official_2025-26_stats,0.8421052631578947,False,1.0,0.0,,,4.4
579,14,2,Ronald Araujo,Araujo,Liverpool,LIV,Defender,5.4,22,4.4,5.2,284,3.0,a,,,,,54,4.0740740740740735,24,7.61,3,1,81,19,5,15,445087,,,,,,,2026-27,0c133121c3637cccea64e7dc70a58d499d53501a46c780f65d6f89cd020d52e9,2026-09-27T08:05:19.992073Z,official_previous_season_stats_unmatched,0.0,False,1.0,0.0,,,4.4
346,13,4,Dominic Calvert-Lewin,Calvert-Lewin,Leeds,LEE,Forward,6.0,22,4.4,5.333333333333333,419,24.8,a,,,,,60,3.6666666666666665,22,4.73,5,4,73,9,0,13,177815,1.0,,,,,,2026-27,0c133121c3637cccea64e7dc70a58d499d53501a46c780f65d6f89cd020d52e9,2026-09-27T08:05:19.992073Z,official_2025-26_stats,0.7631578947368421,False,1.0,0.0,,,4.4
116,5,2,Lewis Dunk,Dunk,Brighton,BHA,Defender,4.5,22,5.5,5.666666666666667,360,1.5,d,75.0,,Neck injury - 75% chance of playing,2026-09-22T09:30:09.629652Z,45,4.888888888888889,23,5.75,4,1,79,20,3,13,83299,,,3.0,,,,2026-27,0c133121c3637cccea64e7dc70a58d499d53501a46c780f65d6f89cd020d52e9,2026-09-27T08:05:19.992073Z,official_2025-26_stats,0.75,False,0.75,0.0,,,5.5
565,4,3,Mamadou Sangaré,M.Sangaré,Brentford,BRE,Midfielder,5.6,22,4.4,2.0,321,10.0,a,,,,,56,3.928571428571429,48,13.46,4,3,76,12,14,22,513545,,,,,,,2026-27,0c133121c3637cccea64e7dc70a58d499d53501a46c780f65d6f89cd020d52e9,2026-09-27T08:05:19.992073Z,official_previous_season_stats_unmatched,0.0,False,1.0,0.0,,,4.4
460,17,3,Joe Willock,Willock,Newcastle,NEW,Midfielder,5.0,22,4.4,2.0,284,0.6,a,,,,,50,4.4,18,5.7,3,3,80,4,5,9,200089,,,,,,,2026-27,0c133121c3637cccea64e7dc70a58d499d53501a46c780f65d6f89cd020d52e9,2026-09-27T08:05:19.992073Z,official_2025-26_stats,0.21052631578947367,False,1.0,0.0,,,4.4
432,16,3,Kobbie Mainoo,Mainoo,Man Utd,MUN,Midfielder,5.5,22,4.4,3.6666666666666665,354,1.6,d,75.0,,Unspecified injury - 75% chance of playing,2026-09-21T13:00:09.169862Z,55,4.0,56,14.24,4,2,102,10,6,40,516895,,,,,,,2026-27,0c133121c3637cccea64e7dc70a58d499d53501a46c780f65d6f89cd020d52e9,2026-09-27T08:05:19.992073Z,official_2025-26_stats,0.42105263157894735,False,0.75,0.0,,,4.4
544,20,3,Granit Xhaka,Xhaka,Sunderland,SUN,Midfielder,5.5,21,4.2,2.6666666666666665,450,3.6,a,,,,,55,3.8181818181818183,54,10.8,5,5,116,12,9,33,84450,,,2.0,,2.0,,2026-27,0c133121c3637cccea64e7dc70a58d499d53501a46c780f65d6f89cd020d52e9,2026-09-27T08:05:19.992073Z,official_2025-26_stats,0.8421052631578947,False,1.0,0.0,,,4.2
214,8,3,Daichi Kamada,Kamada,Crystal Palace,CRY,Midfielder,5.0,21,4.2,2.3333333333333335,441,0.5,a,,,,,50,4.2,38,7.76,5,0,109,4,11,23,209400,,,,,3.0,,2026-27,0c133121c3637cccea64e7dc70a58d499d53501a46c780f65d6f89cd020d52e9,2026-09-27T08:05:19.992073Z,official_2025-26_stats,0.5263157894736842,False,1.0,0.0,,,4.2
649,9,2,Ainsley Maitland-Niles,Maitland-Niles,Everton,EVE,Defender,4.5,21,7.0,7.0,177,1.4,a,,,,,45,4.666666666666667,13,6.61,2,2,75,8,5,7,154043,,,,,,,2026-27,0c133121c3637cccea64e7dc70a58d499d53501a46c780f65d6f89cd020d52e9,2026-09-27T08:05:19.992073Z,official_previous_season_stats_unmatched,0.0,False,1.0,0.0,,,7.0
41,2,3,Emiliano Buendía Stati,Buendía,Aston Villa,AVL,Midfielder,5.9,21,4.2,3.0,401,1.0,a,,,,,59,3.559322033898305,34,7.63,5,3,73,5,9,20,195546,1.0,,1.0,,3.0,,2026-27,0c133121c3637cccea64e7dc70a58d499d53501a46c780f65d6f89cd020d52e9,2026-09-27T08:05:19.992073Z,official_2025-26_stats,0.39473684210526316,False,1.0,0.0,,,4.2
10,1,2,Benjamin White,White,Arsenal,ARS,Defender,5.5,21,5.2,0.3333333333333333,315,4.9,d,75.0,100.0,Groin injury - 75% chance of playing,2026-09-20T19:30:08.247780Z,55,3.8181818181818183,18,5.14,4,3,78,12,6,9,198869,,,,,,,2026-27,0c133121c3637cccea64e7dc70a58d499d53501a46c780f65d6f89cd020d52e9,2026-09-27T08:05:19.992073Z,official_2025-26_stats,0.18421052631578946,False,0.75,0.0,,,5.2
87,4,2,Kristoffer Ajer,Ajer,Brentford,BRE,Defender,4.5,21,4.2,1.6666666666666667,450,3.9,a,,,,,45,4.666666666666667,50,10.0,5,1,73,46,4,11,191866,,,,,,,2026-27,0c133121c3637cccea64e7dc70a58d499d53501a46c780f65d6f89cd020d52e9,2026-09-27T08:05:19.992073Z,official_2025-26_stats,0.5,False,1.0,0.0,,,4.2
338,13,3,Ethan Ampadu,Ampadu,Leeds,LEE,Midfielder,5.4,21,4.2,5.333333333333333,450,0.9,a,,,,,54,3.888888888888889,60,12.0,5,0,87,24,12,24,199598,,,,,,,2026-27,0c133121c3637cccea64e7dc70a58d499d53501a46c780f65d6f89cd020d52e9,2026-09-27T08:05:19.992073Z,official_2025-26_stats,0.8947368421052632,False,1.0,0.0,,,4.2
93,4,2,Jannik Schuster,Schuster,Brentford,BRE,Defender,4.5,21,7.0,5.2,253,0.3,a,,,,,45,4.666666666666667,38,13.52,2,3,59,35,3,6,513086,,,,,,,2026-27,0c133121c3637cccea64e7dc70a58d499d53501a46c780f65d6f89cd020d52e9,2026-09-27T08:05:19.992073Z,official_previous_season_stats_unmatched,0.0,False,1.0,0.0,,,7.0
13,1,3,Declan Rice,Rice,Arsenal,ARS,Midfielder,7.4,20,4.0,2.6666666666666665,411,11.7,d,75.0,,Unspecified injury - 75% chance of playing,2026-09-21T13:00:08.896379Z,74,2.7027027027027026,42,9.2,5,0,91,18,7,17,204480,,,1.0,,1.0,,2026-27,0c133121c3637cccea64e7dc70a58d499d53501a46c780f65d6f89cd020d52e9,2026-09-27T08:05:19.992073Z,official_2025-26_stats,0.75,False,0.75,0.0,,,4.0
258,10,2,Timothy Castagne,Castagne,Fulham,FUL,Defender,4.5,20,4.0,5.0,408,0.9,a,,,,,45,4.444444444444445,29,6.4,5,0,64,23,6,18,166477,,,,,,,2026-27,0c133121c3637cccea64e7dc70a58d499d53501a46c780f65d6f89cd020d52e9,2026-09-27T08:05:19.992073Z,official_2025-26_stats,0.5,False,1.0,0.0,,,4.0
605,5,3,Malick Yalcouyé,Yalcouyé,Brighton,BHA,Midfielder,4.5,20,4.0,4.8,236,4.0,a,,,,,45,4.444444444444445,19,7.25,3,1,96,6,6,7,611695,,,,,,,2026-27,0c133121c3637cccea64e7dc70a58d499d53501a46c780f65d6f89cd020d52e9,2026-09-27T08:05:19.992073Z,official_previous_season_stats_unmatched,0.0,False,1.0,0.0,,,4.0
368,14,3,Dominik Szoboszlai,Szoboszlai,Liverpool,LIV,Midfielder,7.0,20,4.0,4.333333333333333,440,32.9,a,,,,,70,2.857142857142857,41,8.39,5,1,103,13,6,22,424876,1.0,,1.0,,1.0,,2026-27,0c133121c3637cccea64e7dc70a58d499d53501a46c780f65d6f89cd020d52e9,2026-09-27T08:05:19.992073Z,official_2025-26_stats,0.9473684210526315,False,1.0,0.0,,,4.0
82,4,1,Caoimhín Kelleher,Kelleher,Brentford,BRE,Goalkeeper,5.0,20,4.0,3.6666666666666665,450,6.1,a,,,,,50,4.0,0,0.0,5,0,97,7,0,34,200720,,,,,,,2026-27,0c133121c3637cccea64e7dc70a58d499d53501a46c780f65d6f89cd020d52e9,2026-09-27T08:05:19.992073Z,official_2025-26_stats,0.9736842105263158,False,1.0,0.0,,,4.0
176,7,2,Jay Dasilva,Dasilva,Coventry City,COV,Defender,4.0,20,4.0,4.8,444,0.7,a,,,,,40,5.0,23,4.66,5,3,54,19,4,14,173878,,,,,,,2026-27,0c133121c3637cccea64e7dc70a58d499d53501a46c780f65d6f89cd020d52e9,2026-09-27T08:05:19.992073Z,official_previous_season_stats_unmatched,0.0,True,1.0,0.0,,,4.0
249,9,4,Thierno Barry,Barry,Everton,EVE,Forward,5.6,20,4.0,1.3333333333333333,417,8.2,a,,,,,56,3.5714285714285716,17,3.67,5,2,83,5,1,11,586309,1.0,,,,,,2026-27,0c133121c3637cccea64e7dc70a58d499d53501a46c780f65d6f89cd020d52e9,2026-09-27T08:05:19.992073Z,official_2025-26_stats,0.5,False,1.0,0.0,,,4.0
236,9,3,Kiernan Dewsbury-Hall,Dewsbury-Hall,Everton,EVE,Midfielder,6.6,20,4.0,3.0,450,6.0,a,,,,,66,3.0303030303030303,42,8.4,5,3,110,5,11,26,215413,,,,,2.0,,2026-27,0c133121c3637cccea64e7dc70a58d499d53501a46c780f65d6f89cd020d52e9,2026-09-27T08:05:19.992073Z,official_2025-26_stats,0.7631578947368421,False,1.0,0.0,,,4.0
26,1,4,Kai Havertz,Havertz,Arsenal,ARS,Forward,7.6,19,3.8,4.333333333333333,437,8.4,d,75.0,,Hamstring injury - 75% chance of playing,2026-09-24T22:00:09.120308Z,76,2.5,13,2.68,5,2,82,6,0,7,219847,,,,,,,2026-27,0c133121c3637cccea64e7dc70a58d499d53501a46c780f65d6f89cd020d52e9,2026-09-27T08:05:19.992073Z,official_2025-26_stats,0.13157894736842105,False,0.75,0.0,,,3.8
114,5,2,Olivier Boscagli,Boscagli,Brighton,BHA,Defender,4.5,19,3.8,0.0,437,0.3,a,,,,,45,4.222222222222222,29,5.97,5,0,93,25,4,17,204120,,,,,,,2026-27,0c133121c3637cccea64e7dc70a58d499d53501a46c780f65d6f89cd020d52e9,2026-09-27T08:05:19.992073Z,official_2025-26_stats,0.18421052631578946,False,1.0,0.0,,,3.8
469,18,2,Neco Williams,N.Williams,Nott'm Forest,NFO,Defender,5.0,19,3.8,1.6666666666666667,450,8.8,a,,,,,50,3.8,29,5.8,5,1,85,15,14,28,215136,,,3.0,,2.0,,2026-27,0c133121c3637cccea64e7dc70a58d499d53501a46c780f65d6f89cd020d52e9,2026-09-27T08:05:19.992073Z,official_2025-26_stats,0.8947368421052632,False,1.0,0.0,,,3.8
384,15,1,Gianluigi Donnarumma,Donnarumma,Man City,MCI,Goalkeeper,5.5,19,3.8,5.0,450,7.6,a,,,,,55,3.4545454545454546,0,0.0,5,0,84,4,0,32,204936,,,,,,,2026-27,0c133121c3637cccea64e7dc70a58d499d53501a46c780f65d6f89cd020d52e9,2026-09-27T08:05:19.992073Z,official_2025-26_stats,0.8421052631578947,False,1.0,0.0,,,3.8
588,8,2,Anan Khalaili,Khalaili,Crystal Palace,CRY,Defender,5.0,19,3.8,4.5,379,0.3,a,,,,,50,3.8,44,10.45,4,0,54,23,21,26,570794,,,,,,,2026-27,0c133121c3637cccea64e7dc70a58d499d53501a46c780f65d6f89cd020d52e9,2026-09-27T08:05:19.992073Z,official_previous_season_stats_unmatched,0.0,False,1.0,0.0,,,3.8
242,9,3,Tyrique George,George,Everton,EVE,Midfielder,5.5,19,3.8,1.0,309,0.9,a,,,,,55,3.4545454545454546,18,5.24,4,3,77,5,1,12,550615,,,,,,,2026-27,0c133121c3637cccea64e7dc70a58d499d53501a46c780f65d6f89cd020d52e9,2026-09-27T08:05:19.992073Z,official_2025-26_stats,0.05263157894736842,False,1.0,0.0,,,3.8
250,10,1,Bernd Leno,Leno,Fulham,FUL,Goalkeeper,4.5,18,3.6,3.6666666666666665,450,3.3,a,,,,,45,4.0,0,0.0,5,2,77,6,0,41,80201,,,,,,,2026-27,0c133121c3637cccea64e7dc70a58d499d53501a46c780f65d6f89cd020d52e9,2026-09-27T08:05:19.992073Z,official_2025-26_stats,1.0,False,1.0,0.0,,,3.6
496,19,1,Antonín Kinský,Kinsky,Spurs,TOT,Goalkeeper,4.5,18,3.6,3.0,450,17.3,a,,,,,45,4.0,0,0.0,5,0,77,10,0,34,485055,,,,,,,2026-27,0c133121c3637cccea64e7dc70a58d499d53501a46c780f65d6f89cd020d52e9,2026-09-27T08:05:19.992073Z,official_2025-26_stats,0.18421052631578946,False,1.0,0.0,,,3.6
366,14,3,Florian Wirtz,Wirtz,Liverpool,LIV,Midfielder,7.3,18,3.6,0.6666666666666666,402,5.7,a,,,,,73,2.4657534246575343,36,8.06,5,0,92,3,8,25,494595,4.0,,2.0,,2.0,,2026-27,0c133121c3637cccea64e7dc70a58d499d53501a46c780f65d6f89cd020d52e9,2026-09-27T08:05:19.992073Z,official_2025-26_stats,0.7105263157894737,False,1.0,0.0,,,3.6
454,17,3,Anthony Elanga,Elanga,Newcastle,NEW,Midfielder,6.1,18,6.0,0.6666666666666666,232,4.6,i,0.0,0.0,Unspecified injury - Unknown return date,2026-09-14T20:00:09.505598Z,61,2.9508196721311477,9,3.49,3,2,71,2,4,3,449434,,,,,2.0,,2026-27,0c133121c3637cccea64e7dc70a58d499d53501a46c780f65d6f89cd020d52e9,2026-09-27T08:05:19.992073Z,official_2025-26_stats,0.0,False,0.0,0.0,,,6.0
336,13,3,Noah Okafor,Okafor,Leeds,LEE,Midfielder,5.8,18,3.6,0.0,299,0.4,a,,,,,58,3.103448275862069,18,5.42,4,1,82,3,7,8,435997,,,,,,,2026-27,0c133121c3637cccea64e7dc70a58d499d53501a46c780f65d6f89cd020d52e9,2026-09-27T08:05:19.992073Z,official_2025-26_stats,0.4473684210526316,False,1.0,0.0,,,3.6
79,3,4,Francisco Evanilson de Lima Barbosa,Evanilson,Bournemouth,BOU,Forward,6.0,18,3.6,1.6666666666666667,424,3.2,a,,,,,60,3.0,27,5.73,5,0,66,11,3,13,444102,,,,,,,2026-27,0c133121c3637cccea64e7dc70a58d499d53501a46c780f65d6f89cd020d52e9,2026-09-27T08:05:19.992073Z,official_2025-26_stats,0.7631578947368421,False,1.0,0.0,,,3.6
542,20,3,Enzo Le Fée,E.Le Fée,Sunderland,SUN,Midfielder,5.7,18,3.6,7.0,438,3.4,a,,,,,57,3.1578947368421053,21,4.32,5,1,90,3,7,11,484420,2.0,,3.0,,1.0,,2026-27,0c133121c3637cccea64e7dc70a58d499d53501a46c780f65d6f89cd020d52e9,2026-09-27T08:05:19.992073Z,official_2025-26_stats,0.868421052631579,False,1.0,0.0,,,3.6
45,2,3,John McGinn,McGinn,Aston Villa,AVL,Midfielder,5.4,17,3.4,4.0,434,2.2,a,,,,,54,3.148148148148148,30,6.22,5,1,65,8,5,17,122806,,,,,2.0,,2026-27,0c133121c3637cccea64e7dc70a58d499d53501a46c780f65d6f89cd020d52e9,2026-09-27T08:05:19.992073Z,official_2025-26_stats,0.6578947368421053,False,1.0,0.0,,,3.4
502,19,2,Andrew Robertson,Robertson,Spurs,TOT,Defender,4.4,17,3.4,0.6666666666666666,366,2.5,a,,,,,44,3.8636363636363633,20,4.92,4,1,68,15,5,15,122798,,,,,5.0,,2026-27,0c133121c3637cccea64e7dc70a58d499d53501a46c780f65d6f89cd020d52e9,2026-09-27T08:05:19.992073Z,official_2025-26_stats,0.23684210526315788,False,1.0,0.0,,,3.4
390,15,2,Rúben dos Santos Gato Alves Dias,Rúben,Man City,MCI,Defender,5.5,17,3.4,0.3333333333333333,450,1.9,a,,,,,55,3.090909090909091,26,5.2,5,0,72,25,1,16,171314,,,,,,,2026-27,0c133121c3637cccea64e7dc70a58d499d53501a46c780f65d6f89cd020d52e9,2026-09-27T08:05:19.992073Z,official_2025-26_stats,0.6052631578947368,False,1.0,0.0,,,3.4
557,1,3,Christos Tzolis,Tzolis,Arsenal,ARS,Midfielder,6.3,16,3.2,2.5,362,12.2,a,,,,,63,2.5396825396825395,23,5.72,5,1,81,7,4,12,439509,,,,,3.0,,2026-27,0c133121c3637cccea64e7dc70a58d499d53501a46c780f65d6f89cd020d52e9,2026-09-27T08:05:19.992073Z,official_previous_season_stats_unmatched,0.0,False,1.0,0.0,,,3.2
123,5,3,Jack Hinshelwood,Hinshelwood,Brighton,BHA,Midfielder,5.9,16,16.0,4.333333333333333,63,0.6,i,0.0,0.0,Ankle injury - Expected back 10 Oct,2026-08-27T19:30:07.780933Z,59,2.711864406779661,3,4.29,1,3,54,0,2,1,532529,,,,,,,2026-27,0c133121c3637cccea64e7dc70a58d499d53501a46c780f65d6f89cd020d52e9,2026-09-27T08:05:19.992073Z,official_2025-26_stats,0.0,False,0.0,0.0,,,16.0
96,4,3,Mikkel Damsgaard,Damsgaard,Brentford,BRE,Midfielder,5.4,16,3.2,2.3333333333333335,283,0.4,a,,,,,54,2.962962962962963,31,9.86,3,3,74,6,7,18,440089,,,3.0,,2.0,,2026-27,0c133121c3637cccea64e7dc70a58d499d53501a46c780f65d6f89cd020d52e9,2026-09-27T08:05:19.992073Z,official_2025-26_stats,0.5789473684210527,False,1.0,0.0,,,3.2
551,20,3,Nilson Angulo,N.Angulo,Sunderland,SUN,Midfielder,5.0,16,3.2,1.3333333333333333,313,0.1,a,,,,,50,3.2,24,6.9,5,0,67,5,5,14,536661,,,1.0,,,,2026-27,0c133121c3637cccea64e7dc70a58d499d53501a46c780f65d6f89cd020d52e9,2026-09-27T08:05:19.992073Z,official_2025-26_stats,0.13157894736842105,False,1.0,0.0,,,3.2
244,9,3,Harrison Armstrong,Armstrong,Everton,EVE,Midfielder,5.0,16,3.2,0.3333333333333333,446,0.4,a,100.0,75.0,,2026-09-17T08:30:08.942299Z,50,3.2,40,8.07,5,0,61,13,8,19,609873,,,,,,,2026-27,0c133121c3637cccea64e7dc70a58d499d53501a46c780f65d6f89cd020d52e9,2026-09-27T08:05:19.992073Z,official_2025-26_stats,0.13157894736842105,False,1.0,0.0,,,3.2
503,19,2,Micky van de Ven,Van de Ven,Spurs,TOT,Defender,5.0,16,4.0,2.6666666666666665,360,3.8,a,100.0,100.0,,2026-08-21T15:00:07.610517Z,50,3.2,29,7.25,4,3,69,24,5,17,491279,,,,,,,2026-27,0c133121c3637cccea64e7dc70a58d499d53501a46c780f65d6f89cd020d52e9,2026-09-27T08:05:19.992073Z,official_2025-26_stats,0.868421052631579,False,1.0,0.0,,,4.0
597,2,1,Zion Suzuki,Suzuki,Aston Villa,AVL,Goalkeeper,5.0,16,4.0,4.0,360,1.9,a,,,,,50,3.2,0,0.0,4,3,80,8,0,43,433969,,,,,,,2026-27,0c133121c3637cccea64e7dc70a58d499d53501a46c780f65d6f89cd020d52e9,2026-09-27T08:05:19.992073Z,official_previous_season_stats_unmatched,0.0,False,1.0,0.0,,,4.0
110,7,1,Carl Rushworth,Rushworth,Coventry City,COV,Goalkeeper,4.5,16,3.2,3.8,450,0.8,a,,,,,45,3.5555555555555554,0,0.0,5,2,56,4,0,50,472739,,,,,,,2026-27,0c133121c3637cccea64e7dc70a58d499d53501a46c780f65d6f89cd020d52e9,2026-09-27T08:05:19.992073Z,official_previous_season_stats_unmatched,0.0,True,1.0,0.0,,,3.2
257,10,2,Calvin Bassey,Bassey,Fulham,FUL,Defender,4.5,15,3.0,3.3333333333333335,450,0.7,a,,,,,45,3.3333333333333335,29,5.8,5,1,69,23,6,22,232892,,,,,,,2026-27,0c133121c3637cccea64e7dc70a58d499d53501a46c780f65d6f89cd020d52e9,2026-09-27T08:05:19.992073Z,official_2025-26_stats,0.7368421052631579,False,1.0,0.0,,,3.0
105,4,3,Jaidon Anthony,Anthony,Brentford,BRE,Midfielder,5.9,15,3.0,3.6666666666666665,267,0.1,a,,,,,59,2.542372881355932,26,8.76,3,2,59,6,4,16,444180,,,,,,,2026-27,0c133121c3637cccea64e7dc70a58d499d53501a46c780f65d6f89cd020d52e9,2026-09-27T08:05:19.992073Z,official_2025-26_stats,0.7631578947368421,False,1.0,0.0,,,3.0
70,3,3,Justin Kluivert,Kluivert,Bournemouth,BOU,Midfielder,6.0,15,3.8,0.3333333333333333,294,0.9,i,0.0,,Unspecified injury - Unknown return date,2026-09-20T15:30:09.074071Z,60,2.5,22,6.73,4,1,64,2,4,16,222683,2.0,,2.0,,3.0,,2026-27,0c133121c3637cccea64e7dc70a58d499d53501a46c780f65d6f89cd020d52e9,2026-09-27T08:05:19.992073Z,official_2025-26_stats,0.0,False,0.0,0.0,,,3.8
377,14,3,Victor Munoz,Munoz,Liverpool,LIV,Midfielder,6.5,15,3.0,2.8,257,0.9,a,,,,,65,2.3076923076923075,16,5.6,3,0,60,5,3,8,551499,,,,,,,2026-27,0c133121c3637cccea64e7dc70a58d499d53501a46c780f65d6f89cd020d52e9,2026-09-27T08:05:19.992073Z,official_previous_season_stats_unmatched,0.0,False,1.0,0.0,,,3.0
464,17,4,Yoane Wissa,Wissa,Newcastle,NEW,Forward,6.2,15,3.0,0.6666666666666666,441,18.6,a,,,,,62,2.4193548387096775,27,5.51,5,2,54,6,6,15,216646,2.0,,,,,,2026-27,0c133121c3637cccea64e7dc70a58d499d53501a46c780f65d6f89cd020d52e9,2026-09-27T08:05:19.992073Z,official_2025-26_stats,0.10526315789473684,False,1.0,0.0,,,3.0
591,12,3,Julio Enciso,Enciso,Ipswich Town,IPS,Midfielder,5.5,15,3.0,2.5,413,0.8,a,100.0,100.0,,2026-08-22T18:00:07.551930Z,55,2.727272727272727,31,6.76,5,0,83,5,2,24,474120,,,,,,,2026-27,0c133121c3637cccea64e7dc70a58d499d53501a46c780f65d6f89cd020d52e9,2026-09-27T08:05:19.992073Z,official_previous_season_stats_unmatched,0.0,True,1.0,0.0,,,3.0
290,11,3,Regan Slater,Slater,Hull City,HUL,Midfielder,4.5,15,3.0,2.2,437,5.3,a,,,,,45,3.3333333333333335,33,6.8,5,0,67,9,9,15,243413,,,,,1.0,,2026-27,0c133121c3637cccea64e7dc70a58d499d53501a46c780f65d6f89cd020d52e9,2026-09-27T08:05:19.992073Z,official_previous_season_stats_unmatched,0.0,True,1.0,0.0,,,3.0
483,18,3,Dan Ndoye,Ndoye,Nott'm Forest,NFO,Midfielder,5.5,15,3.0,0.0,316,0.7,a,,,,,55,2.727272727272727,20,5.7,5,2,44,3,2,15,456512,,,,,,,2026-27,0c133121c3637cccea64e7dc70a58d499d53501a46c780f65d6f89cd020d52e9,2026-09-27T08:05:19.992073Z,official_2025-26_stats,0.2631578947368421,False,1.0,0.0,,,3.0
553,20,4,Wilson Isidor,Isidor,Sunderland,SUN,Forward,5.5,15,3.0,2.0,117,1.3,a,,,,,55,2.727272727272727,5,3.85,0,3,51,0,2,3,437505,,,,,,,2026-27,0c133121c3637cccea64e7dc70a58d499d53501a46c780f65d6f89cd020d52e9,2026-09-27T08:05:19.992073Z,official_2025-26_stats,0.23684210526315788,False,1.0,0.0,,,3.0
47,2,3,Boubacar Kamara,Kamara,Aston Villa,AVL,Midfielder,5.0,15,3.0,0.0,443,0.3,a,100.0,100.0,,2026-07-23T12:01:23.337269Z,50,3.0,36,7.31,5,0,85,11,9,16,226944,,,,,,,2026-27,0c133121c3637cccea64e7dc70a58d499d53501a46c780f65d6f89cd020d52e9,2026-09-27T08:05:19.992073Z,official_2025-26_stats,0.42105263157894735,False,1.0,0.0,,,3.0
516,19,3,Rodrigo Bentancur,Bentancur,Spurs,TOT,Midfielder,5.5,15,3.0,4.0,370,0.2,a,,,,,55,2.727272727272727,60,14.59,4,0,69,22,15,23,202993,,,,,,,2026-27,0c133121c3637cccea64e7dc70a58d499d53501a46c780f65d6f89cd020d52e9,2026-09-27T08:05:19.992073Z,official_2025-26_stats,0.5526315789473685,False,1.0,0.0,,,3.0
447,17,2,Sven Botman,Botman,Newcastle,NEW,Defender,5.0,15,3.0,3.6666666666666665,450,0.7,a,,,,,50,3.0,59,11.8,5,0,43,54,5,14,220237,,,,,,,2026-27,0c133121c3637cccea64e7dc70a58d499d53501a46c780f65d6f89cd020d52e9,2026-09-27T08:05:19.992073Z,official_2025-26_stats,0.5263157894736842,False,1.0,0.0,,,3.0
481,15,3,Elliot Anderson,Anderson,Man City,MCI,Midfielder,6.3,15,3.0,8.666666666666666,413,4.0,a,100.0,100.0,,2026-08-23T17:00:07.952697Z,63,2.380952380952381,54,11.77,5,0,95,18,13,23,215379,,,,,3.0,,2026-27,0c133121c3637cccea64e7dc70a58d499d53501a46c780f65d6f89cd020d52e9,2026-09-27T08:05:19.992073Z,official_2025-26_stats,0.9736842105263158,False,1.0,0.0,,,3.0
129,5,3,Yasin Ayari,Ayari,Brighton,BHA,Midfielder,5.4,15,3.8,0.6666666666666666,333,0.4,a,100.0,100.0,,2026-08-30T18:00:07.935334Z,54,2.7777777777777777,21,5.68,4,0,71,4,2,15,509416,,,2.0,,4.0,,2026-27,0c133121c3637cccea64e7dc70a58d499d53501a46c780f65d6f89cd020d52e9,2026-09-27T08:05:19.992073Z,official_2025-26_stats,0.5263157894736842,False,1.0,0.0,,,3.8
43,16,3,Youri Tielemans,Tielemans,Man Utd,MUN,Midfielder,5.8,14,2.8,2.3333333333333335,402,1.5,a,100.0,100.0,,2026-07-23T12:01:23.321726Z,58,2.413793103448276,43,9.63,5,0,93,11,7,25,166989,3.0,,,,,,2026-27,0c133121c3637cccea64e7dc70a58d499d53501a46c780f65d6f89cd020d52e9,2026-09-27T08:05:19.992073Z,official_2025-26_stats,0.5263157894736842,False,1.0,0.0,,,2.8
445,17,2,Malick Thiaw,Thiaw,Newcastle,NEW,Defender,5.0,14,2.8,1.6666666666666667,450,2.2,a,,,,,50,2.8,45,9.0,5,0,32,45,0,10,465642,,,,,,,2026-27,0c133121c3637cccea64e7dc70a58d499d53501a46c780f65d6f89cd020d52e9,2026-09-27T08:05:19.992073Z,official_2025-26_stats,0.8421052631578947,False,1.0,0.0,,,2.8
261,10,3,Alex Iwobi,Iwobi,Fulham,FUL,Midfielder,5.4,14,2.8,1.6666666666666667,408,0.7,a,,,,,54,2.5925925925925926,29,6.4,5,2,94,5,5,19,153133,3.0,,1.0,,1.0,,2026-27,0c133121c3637cccea64e7dc70a58d499d53501a46c780f65d6f89cd020d52e9,2026-09-27T08:05:19.992073Z,official_2025-26_stats,0.7368421052631579,False,1.0,0.0,,,2.8
345,13,3,Tanaka Ao,Tanaka,Leeds,LEE,Midfielder,4.9,14,3.5,3.3333333333333335,255,0.3,a,,,,,49,2.8571428571428568,29,10.24,3,0,48,11,8,10,248056,,,,,4.0,,2026-27,0c133121c3637cccea64e7dc70a58d499d53501a46c780f65d6f89cd020d52e9,2026-09-27T08:05:19.992073Z,official_2025-26_stats,0.2894736842105263,False,1.0,0.0,,,3.5
567,17,1,Lukás Hornícek,Horníček,Newcastle,NEW,Goalkeeper,5.0,14,2.8,3.2,450,1.5,a,,,,,50,2.8,0,0.0,5,0,72,11,0,31,470551,,,,,,,2026-27,0c133121c3637cccea64e7dc70a58d499d53501a46c780f65d6f89cd020d52e9,2026-09-27T08:05:19.992073Z,official_previous_season_stats_unmatched,0.0,False,1.0,0.0,,,2.8
467,18,1,Matz Sels,Sels,Nott'm Forest,NFO,Goalkeeper,5.0,14,2.8,2.6666666666666665,450,1.6,a,,,,,50,2.8,0,0.0,5,0,67,6,0,46,85633,,,,,,,2026-27,0c133121c3637cccea64e7dc70a58d499d53501a46c780f65d6f89cd020d52e9,2026-09-27T08:05:19.992073Z,official_2025-26_stats,0.7631578947368421,False,1.0,0.0,,,2.8
91,7,2,Ethan Pinnock,Pinnock,Coventry City,COV,Defender,4.5,14,3.5,0.0,282,0.1,a,,,,,45,3.111111111111111,44,14.04,3,0,15,41,3,4,231065,,,,,,,2026-27,0c133121c3637cccea64e7dc70a58d499d53501a46c780f65d6f89cd020d52e9,2026-09-27T08:05:19.992073Z,official_2025-26_stats,0.10526315789473684,True,1.0,0.0,,,3.5
156,6,3,Pedro Lomba Neto,Neto,Chelsea,CHE,Midfielder,6.5,14,2.8,3.6666666666666665,332,1.4,a,,,,,65,2.1538461538461537,28,7.59,4,0,81,8,6,14,247632,,,3.0,,2.0,,2026-27,0c133121c3637cccea64e7dc70a58d499d53501a46c780f65d6f89cd020d52e9,2026-09-27T08:05:19.992073Z,official_2025-26_stats,0.7631578947368421,False,1.0,0.0,,,2.8
541,20,2,Thomas Meunier,Meunier,Sunderland,SUN,Defender,4.5,14,2.8,3.2,396,0.3,a,100.0,100.0,,2026-08-16T08:30:07.830062Z,45,3.111111111111111,20,4.55,5,0,42,16,4,15,93605,,,,,,,2026-27,0c133121c3637cccea64e7dc70a58d499d53501a46c780f65d6f89cd020d52e9,2026-09-27T08:05:19.992073Z,official_previous_season_stats_unmatched,0.0,False,1.0,0.0,,,2.8
202,8,2,Chris Richards,Richards,Crystal Palace,CRY,Defender,5.0,14,2.8,1.3333333333333333,450,0.6,a,,,,,50,2.8,54,10.8,5,0,48,46,8,16,427623,,,,,,,2026-27,0c133121c3637cccea64e7dc70a58d499d53501a46c780f65d6f89cd020d52e9,2026-09-27T08:05:19.992073Z,official_2025-26_stats,0.7894736842105263,False,1.0,0.0,,,2.8
331,13,2,Gabriel Gudmundsson,Gudmundsson,Leeds,LEE,Defender,4.5,14,4.7,0.0,252,0.1,a,100.0,100.0,,2026-08-08T20:00:07.546568Z,45,3.111111111111111,14,5.0,3,0,62,5,9,12,243526,,,,,,,2026-27,0c133121c3637cccea64e7dc70a58d499d53501a46c780f65d6f89cd020d52e9,2026-09-27T08:05:19.992073Z,official_2025-26_stats,0.7105263157894737,False,1.0,0.0,,,4.7
211,8,3,Yéremy Pino Santos,Yeremy,Crystal Palace,CRY,Midfielder,5.5,14,2.8,2.0,307,0.3,a,,,,,55,2.5454545454545454,26,7.62,4,0,70,5,5,16,488024,,,1.0,,1.0,,2026-27,0c133121c3637cccea64e7dc70a58d499d53501a46c780f65d6f89cd020d52e9,2026-09-27T08:05:19.992073Z,official_2025-26_stats,0.5,False,1.0,0.0,,,2.8
280,11,2,Lewie Coyle,Coyle,Hull City,HUL,Defender,4.0,14,2.8,2.0,348,0.7,a,100.0,100.0,,2026-08-29T16:30:08.151841Z,40,3.5,11,2.84,5,0,49,8,3,11,193278,,,,,,,2026-27,0c133121c3637cccea64e7dc70a58d499d53501a46c780f65d6f89cd020d52e9,2026-09-27T08:05:19.992073Z,official_previous_season_stats_unmatched,0.0,True,1.0,0.0,,,2.8
53,2,3,Johan Manzambi,Manzambi,Aston Villa,AVL,Midfielder,5.9,14,7.0,3.5,98,0.4,a,100.0,100.0,,2026-08-15T15:30:06.388335Z,59,2.3728813559322033,9,8.27,1,2,48,2,2,5,614071,,,,,,,2026-27,0c133121c3637cccea64e7dc70a58d499d53501a46c780f65d6f89cd020d52e9,2026-09-27T08:05:19.992073Z,official_previous_season_stats_unmatched,0.0,False,1.0,0.0,,,7.0
222,8,4,Jørgen Strand Larsen,Strand Larsen,Crystal Palace,CRY,Forward,6.0,14,2.8,2.3333333333333335,298,0.6,a,,,,,60,2.3333333333333335,13,3.93,3,2,69,6,2,5,247412,,,,,,,2026-27,0c133121c3637cccea64e7dc70a58d499d53501a46c780f65d6f89cd020d52e9,2026-09-27T08:05:19.992073Z,official_2025-26_stats,0.6052631578947368,False,1.0,0.0,,,2.8
569,10,4,Gonzalo García,Gonzalo,Fulham,FUL,Forward,6.0,14,2.8,2.0,425,3.9,a,,,,,60,2.3333333333333335,18,3.81,5,0,53,7,2,9,551466,1.0,,,,,,2026-27,0c133121c3637cccea64e7dc70a58d499d53501a46c780f65d6f89cd020d52e9,2026-09-27T08:05:19.992073Z,official_previous_season_stats_unmatched,0.0,False,1.0,0.0,,,2.8
455,19,3,Sandro Tonali,Tonali,Spurs,TOT,Midfielder,5.3,14,2.8,1.0,427,1.9,a,100.0,100.0,,2026-09-14T14:30:07.387706Z,53,2.6415094339622645,42,8.85,5,0,86,11,11,20,432422,,,,,,,2026-27,0c133121c3637cccea64e7dc70a58d499d53501a46c780f65d6f89cd020d52e9,2026-09-27T08:05:19.992073Z,official_2025-26_stats,0.7105263157894737,False,1.0,0.0,,,2.8
532,20,2,Daniel Ballard,Ballard,Sunderland,SUN,Defender,4.9,14,2.8,0.0,450,2.5,d,75.0,,Hamstring injury - 75% chance of playing,2026-09-25T21:30:10.370384Z,49,2.8571428571428568,49,9.8,5,0,31,39,10,12,223827,,,,,,,2026-27,0c133121c3637cccea64e7dc70a58d499d53501a46c780f65d6f89cd020d52e9,2026-09-27T08:05:19.992073Z,official_2025-26_stats,0.5789473684210527,False,0.75,0.0,,,2.8
155,15,3,Enzo Fernández,Enzo,Man City,MCI,Midfielder,6.9,13,3.2,7.333333333333333,271,3.6,a,,,,,69,1.8840579710144927,21,6.97,3,0,73,6,3,12,448047,,,,,,,2026-27,0c133121c3637cccea64e7dc70a58d499d53501a46c780f65d6f89cd020d52e9,2026-09-27T08:05:19.992073Z,official_2025-26_stats,0.8947368421052632,False,1.0,0.0,,,3.2
113,5,2,Ferdi Kadıoğlu,F.Kadıoğlu,Brighton,BHA,Defender,4.4,13,3.2,3.0,332,1.6,a,100.0,100.0,,2026-08-23T13:00:07.595211Z,44,2.954545454545454,10,2.71,4,0,46,9,1,8,231416,,,,,3.0,,2026-27,0c133121c3637cccea64e7dc70a58d499d53501a46c780f65d6f89cd020d52e9,2026-09-27T08:05:19.992073Z,official_2025-26_stats,0.8947368421052632,False,1.0,0.0,,,3.2
566,3,2,António João Pereira de Albuquerque Tavares da Silva,Silva,Bournemouth,BOU,Defender,5.0,13,2.6,2.8,450,0.4,a,,,,,50,2.6,56,11.2,5,0,30,51,5,14,483067,,,,,,,2026-27,0c133121c3637cccea64e7dc70a58d499d53501a46c780f65d6f89cd020d52e9,2026-09-27T08:05:19.992073Z,official_previous_season_stats_unmatched,0.0,False,1.0,0.0,,,2.6
593,17,2,Amar Dedic,Dedić,Newcastle,NEW,Defender,4.5,13,3.2,3.0,327,1.8,i,0.0,0.0,Unspecified injury - Unknown return date,2026-09-17T14:30:09.823731Z,45,2.888888888888889,24,6.61,4,2,36,16,8,15,463726,,,3.0,,,,2026-27,0c133121c3637cccea64e7dc70a58d499d53501a46c780f65d6f89cd020d52e9,2026-09-27T08:05:19.992073Z,official_previous_season_stats_unmatched,0.0,False,0.0,0.0,,,3.2
183,7,3,Jack Rudoni,Rudoni,Coventry City,COV,Midfielder,4.9,13,2.6,3.0,297,0.1,a,100.0,100.0,,2026-07-23T12:01:23.481435Z,49,2.6530612244897958,34,10.3,4,0,51,9,4,21,480457,,,1.0,,5.0,,2026-27,0c133121c3637cccea64e7dc70a58d499d53501a46c780f65d6f89cd020d52e9,2026-09-27T08:05:19.992073Z,official_previous_season_stats_unmatched,0.0,True,1.0,0.0,,,2.6
200,6,2,Maxence Lacroix,Lacroix,Chelsea,CHE,Defender,5.9,13,2.6,2.0,364,6.8,a,,,,,59,2.2033898305084745,47,11.62,4,0,28,37,10,8,437499,,,,,,,2026-27,0c133121c3637cccea64e7dc70a58d499d53501a46c780f65d6f89cd020d52e9,2026-09-27T08:05:19.992073Z,official_2025-26_stats,0.868421052631579,False,1.0,0.0,,,2.6
598,13,2,Nico Elvedi,Elvedi,Leeds,LEE,Defender,4.5,13,3.2,3.2,326,0.1,a,,,,,45,2.888888888888889,29,8.01,3,0,56,27,2,8,173774,,,,,,,2026-27,0c133121c3637cccea64e7dc70a58d499d53501a46c780f65d6f89cd020d52e9,2026-09-27T08:05:19.992073Z,official_previous_season_stats_unmatched,0.0,False,1.0,0.0,,,3.2
580,10,3,Shea Charles,Charles,Fulham,FUL,Midfielder,5.0,13,2.6,3.0,303,0.1,a,,,,,50,2.6,46,13.66,3,0,60,23,4,19,463210,,,,,,,2026-27,0c133121c3637cccea64e7dc70a58d499d53501a46c780f65d6f89cd020d52e9,2026-09-27T08:05:19.992073Z,official_previous_season_stats_unmatched,0.0,False,1.0,0.0,,,2.6
358,14,2,Milos Kerkez,Kerkez,Liverpool,LIV,Defender,5.4,13,2.6,1.0,385,2.2,a,,,,,54,2.4074074074074074,30,7.01,4,0,63,22,8,10,544877,,,,,,,2026-27,0c133121c3637cccea64e7dc70a58d499d53501a46c780f65d6f89cd020d52e9,2026-09-27T08:05:19.992073Z,official_2025-26_stats,0.6052631578947368,False,1.0,0.0,,,2.6
533,20,2,Nordi Mukiele,Mukiele,Sunderland,SUN,Defender,5.4,13,3.2,4.0,360,1.9,a,100.0,100.0,,2026-08-09T08:30:05.954750Z,54,2.4074074074074074,48,12.0,4,1,44,35,13,16,200834,,,,,,,2026-27,0c133121c3637cccea64e7dc70a58d499d53501a46c780f65d6f89cd020d52e9,2026-09-27T08:05:19.992073Z,official_2025-26_stats,0.8157894736842105,False,1.0,0.0,,,3.2
558,18,3,Xaver Schlager,Schlager,Nott'm Forest,NFO,Midfielder,5.0,13,2.6,3.0,376,0.1,a,,,,,50,2.6,49,11.73,4,0,70,11,17,21,204561,,,,,3.0,,2026-27,0c133121c3637cccea64e7dc70a58d499d53501a46c780f65d6f89cd020d52e9,2026-09-27T08:05:19.992073Z,official_previous_season_stats_unmatched,0.0,False,1.0,0.0,,,2.6
264,10,3,Oscar Bobb,Bobb,Fulham,FUL,Midfielder,5.5,13,2.6,2.0,343,0.3,a,,,,,55,2.3636363636363638,28,7.35,5,0,53,5,8,15,477555,,,,,2.0,,2026-27,0c133121c3637cccea64e7dc70a58d499d53501a46c780f65d6f89cd020d52e9,2026-09-27T08:05:19.992073Z,official_2025-26_stats,0.2631578947368421,False,1.0,0.0,,,2.6
295,11,4,Oli McBurnie,McBurnie,Hull City,HUL,Forward,5.5,13,2.6,2.0,441,1.9,a,,,,,55,2.3636363636363638,21,4.29,5,0,52,9,3,9,169432,1.0,,,,,,2026-27,0c133121c3637cccea64e7dc70a58d499d53501a46c780f65d6f89cd020d52e9,2026-09-27T08:05:19.992073Z,launch_evidence:official_promotion_campaign_analysis,0.5599999999999999,True,1.0,0.7,official_promotion_campaign_analysis,https://www.premierleague.com/en/news/4664386/all-you-need-to-know-as-hull-city-are-promoted-to-premier-league,2.6
639,5,3,José María Andrés Baixauli,Andrés,Brighton,BHA,Midfielder,5.5,12,6.0,4.0,109,0.0,a,,,,,55,2.1818181818181817,13,10.73,1,0,37,4,1,8,592984,,,,,,,2026-27,0c133121c3637cccea64e7dc70a58d499d53501a46c780f65d6f89cd020d52e9,2026-09-27T08:05:19.992073Z,official_previous_season_stats_unmatched,0.0,False,1.0,0.0,,,6.0
471,18,2,Nikola Milenković,Milenković,Nott'm Forest,NFO,Defender,5.4,12,4.0,2.3333333333333335,270,1.0,i,0.0,0.0,Hamstring injury - Expected back 11 Oct,2026-09-12T14:00:09.705107Z,54,2.222222222222222,31,10.33,3,0,34,26,5,12,227444,,,,,,,2026-27,0c133121c3637cccea64e7dc70a58d499d53501a46c780f65d6f89cd020d52e9,2026-09-27T08:05:19.992073Z,official_2025-26_stats,0.0,False,0.0,0.0,,,4.0
459,17,3,Lewis Miley,L.Miley,Newcastle,NEW,Midfielder,5.5,12,2.4,0.0,396,0.1,a,100.0,100.0,,2026-07-23T12:01:23.785456Z,55,2.1818181818181817,52,11.82,5,0,68,20,6,26,547719,,,,,5.0,,2026-27,0c133121c3637cccea64e7dc70a58d499d53501a46c780f65d6f89cd020d52e9,2026-09-27T08:05:19.992073Z,official_2025-26_stats,0.39473684210526316,False,1.0,0.0,,,2.4
254,10,2,Antonee Robinson,Robinson,Fulham,FUL,Defender,4.5,12,2.4,6.333333333333333,429,1.5,a,,,,,45,2.6666666666666665,31,6.5,5,0,65,18,13,20,169528,2.0,,,,,,2026-27,0c133121c3637cccea64e7dc70a58d499d53501a46c780f65d6f89cd020d52e9,2026-09-27T08:05:19.992073Z,official_2025-26_stats,0.42105263157894735,False,1.0,0.0,,,2.4
31,1,2,Ezri Konsa Ngoyo,Konsa,Arsenal,ARS,Defender,4.6,12,3.0,0.6666666666666666,281,19.4,a,,,,,46,2.608695652173913,23,7.37,3,0,36,18,5,9,199798,,,,,,,2026-27,0c133121c3637cccea64e7dc70a58d499d53501a46c780f65d6f89cd020d52e9,2026-09-27T08:05:19.992073Z,official_2025-26_stats,0.8947368421052632,False,1.0,0.0,,,3.0
73,3,3,Tyler Adams,Adams,Bournemouth,BOU,Midfielder,5.0,12,2.4,2.6666666666666665,279,0.3,a,100.0,100.0,,2026-08-15T16:30:07.029928Z,50,2.4,41,13.23,3,0,52,12,7,22,200785,,,,,,,2026-27,0c133121c3637cccea64e7dc70a58d499d53501a46c780f65d6f89cd020d52e9,2026-09-27T08:05:19.992073Z,official_2025-26_stats,0.5263157894736842,False,1.0,0.0,,,2.4
11,1,2,Cristhian Mosquera,Mosquera,Arsenal,ARS,Defender,5.3,12,6.0,3.3333333333333335,168,1.6,a,100.0,100.0,,2026-09-04T14:00:08.080310Z,53,2.2641509433962264,10,5.36,2,0,52,10,0,3,500040,,,,,,,2026-27,0c133121c3637cccea64e7dc70a58d499d53501a46c780f65d6f89cd020d52e9,2026-09-27T08:05:19.992073Z,official_2025-26_stats,0.21052631578947367,False,1.0,0.0,,,6.0
650,10,2,David Affengruber,Affengruber,Fulham,FUL,Defender,4.5,12,6.0,4.0,180,0.1,a,,,,,45,2.6666666666666665,23,11.5,2,0,40,20,3,7,442299,,,,,,,2026-27,0c133121c3637cccea64e7dc70a58d499d53501a46c780f65d6f89cd020d52e9,2026-09-27T08:05:19.992073Z,official_previous_season_stats_unmatched,0.0,False,1.0,0.0,,,6.0
570,10,3,César Palacios,Palacios,Fulham,FUL,Midfielder,5.4,12,3.0,2.5,226,0.2,a,,,,,54,2.222222222222222,17,6.77,3,1,48,4,3,10,571779,,,,,,,2026-27,0c133121c3637cccea64e7dc70a58d499d53501a46c780f65d6f89cd020d52e9,2026-09-27T08:05:19.992073Z,official_previous_season_stats_unmatched,0.0,False,1.0,0.0,,,3.0
486,18,3,James McAtee,McAtee,Nott'm Forest,NFO,Midfielder,5.5,12,2.4,2.0,416,0.1,a,,,,,55,2.1818181818181817,39,8.44,5,0,91,9,9,21,432714,,,,,1.0,,2026-27,0c133121c3637cccea64e7dc70a58d499d53501a46c780f65d6f89cd020d52e9,2026-09-27T08:05:19.992073Z,official_2025-26_stats,0.02631578947368421,False,1.0,0.0,,,2.4
60,3,2,James Hill,Hill,Bournemouth,BOU,Defender,5.5,12,2.4,3.3333333333333335,450,0.8,a,,,,,55,2.1818181818181817,50,10.0,5,0,43,41,9,11,463981,,,,,,,2026-27,0c133121c3637cccea64e7dc70a58d499d53501a46c780f65d6f89cd020d52e9,2026-09-27T08:05:19.992073Z,official_2025-26_stats,0.5789473684210527,False,1.0,0.0,,,2.4
259,12,2,Issa Diop,Diop,Ipswich Town,IPS,Defender,4.0,12,2.4,6.0,450,12.7,a,,,,,40,3.0,45,9.0,5,0,45,41,4,21,219924,,,,,,,2026-27,0c133121c3637cccea64e7dc70a58d499d53501a46c780f65d6f89cd020d52e9,2026-09-27T08:05:19.992073Z,official_2025-26_stats,0.21052631578947367,True,1.0,0.0,,,2.4
491,18,4,Igor Jesus Maciel da Cruz,Igor Jesus,Nott'm Forest,NFO,Forward,5.8,12,2.4,1.6666666666666667,257,2.6,a,,,,,58,2.0689655172413794,15,5.25,2,2,53,5,2,8,482973,4.0,,,,,,2026-27,0c133121c3637cccea64e7dc70a58d499d53501a46c780f65d6f89cd020d52e9,2026-09-27T08:05:19.992073Z,official_2025-26_stats,0.631578947368421,False,1.0,0.0,,,2.4
210,8,3,Adam Wharton,Wharton,Crystal Palace,CRY,Midfielder,5.4,12,2.4,5.666666666666667,436,0.7,a,100.0,100.0,,2026-07-23T12:01:23.498963Z,54,2.222222222222222,41,8.46,5,0,77,16,10,15,496221,,,,,2.0,,2026-27,0c133121c3637cccea64e7dc70a58d499d53501a46c780f65d6f89cd020d52e9,2026-09-27T08:05:19.992073Z,official_2025-26_stats,0.7368421052631579,False,1.0,0.0,,,2.4
327,13,2,Jaka Bijol,Bijol,Leeds,LEE,Defender,5.0,12,4.0,4.666666666666667,164,0.7,a,,,,,50,2.4,21,11.52,2,2,29,18,3,7,434752,,,,,,,2026-27,0c133121c3637cccea64e7dc70a58d499d53501a46c780f65d6f89cd020d52e9,2026-09-27T08:05:19.992073Z,official_2025-26_stats,0.5263157894736842,False,1.0,0.0,,,4.0
265,10,3,Sander Berge,Berge,Fulham,FUL,Midfielder,4.9,11,2.2,1.3333333333333333,349,0.3,a,,,,,49,2.2448979591836733,19,4.9,4,0,67,7,4,8,207189,,,,,,,2026-27,0c133121c3637cccea64e7dc70a58d499d53501a46c780f65d6f89cd020d52e9,2026-09-27T08:05:19.992073Z,official_2025-26_stats,0.868421052631579,False,1.0,0.0,,,2.2
313,12,3,Jack Clarke,Clarke,Ipswich Town,IPS,Midfielder,5.4,11,2.8,1.0,170,0.2,a,,,,,54,2.0370370370370368,10,5.29,2,1,48,3,2,5,443261,1.0,,3.0,,4.0,,2026-27,0c133121c3637cccea64e7dc70a58d499d53501a46c780f65d6f89cd020d52e9,2026-09-27T08:05:19.992073Z,official_previous_season_stats_unmatched,0.0,True,1.0,0.0,,,2.8
412,16,1,Senne Lammens,Lammens,Man Utd,MUN,Goalkeeper,4.9,11,2.2,5.333333333333333,450,9.9,a,,,,,49,2.2448979591836733,0,0.0,5,0,58,5,0,38,465247,,,,,,,2026-27,0c133121c3637cccea64e7dc70a58d499d53501a46c780f65d6f89cd020d52e9,2026-09-27T08:05:19.992073Z,official_2025-26_stats,0.8421052631578947,False,1.0,0.0,,,2.2
389,15,2,Matheus Nunes,Matheus N.,Man City,MCI,Defender,5.9,11,3.7,2.6666666666666665,213,1.0,a,100.0,100.0,,2026-08-27T11:30:08.171622Z,59,1.8644067796610169,21,8.87,2,1,38,18,3,10,465351,4.0,,,,,,2026-27,0c133121c3637cccea64e7dc70a58d499d53501a46c780f65d6f89cd020d52e9,2026-09-27T08:05:19.992073Z,official_2025-26_stats,0.7631578947368421,False,1.0,0.0,,,3.7
529,20,1,Robin Roefs,Roefs,Sunderland,SUN,Goalkeeper,4.9,11,2.2,3.6666666666666665,450,2.5,a,,,,,49,2.2448979591836733,0,0.0,5,0,41,7,0,35,498016,,,,,,,2026-27,0c133121c3637cccea64e7dc70a58d499d53501a46c780f65d6f89cd020d52e9,2026-09-27T08:05:19.992073Z,official_2025-26_stats,0.9210526315789473,False,1.0,0.0,,,2.2
161,6,3,Roméo Lavia,Lavia,Chelsea,CHE,Midfielder,5.0,11,2.8,0.0,258,0.2,a,,,,,50,2.2,31,10.81,4,0,61,10,6,15,514356,,,,,,,2026-27,0c133121c3637cccea64e7dc70a58d499d53501a46c780f65d6f89cd020d52e9,2026-09-27T08:05:19.992073Z,official_2025-26_stats,0.02631578947368421,False,1.0,0.0,,,2.8
239,9,3,James Garner,Garner,Everton,EVE,Midfielder,6.0,11,2.2,2.0,328,0.2,a,100.0,100.0,,2026-09-06T18:00:08.301702Z,60,1.8333333333333333,45,12.35,4,0,71,9,11,25,232928,2.0,,1.0,,1.0,,2026-27,0c133121c3637cccea64e7dc70a58d499d53501a46c780f65d6f89cd020d52e9,2026-09-27T08:05:19.992073Z,official_2025-26_stats,1.0,False,1.0,0.0,,,2.2
474,18,2,Jair Paula da Cunha Filho,Jair Cunha,Nott'm Forest,NFO,Defender,4.5,11,2.8,1.6666666666666667,360,0.2,a,100.0,75.0,,2026-09-12T14:00:09.724349Z,45,2.4444444444444446,36,9.0,4,0,40,29,7,8,575458,,,,,,,2026-27,0c133121c3637cccea64e7dc70a58d499d53501a46c780f65d6f89cd020d52e9,2026-09-27T08:05:19.992073Z,official_2025-26_stats,0.10526315789473684,False,1.0,0.0,,,2.8
372,14,3,Alexis Mac Allister,Mac Allister,Liverpool,LIV,Midfielder,5.4,11,2.2,2.0,306,1.3,a,,,,,54,2.0370370370370368,41,12.06,3,0,59,11,11,19,243016,5.0,,,,,,2026-27,0c133121c3637cccea64e7dc70a58d499d53501a46c780f65d6f89cd020d52e9,2026-09-27T08:05:19.992073Z,official_2025-26_stats,0.7631578947368421,False,1.0,0.0,,,2.2
184,7,3,Matt Grimes,Grimes,Coventry City,COV,Midfielder,4.9,11,2.2,2.2,443,0.1,a,,,,,49,2.2448979591836733,38,7.72,5,0,62,13,9,16,168144,3.0,,,,1.0,,2026-27,0c133121c3637cccea64e7dc70a58d499d53501a46c780f65d6f89cd020d52e9,2026-09-27T08:05:19.992073Z,official_previous_season_stats_unmatched,0.0,True,1.0,0.0,,,2.2
619,12,3,Exequiel Palacios,Palacios,Ipswich Town,IPS,Midfielder,5.0,11,2.8,2.8,275,0.1,a,,,,,50,2.2,44,14.4,3,0,64,12,9,23,218543,,,,,,,2026-27,0c133121c3637cccea64e7dc70a58d499d53501a46c780f65d6f89cd020d52e9,2026-09-27T08:05:19.992073Z,official_previous_season_stats_unmatched,0.0,True,1.0,0.0,,,2.8
267,12,3,Saša Lukić,Lukić,Ipswich Town,IPS,Midfielder,4.9,11,2.2,2.0,400,0.1,a,,,,,49,2.2448979591836733,37,8.32,5,0,68,17,7,13,212314,,,,,1.0,,2026-27,0c133121c3637cccea64e7dc70a58d499d53501a46c780f65d6f89cd020d52e9,2026-09-27T08:05:19.992073Z,official_2025-26_stats,0.4473684210526316,True,1.0,0.0,,,2.2
33,2,2,Tyrone Mings,Mings,Aston Villa,AVL,Defender,4.5,10,2.5,1.3333333333333333,261,0.4,a,,,,,45,2.2222222222222223,24,8.28,2,0,43,20,4,7,149484,,,,,,,2026-27,0c133121c3637cccea64e7dc70a58d499d53501a46c780f65d6f89cd020d52e9,2026-09-27T08:05:19.992073Z,official_2025-26_stats,0.3684210526315789,False,1.0,0.0,,,2.5
304,12,2,Dara O'Shea,O'Shea,Ipswich Town,IPS,Defender,4.0,10,2.0,1.5,450,2.7,a,,,,,40,2.5,48,9.6,5,0,24,41,7,18,216616,,,,,,,2026-27,0c133121c3637cccea64e7dc70a58d499d53501a46c780f65d6f89cd020d52e9,2026-09-27T08:05:19.992073Z,official_previous_season_stats_unmatched,0.0,True,1.0,0.0,,,2.0
166,2,4,Nicolas Jackson,N.Jackson,Aston Villa,AVL,Forward,6.5,10,2.5,2.5,286,1.4,a,,,,,65,1.5384615384615385,9,2.83,4,1,52,1,0,8,517052,2.0,,,,,,2026-27,0c133121c3637cccea64e7dc70a58d499d53501a46c780f65d6f89cd020d52e9,2026-09-27T08:05:19.992073Z,official_previous_season_stats_unmatched,0.0,False,1.0,0.0,,,2.5
46,2,3,Ross Barkley,Barkley,Aston Villa,AVL,Midfielder,5.0,10,2.0,5.0,308,0.3,a,,,,,50,2.0,28,8.18,4,0,66,5,7,16,88894,,,,,4.0,,2026-27,0c133121c3637cccea64e7dc70a58d499d53501a46c780f65d6f89cd020d52e9,2026-09-27T08:05:19.992073Z,official_2025-26_stats,0.18421052631578946,False,1.0,0.0,,,2.0
534,20,2,Trai Hume,Hume,Sunderland,SUN,Defender,4.3,10,2.5,5.0,206,2.8,a,,,,,43,2.3255813953488373,13,5.68,2,0,44,3,10,12,487676,,,,,3.0,,2026-27,0c133121c3637cccea64e7dc70a58d499d53501a46c780f65d6f89cd020d52e9,2026-09-27T08:05:19.992073Z,official_2025-26_stats,0.8421052631578947,False,1.0,0.0,,,2.5
415,16,3,Patrick Dorgu,Dorgu,Man Utd,MUN,Midfielder,5.8,10,2.0,6.666666666666667,171,0.5,a,,,,,58,1.7241379310344829,20,10.53,2,0,27,8,8,4,596777,,,,,,,2026-27,0c133121c3637cccea64e7dc70a58d499d53501a46c780f65d6f89cd020d52e9,2026-09-27T08:05:19.992073Z,official_2025-26_stats,0.3684210526315789,False,1.0,0.0,,,2.0
106,4,4,Igor Thiago Nascimento Rodrigues,Thiago,Brentford,BRE,Forward,7.8,10,2.0,2.0,442,9.1,a,,,,,78,1.2820512820512822,19,3.87,5,0,37,4,3,12,502500,1.0,,,,,,2026-27,0c133121c3637cccea64e7dc70a58d499d53501a46c780f65d6f89cd020d52e9,2026-09-27T08:05:19.992073Z,official_2025-26_stats,0.9736842105263158,False,1.0,0.0,,,2.0
545,20,3,Noah Sadiki,Sadiki,Sunderland,SUN,Midfielder,4.9,10,2.0,2.6666666666666665,410,0.2,a,,,,,49,2.0408163265306123,29,6.37,5,0,75,11,6,12,577669,,,,,,,2026-27,0c133121c3637cccea64e7dc70a58d499d53501a46c780f65d6f89cd020d52e9,2026-09-27T08:05:19.992073Z,official_2025-26_stats,0.868421052631579,False,1.0,0.0,,,2.0
429,16,3,Marcus Rashford,Rashford,Man Utd,MUN,Midfielder,7.0,10,2.0,2.2,351,1.5,d,75.0,,Unspecified injury - 75% chance of playing,2026-09-21T10:30:09.221479Z,70,1.4285714285714286,18,4.62,4,0,58,4,4,10,176297,,,3.0,,,,2026-27,0c133121c3637cccea64e7dc70a58d499d53501a46c780f65d6f89cd020d52e9,2026-09-27T08:05:19.992073Z,official_previous_season_stats_unmatched,0.0,False,0.75,0.0,,,2.0
418,16,2,Harry Maguire,Maguire,Man Utd,MUN,Defender,4.8,10,2.0,6.333333333333333,450,8.7,a,,,,,48,2.0833333333333335,31,6.2,5,0,50,28,3,21,95658,,,,,,,2026-27,0c133121c3637cccea64e7dc70a58d499d53501a46c780f65d6f89cd020d52e9,2026-09-27T08:05:19.992073Z,official_2025-26_stats,0.5,False,1.0,0.0,,,2.0
61,3,2,Adrien Truffert,Truffert,Bournemouth,BOU,Defender,5.4,10,2.0,6.333333333333333,450,3.0,a,,,,,54,1.8518518518518516,45,9.0,5,2,53,28,17,24,494521,,,,,,,2026-27,0c133121c3637cccea64e7dc70a58d499d53501a46c780f65d6f89cd020d52e9,2026-09-27T08:05:19.992073Z,official_2025-26_stats,0.9736842105263158,False,1.0,0.0,,,2.0
67,3,3,Rayan Vitor Simplício Rocha,Rayan,Bournemouth,BOU,Midfielder,6.3,10,2.0,4.666666666666667,434,1.6,a,,,,,63,1.5873015873015874,15,3.11,5,0,45,6,5,4,499604,,,,,,,2026-27,0c133121c3637cccea64e7dc70a58d499d53501a46c780f65d6f89cd020d52e9,2026-09-27T08:05:19.992073Z,official_2025-26_stats,0.34210526315789475,False,1.0,0.0,,,2.0
84,4,2,Nathan Collins,Collins,Brentford,BRE,Defender,5.4,10,3.3,2.3333333333333335,196,1.0,i,0.0,0.0,Calf injury - Unknown return date,2026-09-05T18:00:06.182495Z,54,1.8518518518518516,17,7.81,3,0,39,15,2,11,432830,,,,,,,2026-27,0c133121c3637cccea64e7dc70a58d499d53501a46c780f65d6f89cd020d52e9,2026-09-27T08:05:19.992073Z,official_2025-26_stats,0.0,False,0.0,0.0,,,3.3
203,8,2,Jaydee Canvot,Canvot,Crystal Palace,CRY,Defender,4.8,10,2.5,2.3333333333333335,360,0.2,a,,,,,48,2.0833333333333335,34,8.5,4,0,38,26,8,11,651426,,,,,,,2026-27,0c133121c3637cccea64e7dc70a58d499d53501a46c780f65d6f89cd020d52e9,2026-09-27T08:05:19.992073Z,official_2025-26_stats,0.34210526315789475,False,1.0,0.0,,,2.5
247,9,3,Hayden Hackney,Hackney,Everton,EVE,Midfielder,5.4,10,2.0,1.8,137,0.2,a,100.0,100.0,,2026-08-26T22:00:07.797766Z,54,1.8518518518518516,12,7.88,1,0,39,4,3,5,244860,,,,,3.0,,2026-27,0c133121c3637cccea64e7dc70a58d499d53501a46c780f65d6f89cd020d52e9,2026-09-27T08:05:19.992073Z,official_previous_season_stats_unmatched,0.0,False,1.0,0.0,,,2.0
371,14,3,Ryan Gravenberch,Gravenberch,Liverpool,LIV,Midfielder,5.8,9,1.8,4.666666666666667,190,1.1,a,,,,,58,1.5517241379310345,25,11.84,2,0,51,10,4,11,441266,,,,,,,2026-27,0c133121c3637cccea64e7dc70a58d499d53501a46c780f65d6f89cd020d52e9,2026-09-27T08:05:19.992073Z,official_2025-26_stats,0.868421052631579,False,1.0,0.0,,,1.8
57,3,1,Đorđe Petrović,Petrović,Bournemouth,BOU,Goalkeeper,4.5,9,1.8,4.0,450,3.0,a,,,,,45,2.0,0,0.0,5,0,45,6,0,43,457569,,,,,,,2026-27,0c133121c3637cccea64e7dc70a58d499d53501a46c780f65d6f89cd020d52e9,2026-09-27T08:05:19.992073Z,official_2025-26_stats,0.9736842105263158,False,1.0,0.0,,,1.8
209,9,3,Brennan Johnson,Johnson,Everton,EVE,Midfielder,5.9,9,1.8,1.6666666666666667,238,0.1,a,,,,,59,1.5254237288135593,26,9.83,3,0,26,8,7,11,242898,,,,,,,2026-27,0c133121c3637cccea64e7dc70a58d499d53501a46c780f65d6f89cd020d52e9,2026-09-27T08:05:19.992073Z,official_2025-26_stats,0.39473684210526316,False,1.0,0.0,,,1.8
194,7,4,Brandon Thomas-Asante,Thomas-Asante,Coventry City,COV,Forward,5.0,9,1.8,1.8,227,0.8,a,,,,,50,1.8,27,10.7,2,0,43,12,3,12,230730,4.0,,,,,,2026-27,0c133121c3637cccea64e7dc70a58d499d53501a46c780f65d6f89cd020d52e9,2026-09-27T08:05:19.992073Z,official_previous_season_stats_unmatched,0.0,True,1.0,0.0,,,1.8
104,7,3,Frank Onyeka,Onyeka,Coventry City,COV,Midfielder,4.9,9,2.2,0.0,314,0.1,a,100.0,100.0,,2026-09-15T09:00:07.851220Z,49,1.8367346938775508,28,8.03,4,0,34,9,5,14,428580,,,,,,,2026-27,0c133121c3637cccea64e7dc70a58d499d53501a46c780f65d6f89cd020d52e9,2026-09-27T08:05:19.992073Z,official_2025-26_stats,0.0,True,1.0,0.0,,,2.2
167,18,4,Liam Delap,Delap,Nott'm Forest,NFO,Forward,5.6,9,2.2,0.6666666666666666,277,2.7,a,,,,,56,1.6071428571428572,17,5.52,3,0,49,5,2,10,463034,3.0,,,,,,2026-27,0c133121c3637cccea64e7dc70a58d499d53501a46c780f65d6f89cd020d52e9,2026-09-27T08:05:19.992073Z,official_2025-26_stats,0.23684210526315788,False,1.0,0.0,,,2.2
617,11,3,Mohamed-Ali Cho,Cho,Hull City,HUL,Midfielder,5.0,9,2.2,2.2,72,0.0,a,,,,,50,1.8,2,2.5,0,0,36,1,0,1,490884,,,,,,,2026-27,0c133121c3637cccea64e7dc70a58d499d53501a46c780f65d6f89cd020d52e9,2026-09-27T08:05:19.992073Z,official_previous_season_stats_unmatched,0.0,True,1.0,0.0,,,2.2
499,19,2,Pedro Porro Sauceda,Pedro Porro,Spurs,TOT,Defender,5.4,9,3.0,3.6666666666666665,198,7.6,d,75.0,100.0,Hamstring injury - 75% chance of playing,2026-09-19T12:00:08.823872Z,54,1.6666666666666665,9,4.09,3,1,33,6,3,5,441164,,,1.0,,2.0,,2026-27,0c133121c3637cccea64e7dc70a58d499d53501a46c780f65d6f89cd020d52e9,2026-09-27T08:05:19.992073Z,official_2025-26_stats,0.75,False,0.75,0.0,,,3.0
7,1,3,Myles Lewis-Skelly,Lewis-Skelly,Arsenal,ARS,Midfielder,5.4,9,2.2,3.0,271,0.6,a,,,,,54,1.6666666666666665,14,4.65,4,0,37,5,1,8,499169,,,,,,,2026-27,0c133121c3637cccea64e7dc70a58d499d53501a46c780f65d6f89cd020d52e9,2026-09-27T08:05:19.992073Z,official_2025-26_stats,0.13157894736842105,False,1.0,0.0,,,2.2
51,2,3,George Hemmings,George Hemmings,Aston Villa,AVL,Midfielder,4.5,9,1.8,0.0,297,1.2,a,,,,,45,2.0,19,5.76,4,0,34,3,6,10,577285,,,,,,,2026-27,0c133121c3637cccea64e7dc70a58d499d53501a46c780f65d6f89cd020d52e9,2026-09-27T08:05:19.992073Z,official_2025-26_stats,0.0,False,1.0,0.0,,,1.8
644,8,3,Quinten Timber,Timber,Crystal Palace,CRY,Midfielder,5.0,9,3.0,3.0,253,0.0,a,,,,,50,1.8,27,9.6,3,0,45,6,11,10,450063,,,,,,,2026-27,0c133121c3637cccea64e7dc70a58d499d53501a46c780f65d6f89cd020d52e9,2026-09-27T08:05:19.992073Z,official_previous_season_stats_unmatched,0.0,False,1.0,0.0,,,3.0
28,6,1,Emiliano Martínez Romero,Martinez,Chelsea,CHE,Goalkeeper,5.0,9,2.2,2.6666666666666665,360,4.8,a,,,,,50,1.8,0,0.0,4,0,61,1,0,37,98980,,,,,,,2026-27,0c133121c3637cccea64e7dc70a58d499d53501a46c780f65d6f89cd020d52e9,2026-09-27T08:05:19.992073Z,official_2025-26_stats,0.8157894736842105,False,1.0,0.0,,,2.2
452,1,3,Bruno Guimarães Rodriguez Moura,Bruno G.,Arsenal,ARS,Midfielder,6.7,9,3.0,3.6666666666666665,123,1.8,a,100.0,100.0,,2026-09-04T14:00:08.328779Z,67,1.3432835820895521,12,8.78,1,1,45,3,1,8,208706,4.0,,,,4.0,,2026-27,0c133121c3637cccea64e7dc70a58d499d53501a46c780f65d6f89cd020d52e9,2026-09-27T08:05:19.992073Z,official_2025-26_stats,0.7105263157894737,False,1.0,0.0,,,3.0
522,19,3,Archie Gray,Gray,Spurs,TOT,Midfielder,4.9,9,2.2,0.3333333333333333,307,0.2,a,,,,,49,1.8367346938775508,27,7.92,3,0,51,10,5,12,547701,,,,,,,2026-27,0c133121c3637cccea64e7dc70a58d499d53501a46c780f65d6f89cd020d52e9,2026-09-27T08:05:19.992073Z,official_2025-26_stats,0.39473684210526316,False,1.0,0.0,,,2.2
423,16,2,Luke Shaw,Shaw,Man Utd,MUN,Defender,4.3,9,2.2,6.0,335,7.7,a,100.0,50.0,,2026-09-11T13:00:09.030120Z,43,2.0930232558139537,23,6.18,4,0,54,17,6,7,106760,,,,,3.0,,2026-27,0c133121c3637cccea64e7dc70a58d499d53501a46c780f65d6f89cd020d52e9,2026-09-27T08:05:19.992073Z,official_2025-26_stats,0.9736842105263158,False,1.0,0.0,,,2.2
519,19,3,Conor Gallagher,Gallagher,Spurs,TOT,Midfielder,5.3,9,3.0,2.3333333333333335,134,0.2,a,,,,,53,1.6981132075471699,18,12.09,2,0,48,1,8,9,232787,,,,,,,2026-27,0c133121c3637cccea64e7dc70a58d499d53501a46c780f65d6f89cd020d52e9,2026-09-27T08:05:19.992073Z,official_2025-26_stats,0.34210526315789475,False,1.0,0.0,,,3.0
398,15,3,Phil Foden,Foden,Man City,MCI,Midfielder,6.9,9,2.2,5.333333333333333,217,1.8,s,0.0,0.0,Suspended until 17 Oct,2026-09-13T17:00:09.433455Z,69,1.3043478260869565,14,5.81,3,1,52,2,4,8,209244,,,2.0,,2.0,,2026-27,0c133121c3637cccea64e7dc70a58d499d53501a46c780f65d6f89cd020d52e9,2026-09-27T08:05:19.992073Z,official_2025-26_stats,0.0,False,0.0,0.0,,,2.2
393,15,2,Abdukodir Khusanov,Khusanov,Man City,MCI,Defender,5.4,9,3.0,2.6666666666666665,268,1.4,a,,,,,54,1.6666666666666665,17,5.71,3,0,53,9,8,13,578153,,,,,,,2026-27,0c133121c3637cccea64e7dc70a58d499d53501a46c780f65d6f89cd020d52e9,2026-09-27T08:05:19.992073Z,official_2025-26_stats,0.34210526315789475,False,1.0,0.0,,,3.0
102,4,3,Yehor Yarmoliuk,Yarmoliuk,Brentford,BRE,Midfielder,4.8,9,1.8,3.3333333333333335,216,0.6,a,,,,,48,1.875,26,10.83,2,0,50,7,5,14,508395,,,,,,,2026-27,0c133121c3637cccea64e7dc70a58d499d53501a46c780f65d6f89cd020d52e9,2026-09-27T08:05:19.992073Z,official_2025-26_stats,0.7631578947368421,False,1.0,0.0,,,1.8
36,2,2,Ian Maatsen,Maatsen,Aston Villa,AVL,Defender,4.4,9,2.2,2.3333333333333335,335,0.5,i,0.0,0.0,Ankle injury - Unknown return date,2026-09-12T18:00:08.729468Z,44,2.0454545454545454,24,6.45,4,1,22,17,7,10,441302,,,,,,,2026-27,0c133121c3637cccea64e7dc70a58d499d53501a46c780f65d6f89cd020d52e9,2026-09-27T08:05:19.992073Z,official_2025-26_stats,0.0,False,0.0,0.0,,,2.2
575,7,3,Caleb Yirenkyi,Yirenkyi,Coventry City,COV,Midfielder,4.8,9,1.8,2.0,265,0.1,a,,,,,48,1.875,21,7.13,3,0,36,7,1,13,661888,,,,,,,2026-27,0c133121c3637cccea64e7dc70a58d499d53501a46c780f65d6f89cd020d52e9,2026-09-27T08:05:19.992073Z,official_previous_season_stats_unmatched,0.0,True,1.0,0.0,,,1.8
37,2,2,Victor Lindelöf,Lindelöf,Aston Villa,AVL,Defender,4.5,8,1.6,1.3333333333333333,450,0.3,a,,,,,45,1.7777777777777777,22,4.4,5,0,28,21,1,7,184667,,,,,,,2026-27,0c133121c3637cccea64e7dc70a58d499d53501a46c780f65d6f89cd020d52e9,2026-09-27T08:05:19.992073Z,official_2025-26_stats,0.2631578947368421,False,1.0,0.0,,,1.6
461,17,3,Bazoumana Touré,Touré,Newcastle,NEW,Midfielder,5.8,8,2.7,2.0,50,0.1,a,,,,,58,1.3793103448275863,4,7.2,0,0,29,1,0,3,611665,,,,,,,2026-27,0c133121c3637cccea64e7dc70a58d499d53501a46c780f65d6f89cd020d52e9,2026-09-27T08:05:19.992073Z,official_previous_season_stats_unmatched,0.0,False,1.0,0.0,,,2.7
52,2,3,Alysson Edward Franco da Rocha dos Santos,Alysson,Aston Villa,AVL,Midfielder,5.0,8,2.0,0.0,87,0.0,d,75.0,,Unspecified injury - 75% chance of playing,2026-09-19T11:30:09.355376Z,50,1.6,8,8.28,0,0,34,2,2,4,653481,,,,,,,2026-27,0c133121c3637cccea64e7dc70a58d499d53501a46c780f65d6f89cd020d52e9,2026-09-27T08:05:19.992073Z,official_2025-26_stats,0.0,False,0.75,0.0,,,2.0
403,19,3,Sávio Moreira de Oliveira,Sávio,Spurs,TOT,Midfielder,6.5,8,2.7,4.333333333333333,240,0.7,a,100.0,100.0,,2026-08-29T16:30:08.380416Z,65,1.2307692307692308,11,4.12,3,0,66,3,0,8,510281,,,,,3.0,,2026-27,0c133121c3637cccea64e7dc70a58d499d53501a46c780f65d6f89cd020d52e9,2026-09-27T08:05:19.992073Z,official_2025-26_stats,0.15789473684210525,False,1.0,0.0,,,2.7
315,12,3,Abdul Fatawu,Fatawu,Ipswich Town,IPS,Midfielder,5.4,8,1.6,1.5,352,0.2,s,0.0,,Suspended until 17 Oct,2026-09-19T15:30:10.126897Z,54,1.4814814814814814,28,7.16,5,0,71,8,9,11,531442,,,,,2.0,,2026-27,0c133121c3637cccea64e7dc70a58d499d53501a46c780f65d6f89cd020d52e9,2026-09-27T08:05:19.992073Z,official_previous_season_stats_unmatched,0.0,True,0.0,0.0,,,1.6
643,8,2,Ben Chilwell,Chilwell,Crystal Palace,CRY,Defender,4.5,8,4.0,2.7,29,0.4,a,,,,,45,1.7777777777777777,1,3.1,0,0,21,1,0,0,172850,,,,,,,2026-27,0c133121c3637cccea64e7dc70a58d499d53501a46c780f65d6f89cd020d52e9,2026-09-27T08:05:19.992073Z,official_previous_season_stats_unmatched,0.0,False,1.0,0.0,,,4.0
71,3,3,Lewis Cook,Cook,Bournemouth,BOU,Midfielder,5.0,8,1.6,0.6666666666666666,180,0.2,a,,,,,50,1.6,14,7.0,2,0,25,7,1,6,155408,,,,,,,2026-27,0c133121c3637cccea64e7dc70a58d499d53501a46c780f65d6f89cd020d52e9,2026-09-27T08:05:19.992073Z,official_2025-26_stats,0.21052631578947367,False,1.0,0.0,,,1.6
562,12,3,Daizen Maeda,Maeda,Ipswich Town,IPS,Midfielder,5.3,8,1.6,1.5,259,0.2,a,,,,,53,1.509433962264151,20,6.95,3,0,32,8,8,4,442967,,,,,,,2026-27,0c133121c3637cccea64e7dc70a58d499d53501a46c780f65d6f89cd020d52e9,2026-09-27T08:05:19.992073Z,official_previous_season_stats_unmatched,0.0,True,1.0,0.0,,,1.6
199,8,1,Walter Benítez,Benitez,Crystal Palace,CRY,Goalkeeper,4.5,8,4.0,0.0,180,0.1,a,,,,,45,1.7777777777777777,0,0.0,2,0,29,2,0,11,121709,,,,,,,2026-27,0c133121c3637cccea64e7dc70a58d499d53501a46c780f65d6f89cd020d52e9,2026-09-27T08:05:19.992073Z,official_2025-26_stats,0.02631578947368421,False,1.0,0.0,,,4.0
473,18,2,Ola Aina,Aina,Nott'm Forest,NFO,Defender,4.4,8,2.0,0.0,306,2.4,a,,,,,44,1.8181818181818181,22,6.47,4,0,45,12,10,14,159506,,,,,,,2026-27,0c133121c3637cccea64e7dc70a58d499d53501a46c780f65d6f89cd020d52e9,2026-09-27T08:05:19.992073Z,official_2025-26_stats,0.47368421052631576,False,1.0,0.0,,,2.0
224,8,4,Eddie Nketiah,Nketiah,Crystal Palace,CRY,Forward,5.5,8,2.0,0.0,175,0.5,a,100.0,100.0,,2026-09-12T14:00:09.427136Z,55,1.4545454545454546,12,6.17,3,0,38,2,4,6,205533,,,,,,,2026-27,0c133121c3637cccea64e7dc70a58d499d53501a46c780f65d6f89cd020d52e9,2026-09-27T08:05:19.992073Z,official_2025-26_stats,0.05263157894736842,False,1.0,0.0,,,2.0
401,19,4,Omar Marmoush,Marmoush,Spurs,TOT,Forward,7.0,8,2.0,5.0,339,2.1,a,,,,,70,1.1428571428571428,13,3.45,4,0,37,0,2,11,438234,2.0,,4.0,,,,2026-27,0c133121c3637cccea64e7dc70a58d499d53501a46c780f65d6f89cd020d52e9,2026-09-27T08:05:19.992073Z,official_2025-26_stats,0.13157894736842105,False,1.0,0.0,,,2.0
462,17,3,Sean Steur,Steur,Newcastle,NEW,Midfielder,4.9,8,1.6,1.8,223,0.1,a,,,,,49,1.6326530612244896,21,8.48,2,0,42,9,4,8,636852,,,,,,,2026-27,0c133121c3637cccea64e7dc70a58d499d53501a46c780f65d6f89cd020d52e9,2026-09-27T08:05:19.992073Z,official_previous_season_stats_unmatched,0.0,False,1.0,0.0,,,1.6
439,16,4,Benjamin Sesko,Šeško,Man Utd,MUN,Forward,7.0,8,2.0,0.0,76,1.6,d,75.0,100.0,Shin injury - 75% chance of playing,2026-09-20T19:30:08.505755Z,70,1.1428571428571428,5,5.92,0,0,39,0,0,5,485711,,,,,,,2026-27,0c133121c3637cccea64e7dc70a58d499d53501a46c780f65d6f89cd020d52e9,2026-09-27T08:05:19.992073Z,official_2025-26_stats,0.3684210526315789,False,0.75,0.0,,,2.0
148,6,2,Jorrel Hato,Hato,Chelsea,CHE,Defender,4.5,8,2.0,1.3333333333333333,258,0.8,a,,,,,45,1.7777777777777777,18,6.28,4,0,14,11,7,9,551210,,,,,,,2026-27,0c133121c3637cccea64e7dc70a58d499d53501a46c780f65d6f89cd020d52e9,2026-09-27T08:05:19.992073Z,official_2025-26_stats,0.23684210526315788,False,1.0,0.0,,,2.0
145,6,2,Wesley Fofana,Fofana,Chelsea,CHE,Defender,5.0,8,2.0,1.6666666666666667,312,0.2,a,100.0,100.0,,2026-07-23T12:01:23.464591Z,50,1.6,47,13.56,4,0,35,40,7,11,444463,,,,,,,2026-27,0c133121c3637cccea64e7dc70a58d499d53501a46c780f65d6f89cd020d52e9,2026-09-27T08:05:19.992073Z,official_2025-26_stats,0.47368421052631576,False,1.0,0.0,,,2.0
514,19,3,Mathys Tel,Tel,Spurs,TOT,Midfielder,5.7,8,2.0,4.666666666666667,257,0.2,a,,,,,57,1.4035087719298245,13,4.55,3,0,41,1,1,11,511499,,,3.0,,4.0,,2026-27,0c133121c3637cccea64e7dc70a58d499d53501a46c780f65d6f89cd020d52e9,2026-09-27T08:05:19.992073Z,official_2025-26_stats,0.3157894736842105,False,1.0,0.0,,,2.0
417,16,2,Diogo Dalot Teixeira,Dalot,Man Utd,MUN,Defender,4.9,8,1.6,0.3333333333333333,346,1.6,a,,,,,49,1.6326530612244896,16,4.16,4,0,46,10,6,21,216051,,,,,,,2026-27,0c133121c3637cccea64e7dc70a58d499d53501a46c780f65d6f89cd020d52e9,2026-09-27T08:05:19.992073Z,official_2025-26_stats,0.7368421052631579,False,1.0,0.0,,,1.6
526,19,4,Dominic Solanke-Mitchell,Solanke,Spurs,TOT,Forward,5.8,7,1.4,0.0,170,0.8,a,,,,,58,1.206896551724138,9,4.76,2,0,21,2,2,5,154566,1.0,,,,,,2026-27,0c133121c3637cccea64e7dc70a58d499d53501a46c780f65d6f89cd020d52e9,2026-09-27T08:05:19.992073Z,official_2025-26_stats,0.2631578947368421,False,1.0,0.0,,,1.4
525,19,3,Mateus Fernandes,Fernandes,Spurs,TOT,Midfielder,5.7,7,1.4,1.5,249,0.8,a,,,,,57,1.2280701754385965,21,7.59,3,0,50,2,7,12,551226,,,,,1.0,,2026-27,0c133121c3637cccea64e7dc70a58d499d53501a46c780f65d6f89cd020d52e9,2026-09-27T08:05:19.992073Z,official_previous_season_stats_unmatched,0.0,False,1.0,0.0,,,1.4
95,4,3,Dango Ouattara,O.Dango,Brentford,BRE,Midfielder,6.3,7,1.4,6.0,179,0.5,a,,,,,63,1.1111111111111112,28,14.08,2,0,34,9,2,17,533463,,,,,4.0,,2026-27,0c133121c3637cccea64e7dc70a58d499d53501a46c780f65d6f89cd020d52e9,2026-09-27T08:05:19.992073Z,official_2025-26_stats,0.631578947368421,False,1.0,0.0,,,1.4
328,5,2,Pascal Struijk,Struijk,Brighton,BHA,Defender,4.9,7,2.3,0.6666666666666666,98,0.2,d,75.0,100.0,Hamstring injury - 75% chance of playing,2026-09-22T10:00:09.404233Z,49,1.4285714285714284,10,9.18,1,0,31,9,1,6,222694,,,,,,,2026-27,0c133121c3637cccea64e7dc70a58d499d53501a46c780f65d6f89cd020d52e9,2026-09-27T08:05:19.992073Z,official_2025-26_stats,0.75,False,0.75,0.0,,,2.3
512,19,3,Mohammed Kudus,Kudus,Spurs,TOT,Midfielder,6.5,7,1.8,0.0,123,0.2,a,100.0,100.0,,2026-07-23T12:01:23.848657Z,65,1.0769230769230769,14,10.24,0,0,49,0,3,11,460842,3.0,,5.0,,6.0,,2026-27,0c133121c3637cccea64e7dc70a58d499d53501a46c780f65d6f89cd020d52e9,2026-09-27T08:05:19.992073Z,official_2025-26_stats,0.4473684210526316,False,1.0,0.0,,,1.8
581,18,2,Ousmane Diomande,Diomande,Nott'm Forest,NFO,Defender,5.4,7,2.3,1.8,163,0.5,a,,,,,54,1.2962962962962963,19,10.49,2,0,17,18,1,10,568420,,,,,,,2026-27,0c133121c3637cccea64e7dc70a58d499d53501a46c780f65d6f89cd020d52e9,2026-09-27T08:05:19.992073Z,official_previous_season_stats_unmatched,0.0,False,1.0,0.0,,,2.3
347,13,4,Lukas Nmecha,Nmecha,Leeds,LEE,Forward,5.4,7,1.8,1.3333333333333333,64,0.5,a,,,,,54,1.2962962962962963,4,5.62,0,0,28,0,1,3,174594,2.0,,,,,,2026-27,0c133121c3637cccea64e7dc70a58d499d53501a46c780f65d6f89cd020d52e9,2026-09-27T08:05:19.992073Z,official_2025-26_stats,0.23684210526315788,False,1.0,0.0,,,1.8
329,13,2,Joe Rodon,Rodon,Leeds,LEE,Defender,4.3,7,3.5,2.6666666666666665,123,0.8,i,0.0,0.0,Hamstring injury - Expected back 21 Nov,2026-08-30T16:00:08.564382Z,43,1.627906976744186,11,8.05,2,0,25,10,1,2,214225,,,,,,,2026-27,0c133121c3637cccea64e7dc70a58d499d53501a46c780f65d6f89cd020d52e9,2026-09-27T08:05:19.992073Z,official_2025-26_stats,0.0,False,0.0,0.0,,,3.5
130,5,2,Mats Wieffer,Wieffer,Brighton,BHA,Defender,4.9,7,3.5,0.6666666666666666,156,0.2,i,0.0,0.0,Knee injury - Unknown return date,2026-09-04T09:30:08.612904Z,49,1.4285714285714284,15,8.65,2,1,38,11,4,9,467779,,,,,,,2026-27,0c133121c3637cccea64e7dc70a58d499d53501a46c780f65d6f89cd020d52e9,2026-09-27T08:05:19.992073Z,official_2025-26_stats,0.0,False,0.0,0.0,,,3.5
536,20,2,Reinildo Mandava,Reinildo,Sunderland,SUN,Defender,4.4,7,1.8,4.0,360,0.3,a,100.0,0.0,,2026-09-12T21:30:09.421687Z,44,1.5909090909090908,29,7.25,4,0,37,21,8,18,434399,,,,,,,2026-27,0c133121c3637cccea64e7dc70a58d499d53501a46c780f65d6f89cd020d52e9,2026-09-27T08:05:19.992073Z,official_2025-26_stats,0.5526315789473685,False,1.0,0.0,,,1.8
456,17,3,Jacob Ramsey,J.Ramsey,Newcastle,NEW,Midfielder,4.9,7,2.3,5.666666666666667,69,0.2,i,0.0,0.0,Thigh injury - Unknown return date,2026-09-15T09:00:08.191022Z,49,1.4285714285714284,11,14.35,0,0,26,3,2,6,232653,,,,,,,2026-27,0c133121c3637cccea64e7dc70a58d499d53501a46c780f65d6f89cd020d52e9,2026-09-27T08:05:19.992073Z,official_2025-26_stats,0.0,False,0.0,0.0,,,2.3
627,14,3,Bradley Barcola,Barcola,Liverpool,LIV,Midfielder,8.0,7,2.3,2.3,168,1.8,a,,,,,80,0.875,8,4.29,2,0,22,0,3,5,482616,,,,,,,2026-27,0c133121c3637cccea64e7dc70a58d499d53501a46c780f65d6f89cd020d52e9,2026-09-27T08:05:19.992073Z,official_previous_season_stats_unmatched,0.0,False,1.0,0.0,,,2.3
506,19,2,Destiny Udogie,Udogie,Spurs,TOT,Defender,4.4,7,2.3,3.0,86,0.3,a,100.0,100.0,,2026-09-11T18:00:09.092110Z,44,1.5909090909090908,4,4.19,1,0,21,3,1,4,487053,,,,,,,2026-27,0c133121c3637cccea64e7dc70a58d499d53501a46c780f65d6f89cd020d52e9,2026-09-27T08:05:19.992073Z,official_2025-26_stats,0.34210526315789475,False,1.0,0.0,,,2.3
337,13,3,Brenden Aaronson,Aaronson,Leeds,LEE,Midfielder,5.3,7,1.4,1.3333333333333333,194,0.5,a,,,,,53,1.3207547169811322,15,6.96,2,0,36,1,3,11,427637,,,4.0,,,,2026-27,0c133121c3637cccea64e7dc70a58d499d53501a46c780f65d6f89cd020d52e9,2026-09-27T08:05:19.992073Z,official_2025-26_stats,0.7105263157894737,False,1.0,0.0,,,1.4
320,12,4,Chuba Akpom,Akpom,Ipswich Town,IPS,Forward,5.0,7,2.3,1.5,78,1.2,a,,,,,50,1.4,3,3.46,0,0,36,0,1,2,147675,,,,,,,2026-27,0c133121c3637cccea64e7dc70a58d499d53501a46c780f65d6f89cd020d52e9,2026-09-27T08:05:19.992073Z,official_previous_season_stats_unmatched,0.0,True,1.0,0.0,,,2.3
576,11,3,Elliot Stroud,Stroud,Hull City,HUL,Midfielder,5.0,7,1.8,1.0,249,0.1,a,,,,,50,1.4,20,7.23,4,0,17,3,5,12,608227,,,,,,,2026-27,0c133121c3637cccea64e7dc70a58d499d53501a46c780f65d6f89cd020d52e9,2026-09-27T08:05:19.992073Z,official_previous_season_stats_unmatched,0.0,True,1.0,0.0,,,1.8
564,12,1,Kjell Scherpen,Scherpen,Ipswich Town,IPS,Goalkeeper,4.5,7,1.8,1.2,360,0.6,a,,,,,45,1.5555555555555556,0,0.0,4,0,40,8,0,39,240514,,,,,,,2026-27,0c133121c3637cccea64e7dc70a58d499d53501a46c780f65d6f89cd020d52e9,2026-09-27T08:05:19.992073Z,official_previous_season_stats_unmatched,0.0,True,1.0,0.0,,,1.8
640,12,4,Zian Flemming,Flemming,Ipswich Town,IPS,Forward,5.5,6,2.0,5.0,60,0.1,a,,,,,55,1.0909090909090908,5,7.5,0,0,34,1,1,3,431639,,,,,,,2026-27,0c133121c3637cccea64e7dc70a58d499d53501a46c780f65d6f89cd020d52e9,2026-09-27T08:05:19.992073Z,official_2025-26_stats,0.5,True,1.0,0.0,,,2.0
175,7,2,Milan van Ewijk,van Ewijk,Coventry City,COV,Defender,4.0,6,1.5,1.2,360,8.8,d,75.0,,Hamstring injury - 75% chance of playing,2026-09-19T16:00:09.486751Z,40,1.5,27,6.75,4,0,7,21,6,13,451284,,,,,,,2026-27,0c133121c3637cccea64e7dc70a58d499d53501a46c780f65d6f89cd020d52e9,2026-09-27T08:05:19.992073Z,official_previous_season_stats_unmatched,0.0,True,0.75,0.0,,,1.5
656,7,2,Stephen Mfuni,Mfuni,Coventry City,COV,Defender,4.0,6,6.0,3.0,90,0.1,a,,,,,40,1.5,8,8.0,1,0,27,7,1,3,566213,,,,,,,2026-27,0c133121c3637cccea64e7dc70a58d499d53501a46c780f65d6f89cd020d52e9,2026-09-27T08:05:19.992073Z,official_previous_season_stats_unmatched,0.0,True,1.0,0.0,,,6.0
97,4,3,Mathias Jensen,Jensen,Brentford,BRE,Midfielder,5.4,6,6.0,2.6666666666666665,66,0.1,i,0.0,0.0,Unspecified injury - Expected back 10 Oct,2026-08-30T12:30:08.176795Z,54,1.111111111111111,5,6.82,1,0,22,0,2,3,207283,3.0,,2.0,,1.0,,2026-27,0c133121c3637cccea64e7dc70a58d499d53501a46c780f65d6f89cd020d52e9,2026-09-27T08:05:19.992073Z,official_2025-26_stats,0.0,False,0.0,0.0,,,6.0
125,5,4,Georginio Rutter,Georginio,Brighton,BHA,Forward,5.3,6,3.0,1.0,104,0.5,a,100.0,100.0,,2026-08-26T16:00:07.608056Z,53,1.1320754716981132,9,7.79,1,0,24,1,2,6,463067,,,,,,,2026-27,0c133121c3637cccea64e7dc70a58d499d53501a46c780f65d6f89cd020d52e9,2026-09-27T08:05:19.992073Z,official_2025-26_stats,0.47368421052631576,False,1.0,0.0,,,3.0
419,16,2,Lisandro Martínez,Martinez,Man Utd,MUN,Defender,5.0,6,1.5,5.0,360,1.3,a,100.0,100.0,,2026-07-24T20:00:10.337107Z,50,1.2,20,5.0,4,0,29,17,3,14,221820,,,,,,,2026-27,0c133121c3637cccea64e7dc70a58d499d53501a46c780f65d6f89cd020d52e9,2026-09-27T08:05:19.992073Z,official_2025-26_stats,0.3157894736842105,False,1.0,0.0,,,1.5
32,2,2,Matty Cash,Cash,Aston Villa,AVL,Defender,4.4,6,1.5,0.6666666666666666,296,4.8,a,100.0,100.0,,2026-09-09T14:30:08.192142Z,44,1.3636363636363635,17,5.17,3,0,16,11,6,2,199796,,,,,1.0,,2026-27,0c133121c3637cccea64e7dc70a58d499d53501a46c780f65d6f89cd020d52e9,2026-09-27T08:05:19.992073Z,official_2025-26_stats,0.868421052631579,False,1.0,0.0,,,1.5
238,9,3,Jack Grealish,Grealish,Everton,EVE,Midfielder,6.5,6,1.5,0.0,135,0.5,a,100.0,100.0,,2026-07-29T10:00:10.492904Z,65,0.9230769230769231,13,8.67,1,0,36,2,3,8,114283,,,,,,,2026-27,0c133121c3637cccea64e7dc70a58d499d53501a46c780f65d6f89cd020d52e9,2026-09-27T08:05:19.992073Z,official_2025-26_stats,0.47368421052631576,False,1.0,0.0,,,1.5
287,11,3,Liam Millar,Millar,Hull City,HUL,Midfielder,5.0,6,3.0,1.5,50,0.0,u,0.0,0.0,Has joined Birmingham on loan for the rest of the season,2026-09-02T15:36:41.038103Z,50,1.2,4,7.2,0,0,26,2,1,1,232905,,,,,,,2026-27,0c133121c3637cccea64e7dc70a58d499d53501a46c780f65d6f89cd020d52e9,2026-09-27T08:05:19.992073Z,official_previous_season_stats_unmatched,0.0,True,0.0,0.0,,,3.0
309,12,3,Marcelino Núñez,Núñez,Ipswich Town,IPS,Midfielder,4.9,6,3.0,0.5,140,0.1,a,,,,,49,1.2244897959183672,21,13.5,2,0,32,8,3,10,501390,,,1.0,,3.0,,2026-27,0c133121c3637cccea64e7dc70a58d499d53501a46c780f65d6f89cd020d52e9,2026-09-27T08:05:19.992073Z,official_previous_season_stats_unmatched,0.0,True,1.0,0.0,,,3.0
611,2,2,Aaron Wan-Bissaka,Wan-Bissaka,Aston Villa,AVL,Defender,4.5,6,1.5,1.0,152,0.2,a,,,,,45,1.3333333333333333,21,12.43,2,0,24,12,9,1,214590,,,,,,,2026-27,0c133121c3637cccea64e7dc70a58d499d53501a46c780f65d6f89cd020d52e9,2026-09-27T08:05:19.992073Z,official_2025-26_stats,0.6052631578947368,False,1.0,0.0,,,1.5
246,9,3,Merlin Röhl,Röhl,Everton,EVE,Midfielder,4.9,6,2.0,4.333333333333333,249,0.0,i,0.0,0.0,Unspecified injury - Expected back 11 Oct,2026-09-16T18:00:09.541933Z,49,1.2244897959183672,24,8.67,3,0,35,6,5,13,513466,,,,,,,2026-27,0c133121c3637cccea64e7dc70a58d499d53501a46c780f65d6f89cd020d52e9,2026-09-27T08:05:19.992073Z,official_2025-26_stats,0.0,False,0.0,0.0,,,2.0
592,12,2,Abdoul Ouattara,Ouattara,Ipswich Town,IPS,Defender,4.0,6,1.2,1.2,131,0.9,a,,,,,40,1.5,11,7.56,1,0,29,7,4,14,572584,,,,,,,2026-27,0c133121c3637cccea64e7dc70a58d499d53501a46c780f65d6f89cd020d52e9,2026-09-27T08:05:19.992073Z,official_previous_season_stats_unmatched,0.0,True,1.0,0.0,,,1.2
100,4,3,Fábio Freitas Gouveia Carvalho,Carvalho,Brentford,BRE,Midfielder,5.0,6,6.0,0.0,3,0.0,a,100.0,100.0,,2026-08-18T13:58:17.442072Z,50,1.2,0,0.0,0,0,23,0,0,0,244858,,,,,,,2026-27,0c133121c3637cccea64e7dc70a58d499d53501a46c780f65d6f89cd020d52e9,2026-09-27T08:05:19.992073Z,official_2025-26_stats,0.02631578947368421,False,1.0,0.0,,,6.0
387,15,2,Nico O'Reilly,O'Reilly,Man City,MCI,Defender,6.3,6,1.5,2.3333333333333335,163,10.9,a,100.0,100.0,,2026-09-05T18:00:06.379802Z,63,0.9523809523809524,5,2.76,2,0,22,2,3,9,472769,,,,,,,2026-27,0c133121c3637cccea64e7dc70a58d499d53501a46c780f65d6f89cd020d52e9,2026-09-27T08:05:19.992073Z,official_2025-26_stats,0.7105263157894737,False,1.0,0.0,,,1.5
151,6,2,Josh Acheampong,Acheampong,Chelsea,CHE,Defender,4.5,5,1.2,1.0,221,0.3,a,,,,,45,1.1111111111111112,20,8.14,2,0,5,13,7,7,577016,,,,,,,2026-27,0c133121c3637cccea64e7dc70a58d499d53501a46c780f65d6f89cd020d52e9,2026-09-27T08:05:19.992073Z,official_2025-26_stats,0.18421052631578946,False,1.0,0.0,,,1.2
90,4,2,Aaron Hickey,Hickey,Brentford,BRE,Defender,4.5,5,1.0,1.0,152,0.1,a,,,,,45,1.1111111111111112,17,10.07,1,0,17,13,4,8,472713,,,,,,,2026-27,0c133121c3637cccea64e7dc70a58d499d53501a46c780f65d6f89cd020d52e9,2026-09-27T08:05:19.992073Z,official_2025-26_stats,0.18421052631578946,False,1.0,0.0,,,1.0
19,1,3,Martín Zubimendi Ibáñez,Zubimendi,Arsenal,ARS,Midfielder,5.3,5,1.0,1.3333333333333333,89,0.6,a,,,,,53,0.9433962264150944,12,12.13,0,0,16,5,4,3,481655,,,,,,,2026-27,0c133121c3637cccea64e7dc70a58d499d53501a46c780f65d6f89cd020d52e9,2026-09-27T08:05:19.992073Z,official_2025-26_stats,0.8157894736842105,False,1.0,0.0,,,1.0
405,17,3,Nico González Iglesias,N.Gonzalez,Newcastle,NEW,Midfielder,5.5,5,1.7,1.3333333333333333,164,0.2,a,100.0,0.0,,2026-09-14T21:30:07.343728Z,55,0.9090909090909091,12,6.59,3,0,23,3,0,9,465694,,,,,,,2026-27,0c133121c3637cccea64e7dc70a58d499d53501a46c780f65d6f89cd020d52e9,2026-09-27T08:05:19.992073Z,official_2025-26_stats,0.4473684210526316,False,1.0,0.0,,,1.7
75,3,3,Ryan Christie,Christie,Bournemouth,BOU,Midfielder,5.0,5,1.2,-0.6666666666666666,102,0.0,a,100.0,100.0,,2026-07-24T17:30:10.035483Z,50,1.0,14,12.35,1,0,15,3,1,10,158499,,,,,,,2026-27,0c133121c3637cccea64e7dc70a58d499d53501a46c780f65d6f89cd020d52e9,2026-09-27T08:05:19.992073Z,official_2025-26_stats,0.15789473684210525,False,1.0,0.0,,,1.2
585,11,2,Lucas Herrington,Herrington,Hull City,HUL,Defender,4.0,5,1.0,1.0,197,0.6,a,,,,,40,1.25,16,7.31,1,0,19,14,2,6,597462,,,,,,,2026-27,0c133121c3637cccea64e7dc70a58d499d53501a46c780f65d6f89cd020d52e9,2026-09-27T08:05:19.992073Z,official_previous_season_stats_unmatched,0.0,True,1.0,0.0,,,1.0
596,2,2,Matteo Ruggeri,Ruggeri,Aston Villa,AVL,Defender,4.5,5,1.7,1.0,113,0.1,a,,,,,45,1.1111111111111112,16,12.74,1,0,17,14,2,11,487992,,,,,,,2026-27,0c133121c3637cccea64e7dc70a58d499d53501a46c780f65d6f89cd020d52e9,2026-09-27T08:05:19.992073Z,official_previous_season_stats_unmatched,0.0,False,1.0,0.0,,,1.7
583,6,2,Pep Chavarría,Chavarria,Chelsea,CHE,Defender,4.9,5,1.0,1.0,208,0.1,a,,,,,49,1.0204081632653061,16,6.92,1,0,17,11,5,7,498444,,,,,,,2026-27,0c133121c3637cccea64e7dc70a58d499d53501a46c780f65d6f89cd020d52e9,2026-09-27T08:05:19.992073Z,official_previous_season_stats_unmatched,0.0,False,1.0,0.0,,,1.0
190,7,3,Loum Tchaouna,Tchaouna,Coventry City,COV,Midfielder,5.4,5,1.2,3.6666666666666665,211,0.1,a,,,,,54,0.9259259259259258,18,7.68,2,0,32,6,1,11,469272,,,,,3.0,,2026-27,0c133121c3637cccea64e7dc70a58d499d53501a46c780f65d6f89cd020d52e9,2026-09-27T08:05:19.992073Z,official_2025-26_stats,0.3157894736842105,True,1.0,0.0,,,1.2
186,7,3,Ephron Mason-Clark,Mason-Clark,Coventry City,COV,Midfielder,5.3,5,1.2,1.2,231,0.1,a,100.0,100.0,,2026-08-19T18:00:08.310507Z,53,0.9433962264150944,15,5.84,4,0,19,6,0,9,241293,,,,,,,2026-27,0c133121c3637cccea64e7dc70a58d499d53501a46c780f65d6f89cd020d52e9,2026-09-27T08:05:19.992073Z,official_previous_season_stats_unmatched,0.0,True,1.0,0.0,,,1.2
201,18,2,Daniel Muñoz Mejía,Muñoz,Nott'm Forest,NFO,Defender,5.4,5,1.2,3.3333333333333335,257,5.7,a,,,,,54,0.9259259259259258,15,5.25,3,0,29,8,7,8,247348,,,,,,,2026-27,0c133121c3637cccea64e7dc70a58d499d53501a46c780f65d6f89cd020d52e9,2026-09-27T08:05:19.992073Z,official_2025-26_stats,0.6578947368421053,False,1.0,0.0,,,1.2
260,13,3,Harry Wilson,Wilson,Leeds,LEE,Midfielder,6.2,5,1.2,2.3333333333333335,145,1.7,i,0.0,0.0,Thigh injury - Unknown return date,2026-09-18T13:30:09.626858Z,62,0.8064516129032258,11,6.83,1,0,19,3,4,4,153682,,,2.0,,2.0,,2026-27,0c133121c3637cccea64e7dc70a58d499d53501a46c780f65d6f89cd020d52e9,2026-09-27T08:05:19.992073Z,official_2025-26_stats,0.0,False,0.0,0.0,,,1.2
198,8,1,Dean Henderson,Henderson,Crystal Palace,CRY,Goalkeeper,5.0,5,1.7,1.6666666666666667,270,1.3,i,0.0,0.0,Foot injury - Expected back 11 Oct,2026-09-12T14:00:09.378740Z,50,1.0,0,0.0,3,0,37,6,0,31,172649,,,,,,,2026-27,0c133121c3637cccea64e7dc70a58d499d53501a46c780f65d6f89cd020d52e9,2026-09-27T08:05:19.992073Z,official_2025-26_stats,0.0,False,0.0,0.0,,,1.7
543,20,3,Habib Diarra,Diarra,Sunderland,SUN,Midfielder,5.4,5,2.5,1.3333333333333333,28,0.0,i,0.0,0.0,Hamstring injury - Unknown return date,2026-08-30T16:30:08.428960Z,54,0.9259259259259258,0,0.0,0,0,18,0,0,0,547027,1.0,,,,,,2026-27,0c133121c3637cccea64e7dc70a58d499d53501a46c780f65d6f89cd020d52e9,2026-09-27T08:05:19.992073Z,official_2025-26_stats,0.0,False,0.0,0.0,,,2.5
263,10,3,Kevin Santos Lopes de Macedo,Kevin,Fulham,FUL,Midfielder,5.3,4,1.0,2.0,61,0.0,a,,,,,53,0.7547169811320755,8,11.8,0,0,14,1,3,4,560552,,,,,4.0,,2026-27,0c133121c3637cccea64e7dc70a58d499d53501a46c780f65d6f89cd020d52e9,2026-09-27T08:05:19.992073Z,official_2025-26_stats,0.15789473684210525,False,1.0,0.0,,,1.0
136,6,4,Danny Welbeck,Welbeck,Chelsea,CHE,Forward,5.9,4,1.3,1.6666666666666667,85,1.0,a,100.0,100.0,,2026-08-20T14:00:07.949090Z,59,0.6779661016949152,5,5.29,1,0,15,2,1,2,50175,,,,,,,2026-27,0c133121c3637cccea64e7dc70a58d499d53501a46c780f65d6f89cd020d52e9,2026-09-27T08:05:19.992073Z,official_2025-26_stats,0.6578947368421053,False,1.0,0.0,,,1.3
14,1,3,Eberechi Eze,Eze,Arsenal,ARS,Midfielder,6.2,4,1.0,2.3333333333333335,85,1.0,a,,,,,62,0.6451612903225806,5,5.29,0,0,18,0,0,5,232413,,,3.0,,,,2026-27,0c133121c3637cccea64e7dc70a58d499d53501a46c780f65d6f89cd020d52e9,2026-09-27T08:05:19.992073Z,official_2025-26_stats,0.5,False,1.0,0.0,,,1.0
17,1,3,Mikel Merino Zazón,Merino,Arsenal,ARS,Midfielder,5.8,4,0.8,0.3333333333333333,81,0.4,a,,,,,58,0.6896551724137931,10,11.11,0,0,19,1,0,9,195384,,,,,,,2026-27,0c133121c3637cccea64e7dc70a58d499d53501a46c780f65d6f89cd020d52e9,2026-09-27T08:05:19.992073Z,official_2025-26_stats,0.21052631578947367,False,1.0,0.0,,,0.8
119,5,2,João Pedro Loureiro da Costa,Costinha,Brighton,BHA,Defender,4.5,4,0.8,0.8,68,0.0,a,,,,,45,0.8888888888888888,7,9.26,0,0,18,6,1,1,451490,,,,,,,2026-27,0c133121c3637cccea64e7dc70a58d499d53501a46c780f65d6f89cd020d52e9,2026-09-27T08:05:19.992073Z,official_previous_season_stats_unmatched,0.0,False,1.0,0.0,,,0.8
450,17,2,Tino Livramento,Livramento,Newcastle,NEW,Defender,4.9,4,2.0,0.0,33,0.1,d,75.0,100.0,Unspecified injury - 75% chance of playing,2026-09-19T14:00:09.046677Z,49,0.8163265306122448,3,8.18,0,0,12,1,2,4,441191,,,,,,,2026-27,0c133121c3637cccea64e7dc70a58d499d53501a46c780f65d6f89cd020d52e9,2026-09-27T08:05:19.992073Z,official_2025-26_stats,0.3684210526315789,False,0.75,0.0,,,2.0
144,6,2,Malo Gusto,Gusto,Chelsea,CHE,Defender,4.9,4,1.0,0.3333333333333333,272,1.0,a,,,,,49,0.8163265306122448,15,4.96,3,0,12,11,4,13,482609,,,,,,,2026-27,0c133121c3637cccea64e7dc70a58d499d53501a46c780f65d6f89cd020d52e9,2026-09-27T08:05:19.992073Z,official_2025-26_stats,0.5789473684210527,False,1.0,0.0,,,1.0
157,6,3,Estêvão Almeida de Oliveira Gonçalves,Estêvão,Chelsea,CHE,Midfielder,6.3,4,1.0,0.0,23,0.7,a,,,,,63,0.6349206349206349,2,7.83,0,0,17,0,1,1,624773,2.0,,,,4.0,,2026-27,0c133121c3637cccea64e7dc70a58d499d53501a46c780f65d6f89cd020d52e9,2026-09-27T08:05:19.992073Z,official_2025-26_stats,0.18421052631578946,False,1.0,0.0,,,1.0
162,16,3,Andrey Nascimento dos Santos,Andrey Santos,Man Utd,MUN,Midfielder,4.8,4,1.3,4.0,82,0.6,a,,,,,48,0.8333333333333334,18,19.76,1,0,23,7,4,7,532605,,,,,,,2026-27,0c133121c3637cccea64e7dc70a58d499d53501a46c780f65d6f89cd020d52e9,2026-09-27T08:05:19.992073Z,official_2025-26_stats,0.2894736842105263,False,1.0,0.0,,,1.3
463,17,4,Nick Woltemade,Woltemade,Newcastle,NEW,Forward,5.9,4,4.0,4.0,19,0.5,u,0.0,0.0,Has joined Juventus on loan for the rest of the season,2026-09-02T16:07:16.549304Z,59,0.6779661016949152,0,0.0,0,0,18,0,0,0,470313,,,,,,,2026-27,0c133121c3637cccea64e7dc70a58d499d53501a46c780f65d6f89cd020d52e9,2026-09-27T08:05:19.992073Z,official_2025-26_stats,0.0,False,0.0,0.0,,,4.0
465,17,4,William Osula,Osula,Newcastle,NEW,Forward,5.8,4,4.0,5.666666666666667,55,0.3,i,0.0,0.0,Foot injury - Unknown return date,2026-08-25T19:00:08.004915Z,58,0.6896551724137931,5,8.18,1,0,18,2,1,2,538207,1.0,,4.0,,,,2026-27,0c133121c3637cccea64e7dc70a58d499d53501a46c780f65d6f89cd020d52e9,2026-09-27T08:05:19.992073Z,official_2025-26_stats,0.0,False,0.0,0.0,,,4.0
369,14,3,Rio Ngumoha,Ngumoha,Liverpool,LIV,Midfielder,5.7,4,1.3,3.3333333333333335,99,0.5,a,,,,,57,0.7017543859649122,4,3.64,1,0,13,1,1,2,611922,,,,,,,2026-27,0c133121c3637cccea64e7dc70a58d499d53501a46c780f65d6f89cd020d52e9,2026-09-27T08:05:19.992073Z,official_2025-26_stats,0.13157894736842105,False,1.0,0.0,,,1.3
72,3,3,Ben Gannon-Doak,Gannon-Doak,Bournemouth,BOU,Midfielder,4.9,4,1.0,0.3333333333333333,12,0.1,a,,,,,49,0.8163265306122448,7,52.5,0,0,15,0,2,5,496208,,,,,,,2026-27,0c133121c3637cccea64e7dc70a58d499d53501a46c780f65d6f89cd020d52e9,2026-09-27T08:05:19.992073Z,official_2025-26_stats,0.0,False,1.0,0.0,,,1.0
64,3,2,Adam Smith,Smith,Bournemouth,BOU,Defender,4.5,4,0.8,6.333333333333333,434,0.1,a,,,,,45,0.8888888888888888,21,4.35,5,0,14,16,5,15,54469,,,,,,,2026-27,0c133121c3637cccea64e7dc70a58d499d53501a46c780f65d6f89cd020d52e9,2026-09-27T08:05:19.992073Z,official_2025-26_stats,0.2894736842105263,False,1.0,0.0,,,0.8
182,7,2,Aurèle Amenda,Amenda,Coventry City,COV,Defender,4.0,4,1.0,0.8,360,0.6,i,0.0,25.0,Calf injury - Unknown return date,2026-09-17T07:30:09.329041Z,40,1.0,24,6.0,4,0,-3,23,1,11,539142,,,,,,,2026-27,0c133121c3637cccea64e7dc70a58d499d53501a46c780f65d6f89cd020d52e9,2026-09-27T08:05:19.992073Z,official_previous_season_stats_unmatched,0.0,True,0.0,0.0,,,1.0
195,7,4,Ellis Simms,Simms,Coventry City,COV,Forward,4.9,4,1.3,0.5,104,0.6,a,,,,,49,0.8163265306122448,3,2.6,1,0,13,1,0,2,218997,,,,,,,2026-27,0c133121c3637cccea64e7dc70a58d499d53501a46c780f65d6f89cd020d52e9,2026-09-27T08:05:19.992073Z,official_previous_season_stats_unmatched,0.0,True,1.0,0.0,,,1.3
634,17,4,Matias Fernandez-Pardo,Fernandez-Pardo,Newcastle,NEW,Forward,6.0,4,1.3,1.3,157,0.1,a,,,,,60,0.6666666666666666,5,2.87,2,0,16,0,2,3,613221,,,,,,,2026-27,0c133121c3637cccea64e7dc70a58d499d53501a46c780f65d6f89cd020d52e9,2026-09-27T08:05:19.992073Z,official_previous_season_stats_unmatched,0.0,False,1.0,0.0,,,1.3
589,11,3,Lucas Gourna-Douath,Gourna-Douath,Hull City,HUL,Midfielder,5.0,4,1.3,1.0,138,0.0,a,,,,,50,0.8,17,11.09,1,0,18,5,5,7,469266,,,,,,,2026-27,0c133121c3637cccea64e7dc70a58d499d53501a46c780f65d6f89cd020d52e9,2026-09-27T08:05:19.992073Z,official_previous_season_stats_unmatched,0.0,True,1.0,0.0,,,1.3
490,18,4,Chris Wood,Wood,Nott'm Forest,NFO,Forward,5.8,4,1.0,1.6666666666666667,62,0.9,a,,,,,58,0.6896551724137931,1,1.45,0,0,13,0,0,1,60689,2.0,,,,,,2026-27,0c133121c3637cccea64e7dc70a58d499d53501a46c780f65d6f89cd020d52e9,2026-09-27T08:05:19.992073Z,official_2025-26_stats,0.2631578947368421,False,1.0,0.0,,,1.0
488,18,3,Ibrahim Sangaré,I.Sangaré,Nott'm Forest,NFO,Midfielder,4.9,4,1.3,1.6666666666666667,105,0.4,a,100.0,100.0,,2026-08-28T09:30:07.471668Z,49,0.8163265306122448,8,6.86,1,0,15,4,1,3,210462,,,,,,,2026-27,0c133121c3637cccea64e7dc70a58d499d53501a46c780f65d6f89cd020d52e9,2026-09-27T08:05:19.992073Z,official_2025-26_stats,0.5789473684210527,False,1.0,0.0,,,1.3
642,11,3,Sorba Thomas,Thomas,Hull City,HUL,Midfielder,5.5,4,1.3,1.3,119,0.0,a,,,,,55,0.7272727272727273,8,6.05,1,0,13,0,1,7,243951,,,,,,,2026-27,0c133121c3637cccea64e7dc70a58d499d53501a46c780f65d6f89cd020d52e9,2026-09-27T08:05:19.992073Z,official_previous_season_stats_unmatched,0.0,True,1.0,0.0,,,1.3
56,2,4,Tammy Abraham,Abraham,Aston Villa,AVL,Forward,5.5,4,1.0,0.0,71,0.2,a,100.0,100.0,,2026-08-15T16:00:07.558543Z,55,0.7272727272727273,2,2.54,0,0,13,0,1,1,173879,,,,,,,2026-27,0c133121c3637cccea64e7dc70a58d499d53501a46c780f65d6f89cd020d52e9,2026-09-27T08:05:19.992073Z,official_2025-26_stats,0.02631578947368421,False,1.0,0.0,,,1.0
306,12,2,Jacob Greaves,Greaves,Ipswich Town,IPS,Defender,4.0,3,0.8,0.2,357,1.1,a,,,,,40,0.75,30,7.56,4,0,12,25,5,12,449429,,,,,,,2026-27,0c133121c3637cccea64e7dc70a58d499d53501a46c780f65d6f89cd020d52e9,2026-09-27T08:05:19.992073Z,official_previous_season_stats_unmatched,0.0,True,1.0,0.0,,,0.8
343,13,3,Daniel James,James,Leeds,LEE,Midfielder,4.9,3,1.0,1.3333333333333333,52,0.1,a,,,,,49,0.6122448979591836,5,8.65,0,0,9,1,0,4,200617,,,,,,,2026-27,0c133121c3637cccea64e7dc70a58d499d53501a46c780f65d6f89cd020d52e9,2026-09-27T08:05:19.992073Z,official_2025-26_stats,0.07894736842105263,False,1.0,0.0,,,1.0
108,4,4,Callum Wilson,Wilson,Brentford,BRE,Forward,5.4,3,1.0,2.6666666666666665,13,0.3,a,,,,,54,0.5555555555555555,2,13.85,0,0,9,1,0,1,75115,,,,,,,2026-27,0c133121c3637cccea64e7dc70a58d499d53501a46c780f65d6f89cd020d52e9,2026-09-27T08:05:19.992073Z,official_2025-26_stats,0.21052631578947367,False,1.0,0.0,,,1.0
422,16,2,Noussair Mazraoui,Mazraoui,Man Utd,MUN,Defender,4.4,3,1.0,5.666666666666667,97,0.5,a,,,,,44,0.6818181818181818,6,5.57,1,0,6,4,2,3,230001,,,,,,,2026-27,0c133121c3637cccea64e7dc70a58d499d53501a46c780f65d6f89cd020d52e9,2026-09-27T08:05:19.992073Z,official_2025-26_stats,0.2631578947368421,False,1.0,0.0,,,1.0
568,6,3,Valentín Barco,Barco,Chelsea,CHE,Midfielder,5.4,3,1.0,0.8,115,0.1,a,,,,,54,0.5555555555555555,12,9.39,1,0,29,4,3,5,543158,,,,,,,2026-27,0c133121c3637cccea64e7dc70a58d499d53501a46c780f65d6f89cd020d52e9,2026-09-27T08:05:19.992073Z,official_previous_season_stats_unmatched,0.0,False,1.0,0.0,,,1.0
520,19,3,Lucas Bergvall,Bergvall,Spurs,TOT,Midfielder,5.3,3,1.0,0.3333333333333333,78,0.1,a,,,,,53,0.5660377358490566,13,15.0,1,0,13,1,3,9,570526,,,,,,,2026-27,0c133121c3637cccea64e7dc70a58d499d53501a46c780f65d6f89cd020d52e9,2026-09-27T08:05:19.992073Z,official_2025-26_stats,0.23684210526315788,False,1.0,0.0,,,1.0
149,6,2,Levi Samuels Colwill,Colwill,Chelsea,CHE,Defender,4.8,3,0.8,2.3333333333333335,341,0.9,a,,,,,48,0.625,26,6.86,4,0,17,23,3,15,460028,,,,,,,2026-27,0c133121c3637cccea64e7dc70a58d499d53501a46c780f65d6f89cd020d52e9,2026-09-27T08:05:19.992073Z,official_2025-26_stats,0.05263157894736842,False,1.0,0.0,,,0.8
289,11,3,Matt Crooks,Crooks,Hull City,HUL,Midfielder,4.4,3,1.0,0.2,203,0.5,a,100.0,100.0,,2026-08-29T15:00:08.569326Z,44,0.6818181818181818,21,9.31,3,0,17,9,8,4,101282,,,,,,,2026-27,0c133121c3637cccea64e7dc70a58d499d53501a46c780f65d6f89cd020d52e9,2026-09-27T08:05:19.992073Z,official_previous_season_stats_unmatched,0.0,True,1.0,0.0,,,1.0
34,2,2,Pau Torres,Pau,Aston Villa,AVL,Defender,4.5,3,1.0,1.6666666666666667,187,0.3,i,0.0,0.0,Hamstring injury - Expected back 10 Oct,2026-09-12T18:00:08.712707Z,45,0.6666666666666666,9,4.33,3,0,-4,8,1,9,244954,,,,,,,2026-27,0c133121c3637cccea64e7dc70a58d499d53501a46c780f65d6f89cd020d52e9,2026-09-27T08:05:19.992073Z,official_2025-26_stats,0.0,False,0.0,0.0,,,1.0
381,14,3,Lewis Koumas,Koumas,Liverpool,LIV,Midfielder,5.0,3,1.0,0.5,22,0.0,a,,,,,50,0.6,1,4.09,0,0,14,0,0,1,514514,,,,,,,2026-27,0c133121c3637cccea64e7dc70a58d499d53501a46c780f65d6f89cd020d52e9,2026-09-27T08:05:19.992073Z,official_previous_season_stats_unmatched,0.0,False,1.0,0.0,,,1.0
253,10,2,Joachim Andersen,Andersen,Fulham,FUL,Defender,5.0,3,1.0,-0.6666666666666666,190,0.2,a,100.0,100.0,,2026-07-23T12:01:23.516350Z,50,0.6,20,9.47,2,0,12,18,2,9,174874,,,,,,,2026-27,0c133121c3637cccea64e7dc70a58d499d53501a46c780f65d6f89cd020d52e9,2026-09-27T08:05:19.992073Z,official_2025-26_stats,0.8157894736842105,False,1.0,0.0,,,1.0
633,8,2,Honest Ahanor,Ahanor,Crystal Palace,CRY,Defender,4.5,3,3.0,1.0,90,0.0,a,,,,,45,0.6666666666666666,11,11.0,1,0,10,9,2,4,605972,,,,,,,2026-27,0c133121c3637cccea64e7dc70a58d499d53501a46c780f65d6f89cd020d52e9,2026-09-27T08:05:19.992073Z,official_previous_season_stats_unmatched,0.0,False,1.0,0.0,,,3.0
255,10,2,Jorge Cuenca Barreno,J.Cuenca,Fulham,FUL,Defender,4.5,3,3.0,0.0,90,0.0,a,,,,,45,0.6666666666666666,10,10.0,1,0,7,9,1,3,246301,,,,,,,2026-27,0c133121c3637cccea64e7dc70a58d499d53501a46c780f65d6f89cd020d52e9,2026-09-27T08:05:19.992073Z,official_2025-26_stats,0.2631578947368421,False,1.0,0.0,,,3.0
523,19,3,Mikey Moore,Moore,Spurs,TOT,Midfielder,5.0,3,1.5,0.2,89,0.1,u,0.0,0.0,Has joined FC Köln on loan for the rest of the season,2026-09-04T12:39:48.098158Z,50,0.6,3,3.03,1,0,11,0,1,2,499721,,,,,,,2026-27,0c133121c3637cccea64e7dc70a58d499d53501a46c780f65d6f89cd020d52e9,2026-09-27T08:05:19.992073Z,official_previous_season_stats_unmatched,0.0,False,0.0,0.0,,,1.5
142,6,2,Reece James,James,Chelsea,CHE,Defender,5.4,3,0.8,0.6666666666666666,292,5.8,d,75.0,75.0,Hamstring injury - 75% chance of playing,2026-09-18T10:30:09.719371Z,54,0.5555555555555555,13,4.01,3,0,24,11,2,15,225796,,,1.0,,1.0,,2026-27,0c133121c3637cccea64e7dc70a58d499d53501a46c780f65d6f89cd020d52e9,2026-09-27T08:05:19.992073Z,official_2025-26_stats,0.5,False,0.75,0.0,,,0.8
262,10,3,Emile Smith Rowe,Smith Rowe,Fulham,FUL,Midfielder,5.3,3,1.0,2.0,38,0.2,a,,,,,53,0.5660377358490566,3,7.11,0,0,11,1,0,2,209289,,,,,,,2026-27,0c133121c3637cccea64e7dc70a58d499d53501a46c780f65d6f89cd020d52e9,2026-09-27T08:05:19.992073Z,official_2025-26_stats,0.5,False,1.0,0.0,,,1.0
646,20,3,Malick Fofana,Fofana,Sunderland,SUN,Midfielder,5.5,3,1.0,1.0,60,0.0,a,,,,,55,0.5454545454545454,3,4.5,0,0,11,0,1,2,549940,,,,,,,2026-27,0c133121c3637cccea64e7dc70a58d499d53501a46c780f65d6f89cd020d52e9,2026-09-27T08:05:19.992073Z,official_previous_season_stats_unmatched,0.0,False,1.0,0.0,,,1.0
269,10,2,Ryan Sessegnon,Sessegnon,Fulham,FUL,Defender,4.3,3,1.0,0.0,50,0.3,a,100.0,75.0,,2026-09-14T11:30:07.403957Z,43,0.6976744186046512,3,5.4,0,0,13,2,1,3,184349,,,,,3.0,,2026-27,0c133121c3637cccea64e7dc70a58d499d53501a46c780f65d6f89cd020d52e9,2026-09-27T08:05:19.992073Z,official_2025-26_stats,0.5263157894736842,False,1.0,0.0,,,1.0
271,10,4,Rodrigo Muniz Carvalho,Muniz,Fulham,FUL,Forward,5.4,3,0.8,1.6666666666666667,38,0.4,a,,,,,54,0.5555555555555555,3,7.11,0,0,14,3,0,0,244042,,,,,,,2026-27,0c133121c3637cccea64e7dc70a58d499d53501a46c780f65d6f89cd020d52e9,2026-09-27T08:05:19.992073Z,official_2025-26_stats,0.23684210526315788,False,1.0,0.0,,,0.8
635,10,3,Hugo Larsson,Larsson,Fulham,FUL,Midfielder,5.0,3,1.0,1.0,37,0.0,a,,,,,50,0.6,6,14.59,0,0,9,2,1,3,551050,,,,,,,2026-27,0c133121c3637cccea64e7dc70a58d499d53501a46c780f65d6f89cd020d52e9,2026-09-27T08:05:19.992073Z,official_previous_season_stats_unmatched,0.0,False,1.0,0.0,,,1.0
498,19,2,Marcos Senesi Barón,Senesi,Spurs,TOT,Defender,5.8,3,3.0,4.666666666666667,90,3.5,a,,,,,58,0.5172413793103449,16,16.0,1,0,10,11,5,2,221466,,,,,,,2026-27,0c133121c3637cccea64e7dc70a58d499d53501a46c780f65d6f89cd020d52e9,2026-09-27T08:05:19.992073Z,official_2025-26_stats,0.9473684210526315,False,1.0,0.0,,,3.0
323,12,3,Kasey McAteer,McAteer,Ipswich Town,IPS,Midfielder,4.4,3,1.0,0.5,42,1.0,a,,,,,44,0.6818181818181818,5,10.71,0,0,12,0,1,4,461587,,,,,,,2026-27,0c133121c3637cccea64e7dc70a58d499d53501a46c780f65d6f89cd020d52e9,2026-09-27T08:05:19.992073Z,official_previous_season_stats_unmatched,0.0,True,1.0,0.0,,,1.0
160,2,3,Alejandro Garnacho Ferreyra,Garnacho,Aston Villa,AVL,Midfielder,5.8,3,1.0,0.3333333333333333,31,0.3,a,,,,,58,0.5172413793103449,2,5.81,0,0,9,0,0,2,493105,,,,,,,2026-27,0c133121c3637cccea64e7dc70a58d499d53501a46c780f65d6f89cd020d52e9,2026-09-27T08:05:19.992073Z,official_2025-26_stats,0.2631578947368421,False,1.0,0.0,,,1.0
501,20,2,Kevin Danso,Danso,Sunderland,SUN,Defender,5.0,3,1.0,4.666666666666667,270,0.2,a,,,,,50,0.6,20,6.67,3,0,7,19,1,11,135720,,,,,,,2026-27,0c133121c3637cccea64e7dc70a58d499d53501a46c780f65d6f89cd020d52e9,2026-09-27T08:05:19.992073Z,official_2025-26_stats,0.39473684210526316,False,1.0,0.0,,,1.0
478,18,2,Luca Netz,Netz,Nott'm Forest,NFO,Defender,4.4,3,1.0,1.3333333333333333,27,0.0,a,,,,,44,0.6818181818181818,1,3.33,0,0,8,0,1,1,470315,,,,,,,2026-27,0c133121c3637cccea64e7dc70a58d499d53501a46c780f65d6f89cd020d52e9,2026-09-27T08:05:19.992073Z,official_2025-26_stats,0.07894736842105263,False,1.0,0.0,,,1.0
74,3,3,David Brooks,Brooks,Bournemouth,BOU,Midfielder,5.0,3,0.8,0.6666666666666666,45,0.1,a,100.0,100.0,,2026-08-15T16:30:07.037929Z,50,0.6,5,10.0,0,0,8,2,0,3,111317,,,3.0,,4.0,,2026-27,0c133121c3637cccea64e7dc70a58d499d53501a46c780f65d6f89cd020d52e9,2026-09-27T08:05:19.992073Z,official_2025-26_stats,0.3157894736842105,False,1.0,0.0,,,0.8
584,7,3,Gustavo Hamer,Hamer,Coventry City,COV,Midfielder,5.4,3,1.0,0.5,32,0.1,a,,,,,54,0.5555555555555555,3,8.44,0,0,6,0,1,2,196100,,,,,4.0,,2026-27,0c133121c3637cccea64e7dc70a58d499d53501a46c780f65d6f89cd020d52e9,2026-09-27T08:05:19.992073Z,official_previous_season_stats_unmatched,0.0,True,1.0,0.0,,,1.0
188,7,3,Victor Torp,Torp,Coventry City,COV,Midfielder,5.3,3,1.0,0.5,53,0.1,a,,,,,53,0.5660377358490566,3,5.09,0,0,13,1,0,2,226965,2.0,,2.0,,2.0,,2026-27,0c133121c3637cccea64e7dc70a58d499d53501a46c780f65d6f89cd020d52e9,2026-09-27T08:05:19.992073Z,official_previous_season_stats_unmatched,0.0,True,1.0,0.0,,,1.0
559,17,3,Aladji Bamba,Bamba,Newcastle,NEW,Midfielder,4.9,3,1.0,0.5,27,0.1,a,,,,,49,0.6122448979591836,8,26.67,0,0,12,3,3,2,632794,,,,,,,2026-27,0c133121c3637cccea64e7dc70a58d499d53501a46c780f65d6f89cd020d52e9,2026-09-27T08:05:19.992073Z,official_previous_season_stats_unmatched,0.0,False,1.0,0.0,,,1.0
608,3,4,Daniel Jebbison,Jebbison,Bournemouth,BOU,Forward,5.0,3,1.0,0.5,31,0.1,a,,,,,50,0.6,1,2.9,0,0,13,0,0,1,523700,,,,,,,2026-27,0c133121c3637cccea64e7dc70a58d499d53501a46c780f65d6f89cd020d52e9,2026-09-27T08:05:19.992073Z,official_previous_season_stats_unmatched,0.0,False,1.0,0.0,,,1.0
577,8,2,Takehiro Tomiyasu,Tomiyasu,Crystal Palace,CRY,Defender,4.4,3,0.8,0.5,189,0.3,d,75.0,,Calf injury - 75% chance of playing,2026-09-21T13:30:09.030724Z,44,0.6818181818181818,17,8.1,2,0,10,15,2,7,223723,,,,,,,2026-27,0c133121c3637cccea64e7dc70a58d499d53501a46c780f65d6f89cd020d52e9,2026-09-27T08:05:19.992073Z,official_previous_season_stats_unmatched,0.0,False,0.75,0.0,,,0.8
515,19,3,James Maddison,Maddison,Spurs,TOT,Midfielder,6.3,3,1.0,1.0,59,0.4,a,100.0,100.0,,2026-08-25T14:30:07.623508Z,63,0.4761904761904762,11,16.78,0,0,18,3,4,4,172780,,,,,,,2026-27,0c133121c3637cccea64e7dc70a58d499d53501a46c780f65d6f89cd020d52e9,2026-09-27T08:05:19.992073Z,official_2025-26_stats,0.0,False,1.0,0.0,,,1.0
492,7,4,Taiwo Awoniyi,Awoniyi,Coventry City,COV,Forward,5.4,3,0.8,1.0,232,0.4,s,0.0,0.0,Suspended until 19 Oct,2026-09-13T15:00:09.305127Z,54,0.5555555555555555,11,4.27,3,0,11,3,1,7,210156,5.0,,,,,,2026-27,0c133121c3637cccea64e7dc70a58d499d53501a46c780f65d6f89cd020d52e9,2026-09-27T08:05:19.992073Z,official_2025-26_stats,0.0,True,0.0,0.0,,,0.8
241,8,3,Dwight McNeil,McNeil,Crystal Palace,CRY,Midfielder,5.4,3,1.5,0.3333333333333333,84,0.1,a,,,,,54,0.5555555555555555,7,7.5,1,0,13,4,0,3,433154,,,,,,,2026-27,0c133121c3637cccea64e7dc70a58d499d53501a46c780f65d6f89cd020d52e9,2026-09-27T08:05:19.992073Z,official_2025-26_stats,0.3157894736842105,False,1.0,0.0,,,1.5
600,5,3,Ibrahim Osman,Osman,Brighton,BHA,Midfielder,5.0,3,1.0,0.5,40,0.0,a,,,,,50,0.6,4,9.0,0,0,15,0,1,3,612855,,,,,,,2026-27,0c133121c3637cccea64e7dc70a58d499d53501a46c780f65d6f89cd020d52e9,2026-09-27T08:05:19.992073Z,official_previous_season_stats_unmatched,0.0,False,1.0,0.0,,,1.0
457,17,3,Jacob Murphy,J.Murphy,Newcastle,NEW,Midfielder,5.9,3,0.6,1.6666666666666667,181,0.1,a,,,,,59,0.5084745762711864,18,8.95,2,0,21,4,4,10,114243,,,,,4.0,,2026-27,0c133121c3637cccea64e7dc70a58d499d53501a46c780f65d6f89cd020d52e9,2026-09-27T08:05:19.992073Z,official_2025-26_stats,0.4473684210526316,False,1.0,0.0,,,0.6
375,14,3,Trey Nyoni,Nyoni,Liverpool,LIV,Midfielder,4.9,3,1.0,0.3333333333333333,38,0.0,a,,,,,49,0.6122448979591836,10,23.68,0,0,9,6,2,2,591386,,,,,,,2026-27,0c133121c3637cccea64e7dc70a58d499d53501a46c780f65d6f89cd020d52e9,2026-09-27T08:05:19.992073Z,official_2025-26_stats,0.0,False,1.0,0.0,,,1.0
631,2,3,Ibrahim Mbaye,Mbaye,Aston Villa,AVL,Midfielder,6.0,2,1.0,0.7,33,0.1,a,,,,,60,0.3333333333333333,2,5.45,0,0,8,0,1,1,638987,,,,,,,2026-27,0c133121c3637cccea64e7dc70a58d499d53501a46c780f65d6f89cd020d52e9,2026-09-27T08:05:19.992073Z,official_previous_season_stats_unmatched,0.0,False,1.0,0.0,,,1.0
571,12,3,Florentino Ibrain Morris Luís,Florentino,Ipswich Town,IPS,Midfielder,4.8,2,1.0,4.0,30,0.1,a,100.0,100.0,,2026-08-25T11:30:07.678802Z,48,0.4166666666666667,2,6.0,0,0,9,1,1,0,216055,,,,,,,2026-27,0c133121c3637cccea64e7dc70a58d499d53501a46c780f65d6f89cd020d52e9,2026-09-27T08:05:19.992073Z,official_2025-26_stats,0.6052631578947368,True,1.0,0.0,,,1.0
54,2,3,Joao Gomes,Gomes,Aston Villa,AVL,Midfielder,5.5,2,1.0,1.0,129,0.0,a,100.0,100.0,,2026-09-16T19:30:08.742410Z,55,0.36363636363636365,20,13.95,2,0,11,6,9,5,448089,,,,,,,2026-27,0c133121c3637cccea64e7dc70a58d499d53501a46c780f65d6f89cd020d52e9,2026-09-27T08:05:19.992073Z,official_previous_season_stats_unmatched,0.0,False,1.0,0.0,,,1.0
25,1,4,Viktor Gyökeres,Gyökeres,Arsenal,ARS,Forward,7.1,2,1.0,1.3333333333333333,29,3.1,a,,,,,71,0.28169014084507044,1,3.1,0,0,7,0,0,1,224117,2.0,,,,,,2026-27,0c133121c3637cccea64e7dc70a58d499d53501a46c780f65d6f89cd020d52e9,2026-09-27T08:05:19.992073Z,official_2025-26_stats,0.5526315789473685,False,1.0,0.0,,,1.0
300,12,1,Christian Walton,Walton,Ipswich Town,IPS,Goalkeeper,4.4,2,2.0,0.5,90,0.4,a,,,,,44,0.45454545454545453,0,0.0,1,0,10,2,0,17,108813,,,,,,,2026-27,0c133121c3637cccea64e7dc70a58d499d53501a46c780f65d6f89cd020d52e9,2026-09-27T08:05:19.992073Z,official_previous_season_stats_unmatched,0.0,True,1.0,0.0,,,2.0
318,12,3,Jaden Philogene,Philogene,Ipswich Town,IPS,Midfielder,5.4,2,1.0,0.5,52,0.1,a,100.0,100.0,,2026-08-25T11:30:07.532993Z,54,0.37037037037037035,4,6.92,0,0,11,0,0,4,481624,3.0,,,,5.0,,2026-27,0c133121c3637cccea64e7dc70a58d499d53501a46c780f65d6f89cd020d52e9,2026-09-27T08:05:19.992073Z,official_previous_season_stats_unmatched,0.0,True,1.0,0.0,,,1.0
548,20,3,Chris Rigg,Rigg,Sunderland,SUN,Midfielder,4.9,2,1.0,1.6666666666666667,17,0.0,a,,,,,49,0.4081632653061224,1,5.29,0,0,6,0,0,1,554197,,,,,,,2026-27,0c133121c3637cccea64e7dc70a58d499d53501a46c780f65d6f89cd020d52e9,2026-09-27T08:05:19.992073Z,official_2025-26_stats,0.18421052631578946,False,1.0,0.0,,,1.0
637,11,4,Robinio Vaz,Vaz,Hull City,HUL,Forward,5.0,2,1.0,0.7,20,0.1,a,,,,,50,0.4,2,9.0,0,0,8,0,0,2,631000,,,,,,,2026-27,0c133121c3637cccea64e7dc70a58d499d53501a46c780f65d6f89cd020d52e9,2026-09-27T08:05:19.992073Z,official_previous_season_stats_unmatched,0.0,True,1.0,0.0,,,1.0
9,1,2,Piero Hincapié,Hincapie,Arsenal,ARS,Defender,5.2,2,1.0,1.0,32,0.9,a,,,,,52,0.3846153846153846,3,8.44,0,0,6,2,1,0,448104,,,,,,,2026-27,0c133121c3637cccea64e7dc70a58d499d53501a46c780f65d6f89cd020d52e9,2026-09-27T08:05:19.992073Z,official_2025-26_stats,0.4473684210526316,False,1.0,0.0,,,1.0
339,13,3,Sean Longstaff,Longstaff,Leeds,LEE,Midfielder,4.9,2,1.0,0.6666666666666666,10,0.1,a,,,,,49,0.4081632653061224,0,0.0,0,0,7,0,0,0,180135,,,3.0,,3.0,,2026-27,0c133121c3637cccea64e7dc70a58d499d53501a46c780f65d6f89cd020d52e9,2026-09-27T08:05:19.992073Z,official_2025-26_stats,0.23684210526315788,False,1.0,0.0,,,1.0
527,19,4,Richarlison de Andrade,Richarlison,Spurs,TOT,Forward,5.9,2,2.0,3.6666666666666665,67,0.6,u,0.0,0.0,not included in squad.,2026-09-04T12:32:39.183614Z,59,0.3389830508474576,1,1.34,1,0,6,1,0,0,212319,,,,,,,2026-27,0c133121c3637cccea64e7dc70a58d499d53501a46c780f65d6f89cd020d52e9,2026-09-27T08:05:19.992073Z,official_2025-26_stats,0.0,False,0.0,0.0,,,2.0
281,11,2,Cody Drameh,Drameh,Hull City,HUL,Defender,4.0,2,1.0,0.2,65,0.0,u,0.0,0.0,Has joined Genoa permanently,2026-09-02T16:09:06.479140Z,40,0.5,6,8.31,0,0,8,5,1,4,433590,,,,,,,2026-27,0c133121c3637cccea64e7dc70a58d499d53501a46c780f65d6f89cd020d52e9,2026-09-27T08:05:19.992073Z,official_previous_season_stats_unmatched,0.0,True,0.0,0.0,,,1.0
223,8,4,Jean-Philippe Mateta,Mateta,Crystal Palace,CRY,Forward,6.3,2,2.0,4.333333333333333,62,1.3,i,0.0,0.0,Hamstring injury - Expected back 11 Oct,2026-08-28T21:00:08.020382Z,63,0.31746031746031744,5,7.26,1,0,-3,1,2,2,231747,1.0,,,,,,2026-27,0c133121c3637cccea64e7dc70a58d499d53501a46c780f65d6f89cd020d52e9,2026-09-27T08:05:19.992073Z,official_2025-26_stats,0.0,False,0.0,0.0,,,2.0
248,9,4,Norberto Bercique Gomes Betuncal,Beto,Everton,EVE,Forward,5.4,2,1.0,3.6666666666666665,31,0.6,u,0.0,0.0,Has joined Fiorentina permanently,2026-09-02T16:05:23.357221Z,54,0.37037037037037035,1,2.9,0,0,5,1,0,0,486385,,,,,,,2026-27,0c133121c3637cccea64e7dc70a58d499d53501a46c780f65d6f89cd020d52e9,2026-09-27T08:05:19.992073Z,official_2025-26_stats,0.0,False,0.0,0.0,,,1.0
164,6,3,Geovany Quenda,Quenda,Chelsea,CHE,Midfielder,5.3,2,1.0,0.2,27,0.0,a,100.0,100.0,,2026-07-24T20:30:10.609931Z,53,0.37735849056603776,1,3.33,0,0,5,1,0,0,593117,,,,,,,2026-27,0c133121c3637cccea64e7dc70a58d499d53501a46c780f65d6f89cd020d52e9,2026-09-27T08:05:19.992073Z,official_previous_season_stats_unmatched,0.0,False,1.0,0.0,,,1.0
364,14,2,Kostas Tsimikas,Tsimikas,Liverpool,LIV,Defender,4.9,2,1.0,0.5,64,0.1,a,,,,,49,0.4081632653061224,3,4.22,1,0,6,2,1,3,214285,,,,,,,2026-27,0c133121c3637cccea64e7dc70a58d499d53501a46c780f65d6f89cd020d52e9,2026-09-27T08:05:19.992073Z,official_previous_season_stats_unmatched,0.0,False,1.0,0.0,,,1.0
357,14,2,Jeremie Frimpong,Frimpong,Liverpool,LIV,Defender,5.3,2,0.7,1.0,178,1.8,a,,,,,53,0.37735849056603776,12,6.07,2,0,24,8,4,7,216094,,,,,,,2026-27,0c133121c3637cccea64e7dc70a58d499d53501a46c780f65d6f89cd020d52e9,2026-09-27T08:05:19.992073Z,official_2025-26_stats,0.2631578947368421,False,1.0,0.0,,,0.7
240,11,3,Tim Iroegbunam,Iroegbunam,Hull City,HUL,Midfielder,5.0,2,0.7,2.3333333333333335,70,0.0,a,100.0,100.0,,2026-08-15T20:00:06.878792Z,50,0.4,9,11.57,0,0,10,1,3,5,490094,,,,,,,2026-27,0c133121c3637cccea64e7dc70a58d499d53501a46c780f65d6f89cd020d52e9,2026-09-27T08:05:19.992073Z,official_2025-26_stats,0.42105263157894735,True,1.0,0.0,,,0.7
212,8,3,Will Hughes,Hughes,Crystal Palace,CRY,Midfielder,4.4,2,1.0,1.0,29,7.3,a,,,,,44,0.45454545454545453,7,21.72,0,0,9,3,1,3,108413,,,,,4.0,,2026-27,0c133121c3637cccea64e7dc70a58d499d53501a46c780f65d6f89cd020d52e9,2026-09-27T08:05:19.992073Z,official_2025-26_stats,0.34210526315789475,False,1.0,0.0,,,1.0
232,9,2,Jake O'Brien,O'Brien,Everton,EVE,Defender,4.8,2,1.0,0.6666666666666666,16,0.3,a,,,,,48,0.4166666666666667,2,11.25,0,0,5,2,0,2,512462,,,,,,,2026-27,0c133121c3637cccea64e7dc70a58d499d53501a46c780f65d6f89cd020d52e9,2026-09-27T08:05:19.992073Z,official_2025-26_stats,0.9473684210526315,False,1.0,0.0,,,1.0
207,8,2,Oscar Mingueza,Mingueza,Crystal Palace,CRY,Defender,4.4,2,1.0,0.5,16,0.1,a,,,,,44,0.45454545454545453,2,11.25,0,0,5,0,2,1,242313,,,,,,,2026-27,0c133121c3637cccea64e7dc70a58d499d53501a46c780f65d6f89cd020d52e9,2026-09-27T08:05:19.992073Z,official_previous_season_stats_unmatched,0.0,False,1.0,0.0,,,1.0
595,8,3,Zavier Gozo,Gozo,Crystal Palace,CRY,Midfielder,4.9,2,1.0,0.5,28,0.0,a,,,,,49,0.4081632653061224,1,3.21,0,0,6,0,1,0,559152,,,,,,,2026-27,0c133121c3637cccea64e7dc70a58d499d53501a46c780f65d6f89cd020d52e9,2026-09-27T08:05:19.992073Z,official_previous_season_stats_unmatched,0.0,False,1.0,0.0,,,1.0
101,6,3,Jordan Henderson,Henderson,Chelsea,CHE,Midfielder,4.9,2,2.0,0.3333333333333333,90,0.0,a,100.0,50.0,,2026-08-09T09:30:07.136250Z,49,0.4081632653061224,10,10.0,1,0,16,2,1,7,56979,,,,,,,2026-27,0c133121c3637cccea64e7dc70a58d499d53501a46c780f65d6f89cd020d52e9,2026-09-27T08:05:19.992073Z,official_2025-26_stats,0.5,False,1.0,0.0,,,2.0
42,8,3,Evann Guessand,Guessand,Crystal Palace,CRY,Midfielder,5.4,2,1.0,0.6666666666666666,54,0.0,a,,,,,54,0.37037037037037035,2,3.33,0,0,6,1,1,0,485337,,,,,,,2026-27,0c133121c3637cccea64e7dc70a58d499d53501a46c780f65d6f89cd020d52e9,2026-09-27T08:05:19.992073Z,official_2025-26_stats,0.18421052631578946,False,1.0,0.0,,,1.0
621,15,3,Ryan McAidoo,McAidoo,Man City,MCI,Midfielder,4.5,2,1.0,0.5,11,0.1,a,,,,,45,0.4444444444444444,4,32.73,0,0,8,0,2,2,616288,,,,,,,2026-27,0c133121c3637cccea64e7dc70a58d499d53501a46c780f65d6f89cd020d52e9,2026-09-27T08:05:19.992073Z,official_previous_season_stats_unmatched,0.0,False,1.0,0.0,,,1.0
616,15,3,Ayyoub Bouaddi,Bouaddi,Man City,MCI,Midfielder,5.5,2,1.0,0.5,22,0.2,a,,,,,55,0.36363636363636365,6,24.55,0,0,8,3,0,3,637238,,,,,,,2026-27,0c133121c3637cccea64e7dc70a58d499d53501a46c780f65d6f89cd020d52e9,2026-09-27T08:05:19.992073Z,official_previous_season_stats_unmatched,0.0,False,1.0,0.0,,,1.0
406,15,3,Mateo Kovačić,Kovačić,Man City,MCI,Midfielder,5.4,2,1.0,1.0,42,0.1,a,,,,,54,0.37037037037037035,2,4.29,0,0,12,0,0,2,91651,,,,,,,2026-27,0c133121c3637cccea64e7dc70a58d499d53501a46c780f65d6f89cd020d52e9,2026-09-27T08:05:19.992073Z,official_2025-26_stats,0.0,False,1.0,0.0,,,1.0
140,6,1,Robert Lynch Sánchez,Sánchez,Chelsea,CHE,Goalkeeper,4.9,2,2.0,1.3333333333333333,90,0.7,u,0.0,0.0,Has joined Como on loan for the rest of the season,2026-09-02T16:20:41.841936Z,49,0.4081632653061224,0,0.0,1,0,6,1,0,5,215059,,,,,,,2026-27,0c133121c3637cccea64e7dc70a58d499d53501a46c780f65d6f89cd020d52e9,2026-09-27T08:05:19.992073Z,official_2025-26_stats,0.0,False,0.0,0.0,,,2.0
126,5,3,Matt O'Riley,O'Riley,Brighton,BHA,Midfielder,5.4,2,1.0,0.0,10,0.1,a,,,,,54,0.37037037037037035,3,27.0,0,0,6,2,0,1,219249,3.0,,,,,,2026-27,0c133121c3637cccea64e7dc70a58d499d53501a46c780f65d6f89cd020d52e9,2026-09-27T08:05:19.992073Z,official_2025-26_stats,0.05263157894736842,False,1.0,0.0,,,1.0
420,16,2,Leny Yoro,Yoro,Man Utd,MUN,Defender,4.8,2,1.0,0.3333333333333333,22,0.5,a,,,,,48,0.4166666666666667,5,20.45,0,0,-1,3,2,1,550864,,,,,,,2026-27,0c133121c3637cccea64e7dc70a58d499d53501a46c780f65d6f89cd020d52e9,2026-09-27T08:05:19.992073Z,official_2025-26_stats,0.4473684210526316,False,1.0,0.0,,,1.0
620,4,2,El Hadji Malick Diouf,Diouf,Brentford,BRE,Defender,4.5,2,1.0,2.6666666666666665,39,0.1,a,,,,,45,0.4444444444444444,2,4.62,0,0,7,2,0,1,613804,,,,,,,2026-27,0c133121c3637cccea64e7dc70a58d499d53501a46c780f65d6f89cd020d52e9,2026-09-27T08:05:19.992073Z,official_2025-26_stats,0.7894736842105263,False,1.0,0.0,,,1.0
440,16,4,Joshua Zirkzee,Zirkzee,Man Utd,MUN,Forward,5.3,2,1.0,1.0,20,0.4,a,,,,,53,0.37735849056603776,4,18.0,0,0,8,2,0,2,458249,,,,,,,2026-27,0c133121c3637cccea64e7dc70a58d499d53501a46c780f65d6f89cd020d52e9,2026-09-27T08:05:19.992073Z,official_2025-26_stats,0.10526315789473684,False,1.0,0.0,,,1.0
446,17,2,Fabian Schär,Schär,Newcastle,NEW,Defender,4.9,2,1.0,0.0,25,0.2,a,100.0,100.0,,2026-08-15T16:30:07.209742Z,49,0.4081632653061224,7,25.2,0,0,0,7,0,0,119471,,,2.0,,,,2026-27,0c133121c3637cccea64e7dc70a58d499d53501a46c780f65d6f89cd020d52e9,2026-09-27T08:05:19.992073Z,official_2025-26_stats,0.2894736842105263,False,1.0,0.0,,,1.0
16,1,3,Noni Madueke,Madueke,Arsenal,ARS,Midfielder,6.2,2,1.0,4.0,23,0.2,a,,,,,62,0.3225806451612903,3,11.74,0,0,11,0,1,2,248857,,,,,5.0,,2026-27,0c133121c3637cccea64e7dc70a58d499d53501a46c780f65d6f89cd020d52e9,2026-09-27T08:05:19.992073Z,official_2025-26_stats,0.2631578947368421,False,1.0,0.0,,,1.0
81,3,4,Álvaro Rodríguez,Rodríguez,Bournemouth,BOU,Forward,6.0,2,1.0,0.5,10,0.1,a,100.0,100.0,,2026-08-15T16:30:07.054142Z,60,0.3333333333333333,1,9.0,0,0,7,0,0,1,561245,,,,,,,2026-27,0c133121c3637cccea64e7dc70a58d499d53501a46c780f65d6f89cd020d52e9,2026-09-27T08:05:19.992073Z,official_previous_season_stats_unmatched,0.0,False,1.0,0.0,,,1.0
76,3,3,Alex Tóth,Tóth.A,Bournemouth,BOU,Midfielder,4.9,2,1.0,0.6666666666666666,17,0.0,a,,,,,49,0.4081632653061224,2,10.59,0,0,8,0,1,1,614574,,,,,,,2026-27,0c133121c3637cccea64e7dc70a58d499d53501a46c780f65d6f89cd020d52e9,2026-09-27T08:05:19.992073Z,official_2025-26_stats,0.0,False,1.0,0.0,,,1.0
20,1,3,Max Dowman,Dowman,Arsenal,ARS,Midfielder,5.3,1,1.0,1.0,9,0.1,a,,,,,53,0.18867924528301888,0,0.0,0,0,4,0,0,0,616077,,,,,,,2026-27,0c133121c3637cccea64e7dc70a58d499d53501a46c780f65d6f89cd020d52e9,2026-09-27T08:05:19.992073Z,official_2025-26_stats,0.02631578947368421,False,1.0,0.0,,,1.0
321,12,4,Sindre Walle Egeli,Walle Egeli,Ipswich Town,IPS,Forward,4.5,1,1.0,0.0,10,3.5,a,,,,,45,0.2222222222222222,0,0.0,0,0,3,0,0,0,557012,,,,,,,2026-27,0c133121c3637cccea64e7dc70a58d499d53501a46c780f65d6f89cd020d52e9,2026-09-27T08:05:19.992073Z,official_previous_season_stats_unmatched,0.0,True,1.0,0.0,,,1.0
662,6,3,Mahdi Nicoll-Jazuli,Nicoll-Jazuli,Chelsea,CHE,Midfielder,4.5,1,1.0,1.0,3,0.0,a,,,,,45,0.2222222222222222,2,60.0,0,0,5,0,2,0,636846,,,,,,,2026-27,0c133121c3637cccea64e7dc70a58d499d53501a46c780f65d6f89cd020d52e9,2026-09-27T08:05:19.992073Z,official_previous_season_stats_unmatched,0.0,False,1.0,0.0,,,1.0
622,15,2,Kaden Braithwaite,Braithwaite,Man City,MCI,Defender,4.0,1,1.0,0.2,1,0.2,a,,,,,40,0.25,0,0.0,0,0,3,0,0,1,554054,,,,,,,2026-27,0c133121c3637cccea64e7dc70a58d499d53501a46c780f65d6f89cd020d52e9,2026-09-27T08:05:19.992073Z,official_previous_season_stats_unmatched,0.0,False,1.0,0.0,,,1.0
430,16,3,Mason Mount,Mount,Man Utd,MUN,Midfielder,5.4,1,1.0,3.3333333333333335,10,0.0,a,100.0,100.0,,2026-08-15T16:00:07.879135Z,54,0.18518518518518517,1,9.0,0,0,3,0,0,1,184341,,,4.0,,,,2026-27,0c133121c3637cccea64e7dc70a58d499d53501a46c780f65d6f89cd020d52e9,2026-09-27T08:05:19.992073Z,official_2025-26_stats,0.2631578947368421,False,1.0,0.0,,,1.0
135,5,3,Zadok Yohanna,Yohanna,Brighton,BHA,Midfielder,4.8,1,1.0,0.0,12,0.0,i,0.0,0.0,Unspecified injury - Expected back 10 Oct,2026-09-10T13:00:08.617941Z,48,0.20833333333333334,0,0.0,0,0,3,0,0,0,700308,,,,,,,2026-27,0c133121c3637cccea64e7dc70a58d499d53501a46c780f65d6f89cd020d52e9,2026-09-27T08:05:19.992073Z,official_previous_season_stats_unmatched,0.0,False,0.0,0.0,,,1.0
213,8,3,Jefferson Lerma Solís,Lerma,Crystal Palace,CRY,Midfielder,4.8,1,0.5,2.3333333333333335,51,0.1,a,,,,,48,0.20833333333333334,12,21.18,0,0,6,7,2,3,152551,,,,,,,2026-27,0c133121c3637cccea64e7dc70a58d499d53501a46c780f65d6f89cd020d52e9,2026-09-27T08:05:19.992073Z,official_2025-26_stats,0.42105263157894735,False,1.0,0.0,,,0.5
243,9,3,Carlos Alcaraz Durán,Alcaraz,Everton,EVE,Midfielder,4.9,1,0.5,0.6666666666666666,5,0.1,a,,,,,49,0.2040816326530612,3,54.0,0,0,5,0,1,2,502697,,,,,,,2026-27,0c133121c3637cccea64e7dc70a58d499d53501a46c780f65d6f89cd020d52e9,2026-09-27T08:05:19.992073Z,official_2025-26_stats,0.18421052631578946,False,1.0,0.0,,,0.5
421,16,2,Ayden Heaven,Heaven,Man Utd,MUN,Defender,4.4,1,1.0,0.0,90,0.3,a,,,,,44,0.22727272727272727,2,2.0,1,0,5,1,1,4,606745,,,,,,,2026-27,0c133121c3637cccea64e7dc70a58d499d53501a46c780f65d6f89cd020d52e9,2026-09-27T08:05:19.992073Z,official_2025-26_stats,0.2631578947368421,False,1.0,0.0,,,1.0
647,8,3,Darío Osorio,Osorio,Crystal Palace,CRY,Midfielder,5.5,1,1.0,0.3,1,0.0,a,,,,,55,0.18181818181818182,1,90.0,0,0,2,0,1,0,533646,,,,,,,2026-27,0c133121c3637cccea64e7dc70a58d499d53501a46c780f65d6f89cd020d52e9,2026-09-27T08:05:19.992073Z,official_previous_season_stats_unmatched,0.0,False,1.0,0.0,,,1.0
159,6,3,Moisés Caicedo Corozo,Caicedo,Chelsea,CHE,Midfielder,5.3,1,1.0,1.6666666666666667,13,1.0,d,50.0,50.0,Calf injury - 50% chance of playing,2026-08-30T16:00:08.393562Z,53,0.18867924528301888,0,0.0,0,0,3,0,0,0,486672,,,,,,,2026-27,0c133121c3637cccea64e7dc70a58d499d53501a46c780f65d6f89cd020d52e9,2026-09-27T08:05:19.992073Z,official_2025-26_stats,0.5,False,0.5,0.0,,,1.0
245,9,3,Tyler Dibling,Dibling,Everton,EVE,Midfielder,5.4,1,1.0,0.0,24,0.0,a,,,,,54,0.18518518518518517,0,0.0,0,0,10,0,0,0,496661,,,,,,,2026-27,0c133121c3637cccea64e7dc70a58d499d53501a46c780f65d6f89cd020d52e9,2026-09-27T08:05:19.992073Z,official_2025-26_stats,0.05263157894736842,False,1.0,0.0,,,1.0
206,8,2,Chadi Riad Dnanou,Chadi Riad,Crystal Palace,CRY,Defender,4.3,1,1.0,1.6666666666666667,72,0.0,i,0.0,0.0,Knee injury - Unknown return date,2026-08-22T18:00:07.352049Z,43,0.23255813953488372,7,8.75,1,0,7,6,1,3,515621,,,,,,,2026-27,0c133121c3637cccea64e7dc70a58d499d53501a46c780f65d6f89cd020d52e9,2026-09-27T08:05:19.992073Z,official_2025-26_stats,0.0,False,0.0,0.0,,,1.0
435,16,3,Shea Lacey,Lacey,Man Utd,MUN,Midfielder,4.9,1,1.0,0.3333333333333333,10,0.1,a,,,,,49,0.2040816326530612,1,9.0,0,0,3,0,0,1,576628,,,,,,,2026-27,0c133121c3637cccea64e7dc70a58d499d53501a46c780f65d6f89cd020d52e9,2026-09-27T08:05:19.992073Z,official_2025-26_stats,0.0,False,1.0,0.0,,,1.0
89,4,2,Rico Henry,Henry,Brentford,BRE,Defender,4.4,1,1.0,0.0,2,0.2,a,,,,,44,0.22727272727272727,0,0.0,0,0,3,0,0,0,194010,,,,,,,2026-27,0c133121c3637cccea64e7dc70a58d499d53501a46c780f65d6f89cd020d52e9,2026-09-27T08:05:19.992073Z,official_2025-26_stats,0.34210526315789475,False,1.0,0.0,,,1.0
641,13,2,Melvin Bard,Bard,Leeds,LEE,Defender,4.5,1,1.0,0.3,18,0.0,a,,,,,45,0.2222222222222222,2,10.0,0,0,1,1,1,2,437497,,,,,,,2026-27,0c133121c3637cccea64e7dc70a58d499d53501a46c780f65d6f89cd020d52e9,2026-09-27T08:05:19.992073Z,official_previous_season_stats_unmatched,0.0,False,1.0,0.0,,,1.0
400,15,3,Jérémy Doku,Doku,Man City,MCI,Midfielder,7.4,1,1.0,5.0,15,0.7,a,100.0,75.0,,2026-08-18T17:00:08.385597Z,74,0.13513513513513511,2,12.0,0,0,7,1,0,1,248875,3.0,,,,,,2026-27,0c133121c3637cccea64e7dc70a58d499d53501a46c780f65d6f89cd020d52e9,2026-09-27T08:05:19.992073Z,official_2025-26_stats,0.4473684210526316,False,1.0,0.0,,,1.0
285,11,2,Paddy McNair,McNair,Hull City,HUL,Defender,4.0,1,1.0,0.0,26,0.1,a,100.0,100.0,,2026-09-09T13:30:08.327907Z,40,0.25,2,6.92,0,0,3,2,0,1,160817,,,,,,,2026-27,0c133121c3637cccea64e7dc70a58d499d53501a46c780f65d6f89cd020d52e9,2026-09-27T08:05:19.992073Z,official_previous_season_stats_unmatched,0.0,True,1.0,0.0,,,1.0
396,15,2,Vitor de Oliveira Nunes dos Reis,Vitor Reis,Man City,MCI,Defender,4.5,1,1.0,0.2,1,0.0,a,,,,,45,0.2222222222222222,0,0.0,0,0,3,0,0,0,616222,,,,,,,2026-27,0c133121c3637cccea64e7dc70a58d499d53501a46c780f65d6f89cd020d52e9,2026-09-27T08:05:19.992073Z,official_previous_season_stats_unmatched,0.0,False,1.0,0.0,,,1.0
5,1,2,Jurriën Timber,J.Timber,Arsenal,ARS,Defender,6.5,1,0.5,0.0,104,0.4,a,100.0,100.0,,2026-07-23T12:01:23.272929Z,65,0.15384615384615385,5,4.33,1,0,-3,2,3,7,445122,,,,,,,2026-27,0c133121c3637cccea64e7dc70a58d499d53501a46c780f65d6f89cd020d52e9,2026-09-27T08:05:19.992073Z,official_2025-26_stats,0.6578947368421053,False,1.0,0.0,,,0.5
395,15,2,Rico Lewis,Lewis,Man City,MCI,Defender,4.4,1,1.0,0.0,56,0.2,a,,,,,44,0.22727272727272727,2,3.21,1,0,-1,2,0,0,477064,,,,,,,2026-27,0c133121c3637cccea64e7dc70a58d499d53501a46c780f65d6f89cd020d52e9,2026-09-27T08:05:19.992073Z,official_2025-26_stats,0.10526315789473684,False,1.0,0.0,,,1.0
308,12,2,Darnell Furlong,Furlong,Ipswich Town,IPS,Defender,3.9,1,1.0,0.2,17,0.6,a,,,,,39,0.25641025641025644,3,15.88,0,0,-1,2,1,0,176420,,,,,,,2026-27,0c133121c3637cccea64e7dc70a58d499d53501a46c780f65d6f89cd020d52e9,2026-09-27T08:05:19.992073Z,official_previous_season_stats_unmatched,0.0,True,1.0,0.0,,,1.0
482,18,3,Callum Hudson-Odoi,Hudson-Odoi,Nott'm Forest,NFO,Midfielder,5.8,1,1.0,0.0,1,0.1,a,100.0,100.0,,2026-07-23T12:01:23.832709Z,58,0.1724137931034483,0,0.0,0,0,2,0,0,0,209046,,,4.0,,,,2026-27,0c133121c3637cccea64e7dc70a58d499d53501a46c780f65d6f89cd020d52e9,2026-09-27T08:05:19.992073Z,official_2025-26_stats,0.4473684210526316,False,1.0,0.0,,,1.0
208,8,3,Ismaïla Sarr,Sarr,Crystal Palace,CRY,Midfielder,6.2,1,1.0,5.333333333333333,8,0.6,a,100.0,100.0,,2026-08-22T18:00:07.363165Z,62,0.16129032258064516,0,0.0,0,0,3,0,0,0,232185,2.0,,,,,,2026-27,0c133121c3637cccea64e7dc70a58d499d53501a46c780f65d6f89cd020d52e9,2026-09-27T08:05:19.992073Z,official_2025-26_stats,0.5789473684210527,False,1.0,0.0,,,1.0
578,19,3,Mykhailo Mudryk,Mudryk,Spurs,TOT,Midfielder,5.3,1,1.0,0.2,16,0.0,i,0.0,0.0,Ankle injury - Unknown return date,2026-09-11T18:00:09.154412Z,53,0.18867924528301888,0,0.0,0,0,3,0,0,0,465920,,,,,,,2026-27,0c133121c3637cccea64e7dc70a58d499d53501a46c780f65d6f89cd020d52e9,2026-09-27T08:05:19.992073Z,official_previous_season_stats_unmatched,0.0,False,0.0,0.0,,,1.0
599,7,4,Sidiki Cherif,Cherif,Coventry City,COV,Forward,5.0,1,1.0,0.2,30,0.1,a,,,,,50,0.2,1,3.0,0,0,3,1,0,0,627221,,,,,,,2026-27,0c133121c3637cccea64e7dc70a58d499d53501a46c780f65d6f89cd020d52e9,2026-09-27T08:05:19.992073Z,official_previous_season_stats_unmatched,0.0,True,1.0,0.0,,,1.0
147,19,2,Tosin Adarabioyo,Tosin,Spurs,TOT,Defender,4.4,1,1.0,0.0,5,0.1,a,,,,,44,0.22727272727272727,4,72.0,0,0,5,2,2,1,109646,,,,,,,2026-27,0c133121c3637cccea64e7dc70a58d499d53501a46c780f65d6f89cd020d52e9,2026-09-27T08:05:19.992073Z,official_2025-26_stats,0.18421052631578946,False,1.0,0.0,,,1.0
153,8,2,Axel Disasi,Disasi,Crystal Palace,CRY,Defender,4.5,1,0.3,3.0,139,0.1,s,0.0,0.0,Suspended until 25 Oct,2026-09-12T15:30:09.445078Z,45,0.2222222222222222,20,12.95,2,0,-6,15,5,11,220362,,,,,,,2026-27,0c133121c3637cccea64e7dc70a58d499d53501a46c780f65d6f89cd020d52e9,2026-09-27T08:05:19.992073Z,official_2025-26_stats,0.0,False,0.0,0.0,,,0.3
648,13,3,Jean-Mattéo Bahoya,Bahoya,Leeds,LEE,Midfielder,5.0,1,1.0,0.3,1,0.0,a,,,,,50,0.2,0,0.0,0,0,5,0,0,0,587982,,,,,,,2026-27,0c133121c3637cccea64e7dc70a58d499d53501a46c780f65d6f89cd020d52e9,2026-09-27T08:05:19.992073Z,official_previous_season_stats_unmatched,0.0,False,1.0,0.0,,,1.0
493,18,4,Arnaud Kalimuendo,Kalimuendo,Nott'm Forest,NFO,Forward,5.4,1,1.0,0.0,1,0.1,a,,,,,54,0.18518518518518517,0,0.0,0,0,3,0,0,0,465680,,,,,,,2026-27,0c133121c3637cccea64e7dc70a58d499d53501a46c780f65d6f89cd020d52e9,2026-09-27T08:05:19.992073Z,official_2025-26_stats,0.0,False,1.0,0.0,,,1.0
487,18,3,Nicolás Domínguez,Dominguez,Nott'm Forest,NFO,Midfielder,4.9,1,1.0,1.3333333333333333,1,0.1,a,,,,,49,0.2040816326530612,0,0.0,0,0,3,0,0,0,250199,,,,,,,2026-27,0c133121c3637cccea64e7dc70a58d499d53501a46c780f65d6f89cd020d52e9,2026-09-27T08:05:19.992073Z,official_2025-26_stats,0.21052631578947367,False,1.0,0.0,,,1.0
185,7,3,Tatsuhiro Sakamoto,Sakamoto,Coventry City,COV,Midfielder,4.8,1,1.0,0.2,31,0.1,a,,,,,48,0.20833333333333334,4,11.61,0,0,8,0,2,2,501459,,,,,,,2026-27,0c133121c3637cccea64e7dc70a58d499d53501a46c780f65d6f89cd020d52e9,2026-09-27T08:05:19.992073Z,official_previous_season_stats_unmatched,0.0,True,1.0,0.0,,,1.0
535,20,2,Omar Alderete,Alderete,Sunderland,SUN,Defender,4.8,1,1.0,3.0,23,0.2,a,100.0,100.0,,2026-08-09T08:30:05.962393Z,48,0.20833333333333334,0,0.0,0,0,2,0,0,2,201895,,,,,,,2026-27,0c133121c3637cccea64e7dc70a58d499d53501a46c780f65d6f89cd020d52e9,2026-09-27T08:05:19.992073Z,official_2025-26_stats,0.8157894736842105,False,1.0,0.0,,,1.0
549,20,3,Chemsdine Talbi,Talbi,Sunderland,SUN,Midfielder,5.3,1,1.0,1.3333333333333333,31,0.1,a,,,,,53,0.18867924528301888,2,5.81,0,0,1,0,0,2,549912,,,,,,,2026-27,0c133121c3637cccea64e7dc70a58d499d53501a46c780f65d6f89cd020d52e9,2026-09-27T08:05:19.992073Z,official_2025-26_stats,0.42105263157894735,False,1.0,0.0,,,1.0
340,11,3,Joe Gelhardt,Gelhardt,Hull City,HUL,Midfielder,5.0,1,1.0,0.2,7,0.0,a,100.0,100.0,,2026-08-17T21:30:07.799839Z,50,0.2,1,12.86,0,0,5,0,0,1,462635,,,,,,,2026-27,0c133121c3637cccea64e7dc70a58d499d53501a46c780f65d6f89cd020d52e9,2026-09-27T08:05:19.992073Z,official_previous_season_stats_unmatched,0.0,True,1.0,0.0,,,1.0
556,11,2,Matt Targett,Targett,Hull City,HUL,Defender,4.0,1,1.0,0.0,5,1.6,d,75.0,75.0,Ankle injury - 75% chance of playing,2026-09-17T14:00:26.419938Z,40,0.25,0,0.0,0,0,3,0,0,1,169359,,,,,,,2026-27,0c133121c3637cccea64e7dc70a58d499d53501a46c780f65d6f89cd020d52e9,2026-09-27T08:05:19.992073Z,official_previous_season_stats_unmatched,0.0,True,0.75,0.0,,,1.0
563,11,3,Hidemasa Morita,Morita,Hull City,HUL,Midfielder,5.0,1,1.0,0.2,45,0.0,i,0.0,0.0,Calf injury - Expected back 11 Oct,2026-09-09T14:00:08.474217Z,50,0.2,3,6.0,1,0,6,2,0,1,445028,,,,,,,2026-27,0c133121c3637cccea64e7dc70a58d499d53501a46c780f65d6f89cd020d52e9,2026-09-27T08:05:19.992073Z,official_previous_season_stats_unmatched,0.0,True,0.0,0.0,,,1.0
574,11,3,Jens Hjertø-Dahl,Hjertø-Dahl,Hull City,HUL,Midfielder,4.9,1,1.0,0.2,8,0.1,a,,,,,49,0.2040816326530612,1,11.25,0,0,4,0,0,1,552946,,,,,,,2026-27,0c133121c3637cccea64e7dc70a58d499d53501a46c780f65d6f89cd020d52e9,2026-09-27T08:05:19.992073Z,official_previous_season_stats_unmatched,0.0,True,1.0,0.0,,,1.0
179,7,2,Joel Latibeaudiere,Latibeaudiere,Coventry City,COV,Defender,4.0,1,1.0,0.2,1,0.0,a,,,,,40,0.25,2,180.0,0,0,3,2,0,0,204813,,,,,,,2026-27,0c133121c3637cccea64e7dc70a58d499d53501a46c780f65d6f89cd020d52e9,2026-09-27T08:05:19.992073Z,official_previous_season_stats_unmatched,0.0,True,1.0,0.0,,,1.0
638,11,2,Brooke Norton-Cuffy,Norton-Cuffy,Hull City,HUL,Defender,4.0,1,0.5,0.3,34,0.2,d,75.0,,Hamstring injury - 75% chance of playing,2026-09-21T08:30:09.561308Z,40,0.25,1,2.65,0,0,3,1,0,4,496181,,,,,,,2026-27,0c133121c3637cccea64e7dc70a58d499d53501a46c780f65d6f89cd020d52e9,2026-09-27T08:05:19.992073Z,official_previous_season_stats_unmatched,0.0,True,0.75,0.0,,,0.5
35,2,3,Lamare Bogarde,Bogarde,Aston Villa,AVL,Midfielder,4.9,1,1.0,1.0,16,0.1,a,,,,,49,0.2040816326530612,1,5.62,0,0,3,1,0,0,515597,,,,,,,2026-27,0c133121c3637cccea64e7dc70a58d499d53501a46c780f65d6f89cd020d52e9,2026-09-27T08:05:19.992073Z,official_2025-26_stats,0.2631578947368421,False,1.0,0.0,,,1.0
547,20,3,Romaine Mundle,Mundle,Sunderland,SUN,Midfielder,4.9,1,1.0,0.0,1,0.0,i,0.0,0.0,Knee injury - Unknown return date,2026-09-09T14:00:08.462705Z,49,0.2040816326530612,1,90.0,0,0,2,1,0,0,461199,,,,,,,2026-27,0c133121c3637cccea64e7dc70a58d499d53501a46c780f65d6f89cd020d52e9,2026-09-27T08:05:19.992073Z,official_2025-26_stats,0.0,False,0.0,0.0,,,1.0
29,2,1,Marco Bizot,M.Bizot,Aston Villa,AVL,Goalkeeper,4.5,1,1.0,0.6666666666666666,90,0.1,i,0.0,0.0,Back injury - Expected back 10 Oct,2026-09-17T07:30:09.058151Z,45,0.2222222222222222,0,0.0,1,0,1,2,0,6,72147,,,,,,,2026-27,0c133121c3637cccea64e7dc70a58d499d53501a46c780f65d6f89cd020d52e9,2026-09-27T08:05:19.992073Z,official_2025-26_stats,0.0,False,0.0,0.0,,,1.0
594,5,4,Promise David,David,Brighton,BHA,Forward,5.9,1,0.5,0.2,23,0.2,a,,,,,59,0.1694915254237288,0,0.0,0,0,-4,0,0,0,538007,2.0,,,,,,2026-27,0c133121c3637cccea64e7dc70a58d499d53501a46c780f65d6f89cd020d52e9,2026-09-27T08:05:19.992073Z,official_previous_season_stats_unmatched,0.0,False,1.0,0.0,,,0.5
539,20,2,Luke O'Nien,O'Nien,Sunderland,SUN,Defender,3.9,1,1.0,3.3333333333333335,66,2.5,a,,,,,39,0.25641025641025644,5,6.82,1,0,1,4,1,4,167512,,,,,,,2026-27,0c133121c3637cccea64e7dc70a58d499d53501a46c780f65d6f89cd020d52e9,2026-09-27T08:05:19.992073Z,official_2025-26_stats,0.15789473684210525,False,1.0,0.0,,,1.0
120,5,2,Michael Svoboda,Svoboda,Brighton,BHA,Defender,5.0,1,1.0,0.2,4,0.1,a,,,,,50,0.2,1,22.5,0,0,5,0,1,1,454490,,,,,,,2026-27,0c133121c3637cccea64e7dc70a58d499d53501a46c780f65d6f89cd020d52e9,2026-09-27T08:05:19.992073Z,official_previous_season_stats_unmatched,0.0,False,1.0,0.0,,,1.0
217,8,3,Matheus França de Oliveira,M.França,Crystal Palace,CRY,Midfielder,4.9,0,3.52,3.52,0,0.0,u,0.0,0.0,Has joined Alverca on loan for the rest of the season,2026-09-11T14:42:19.322912Z,49,0.7183673469387755,0,0.0,0,0,0,0,0,0,536694,,,,,,,2026-27,0c133121c3637cccea64e7dc70a58d499d53501a46c780f65d6f89cd020d52e9,2026-09-27T08:05:19.992073Z,new_player_position_prior,0.0,False,0.0,0.0,,,3.52
216,8,3,Romain Esse,Esse,Crystal Palace,CRY,Midfielder,5.0,0,1.0,0.0,0,0.0,u,0.0,0.0,Has joined Millwall on loan for the rest of the season,2026-09-02T15:41:07.376544Z,50,0.2,0,0.0,0,0,0,0,0,0,606921,,,,,,,2026-27,0c133121c3637cccea64e7dc70a58d499d53501a46c780f65d6f89cd020d52e9,2026-09-27T08:05:19.992073Z,official_2025-26_stats,0.0,False,0.0,0.0,,,1.0
215,8,3,Justin Devenny,Devenny,Crystal Palace,CRY,Midfielder,5.0,0,1.7142857142857142,0.6666666666666666,0,0.0,u,0.0,0.0,Has joined Stoke City permanently,2026-09-02T15:41:07.346849Z,50,0.34285714285714286,0,0.0,0,0,0,0,0,0,489706,3.0,,2.0,,,,2026-27,0c133121c3637cccea64e7dc70a58d499d53501a46c780f65d6f89cd020d52e9,2026-09-27T08:05:19.992073Z,official_2025-26_stats,0.0,False,0.0,0.0,,,1.7142857142857142
205,8,2,Borna Sosa,Sosa,Crystal Palace,CRY,Defender,4.5,0,0.8571428571428571,0.0,0,0.0,u,0.0,0.0,Has joined FC Cologne on loan for the rest of the season,2026-09-02T16:03:25.710518Z,45,0.19047619047619047,0,0.0,0,0,0,0,0,0,218364,,,,,,,2026-27,0c133121c3637cccea64e7dc70a58d499d53501a46c780f65d6f89cd020d52e9,2026-09-27T08:05:19.992073Z,official_2025-26_stats,0.0,False,0.0,0.0,,,0.8571428571428571
655,7,3,Yann Gboho,Gboho,Coventry City,COV,Midfielder,5.5,0,3.4999999999999996,3.4999999999999996,0,0.0,a,,,,,55,0.6363636363636362,0,0.0,0,0,0,0,0,0,242893,,,,,,,2026-27,0c133121c3637cccea64e7dc70a58d499d53501a46c780f65d6f89cd020d52e9,2026-09-27T08:05:19.992073Z,new_player_position_prior,0.4825,True,1.0,0.0,,,3.4999999999999996
322,12,4,Ali Al-Hamadi,Al-Hamadi,Ipswich Town,IPS,Forward,5.0,0,3.559486832980505,3.559486832980505,0,0.1,u,0.0,0.0,Has joined Sheffield Wednesday on loan for the rest of the season,2026-08-27T14:54:10.215357Z,50,0.711897366596101,0,0.0,0,0,0,0,0,0,462387,,,,,,,2026-27,0c133121c3637cccea64e7dc70a58d499d53501a46c780f65d6f89cd020d52e9,2026-09-27T08:05:19.992073Z,new_player_position_prior,0.0,True,0.0,0.0,,,3.559486832980505
319,12,3,Sam Szmodics,Szmodics,Ipswich Town,IPS,Midfielder,5.0,0,3.3499999999999996,3.3499999999999996,0,0.0,u,0.0,0.0,Has joined Derby County on loan for the rest of the season,2026-08-17T13:51:41.713979Z,50,0.6699999999999999,0,0.0,0,0,0,0,0,0,172453,,,,,,,2026-27,0c133121c3637cccea64e7dc70a58d499d53501a46c780f65d6f89cd020d52e9,2026-09-27T08:05:19.992073Z,new_player_position_prior,0.0,True,0.0,0.0,,,3.3499999999999996
317,12,4,George Hirst,Hirst,Ipswich Town,IPS,Forward,5.0,0,3.559486832980505,3.559486832980505,0,0.1,u,0.0,0.0,Has joined Stoke City permanently,2026-08-21T13:06:08.606019Z,50,0.711897366596101,0,0.0,0,0,0,0,0,0,222625,,,,,,,2026-27,0c133121c3637cccea64e7dc70a58d499d53501a46c780f65d6f89cd020d52e9,2026-09-27T08:05:19.992073Z,new_player_position_prior,0.0,True,0.0,0.0,,,3.559486832980505
314,12,3,Chiedozie Ogbene,Ogbene,Ipswich Town,IPS,Midfielder,4.9,0,3.32,3.32,0,0.0,u,0.0,0.0,Has joined Lincoln City on loan until January,2026-09-02T16:04:17.497385Z,49,0.6775510204081632,0,0.0,0,0,0,0,0,0,229164,,,,,,,2026-27,0c133121c3637cccea64e7dc70a58d499d53501a46c780f65d6f89cd020d52e9,2026-09-27T08:05:19.992073Z,new_player_position_prior,0.0,True,0.0,0.0,,,3.32
312,12,3,Jack Taylor,Taylor,Ipswich Town,IPS,Midfielder,4.4,0,3.1999999999999997,3.1999999999999997,0,0.0,i,0.0,0.0,Knee injury - Unknown return date,2026-07-29T18:00:10.319370Z,44,0.7272727272727272,0,0.0,0,0,0,0,0,0,231899,,,,,,,2026-27,0c133121c3637cccea64e7dc70a58d499d53501a46c780f65d6f89cd020d52e9,2026-09-27T08:05:19.992073Z,new_player_position_prior,0.0,True,0.0,0.0,,,3.1999999999999997
197,7,4,Norman Bassette,Bassette,Coventry City,COV,Forward,4.5,0,3.4,3.4,0,0.0,u,0.0,0.0,Has joined KVC Westerlo on loan for the rest of the season,2026-07-28T12:58:50.001768Z,45,0.7555555555555555,0,0.0,0,0,0,0,0,0,549653,,,,,,,2026-27,0c133121c3637cccea64e7dc70a58d499d53501a46c780f65d6f89cd020d52e9,2026-09-27T08:05:19.992073Z,new_player_position_prior,0.0,True,0.0,0.0,,,3.4
196,7,4,Jahnoah Markelo,Markelo,Coventry City,COV,Forward,5.0,0,3.55,3.55,0,0.0,u,0.0,0.0,Has joined Shabab Al-Ahli Dubai permanently,2026-08-17T13:53:55.791223Z,50,0.71,0,0.0,0,0,0,0,0,0,551262,,,,,,,2026-27,0c133121c3637cccea64e7dc70a58d499d53501a46c780f65d6f89cd020d52e9,2026-09-27T08:05:19.992073Z,new_player_position_prior,0.0,True,0.0,0.0,,,3.55
193,7,4,Haji Wright,Wright,Coventry City,COV,Forward,5.4,0,3.6794868329805053,3.6794868329805053,0,0.1,i,0.0,0.0,Thigh injury - Unknown return date,2026-08-14T22:00:07.214508Z,54,0.6813864505519454,0,0.0,0,0,0,0,0,0,176412,1.0,,,,,,2026-27,0c133121c3637cccea64e7dc70a58d499d53501a46c780f65d6f89cd020d52e9,2026-09-27T08:05:19.992073Z,new_player_position_prior,0.0,True,0.0,0.0,,,3.6794868329805053
192,7,3,Kai Andrews,Andrews,Coventry City,COV,Midfielder,4.5,0,3.2164316767251546,3.2164316767251546,0,0.3,u,0.0,0.0,Has joined Oxford United on loan for the rest of the season,2026-08-29T00:35:59.998520Z,45,0.7147625948278121,0,0.0,0,0,0,0,0,0,629397,,,,,,,2026-27,0c133121c3637cccea64e7dc70a58d499d53501a46c780f65d6f89cd020d52e9,2026-09-27T08:05:19.992073Z,new_player_position_prior,0.0,True,0.0,0.0,,,3.2164316767251546
191,7,3,Raphael Borges Rodrigues,Borges Rodrigues,Coventry City,COV,Midfielder,4.5,0,3.209486832980505,3.209486832980505,0,0.1,u,0.0,0.0,Has joined Burton Albion on loan for the rest of the season,2026-09-02T15:44:14.868001Z,45,0.71321929621789,0,0.0,0,0,0,0,0,0,492498,,,,,,,2026-27,0c133121c3637cccea64e7dc70a58d499d53501a46c780f65d6f89cd020d52e9,2026-09-27T08:05:19.992073Z,new_player_position_prior,0.0,True,0.0,0.0,,,3.209486832980505
189,7,3,George Shepherd,Shepherd,Coventry City,COV,Midfielder,4.4,0,3.2164316767251546,3.2164316767251546,0,0.3,a,,,,,44,0.7310071992557169,0,0.0,0,0,0,0,0,0,684268,,,,,,,2026-27,0c133121c3637cccea64e7dc70a58d499d53501a46c780f65d6f89cd020d52e9,2026-09-27T08:05:19.992073Z,new_player_position_prior,0.43369306393762913,True,1.0,0.0,,,3.2164316767251546
187,7,3,Josh Eccles,Eccles,Coventry City,COV,Midfielder,4.8,0,3.2899999999999996,3.2899999999999996,0,0.0,i,0.0,0.0,Unspecified injury - Expected back 12 Oct,2026-09-10T18:30:08.877110Z,48,0.6854166666666666,0,0.0,0,0,0,0,0,0,439668,,,,,,,2026-27,0c133121c3637cccea64e7dc70a58d499d53501a46c780f65d6f89cd020d52e9,2026-09-27T08:05:19.992073Z,new_player_position_prior,0.0,True,0.0,0.0,,,3.2899999999999996
326,13,1,Lucas Estella Perri,Perri,Leeds,LEE,Goalkeeper,4.5,0,2.6875,0.0,0,0.3,u,0.0,0.0,Has joined Torino on loan for the rest of the season,2026-09-01T13:12:39.210133Z,45,0.5972222222222222,0,0.0,0,0,0,0,0,0,201595,,,,,,,2026-27,0c133121c3637cccea64e7dc70a58d499d53501a46c780f65d6f89cd020d52e9,2026-09-27T08:05:19.992073Z,official_2025-26_stats,0.0,False,0.0,0.0,,,2.6875
602,12,3,Cameron Humphreys,Humphreys,Ipswich Town,IPS,Midfielder,4.5,0,3.1999999999999997,3.1999999999999997,0,0.0,u,0.0,0.0,Has joined Huddersfield Town on loan for the rest of the season,2026-09-02T16:04:17.524642Z,45,0.711111111111111,0,0.0,0,0,0,0,0,0,524180,,,,,,,2026-27,0c133121c3637cccea64e7dc70a58d499d53501a46c780f65d6f89cd020d52e9,2026-09-27T08:05:19.992073Z,new_player_position_prior,0.0,True,0.0,0.0,,,3.1999999999999997
554,12,1,Kayne van Oevelen,Van Oevelen,Ipswich Town,IPS,Goalkeeper,4.5,0,3.15,3.15,0,0.0,u,0.0,0.0,Has joined Valencia on loan for the rest of the season,2026-08-25T14:04:09.529320Z,45,0.7,0,0.0,0,0,0,0,0,0,546600,,,,,,,2026-27,0c133121c3637cccea64e7dc70a58d499d53501a46c780f65d6f89cd020d52e9,2026-09-27T08:05:19.992073Z,new_player_position_prior,0.0,True,0.0,0.0,,,3.15
324,12,3,Anis Mehmeti,Mehmeti,Ipswich Town,IPS,Midfielder,4.8,0,3.2899999999999996,3.2899999999999996,0,0.0,a,,,,,48,0.6854166666666666,0,0.0,0,0,0,0,0,0,232457,,,,,,,2026-27,0c133121c3637cccea64e7dc70a58d499d53501a46c780f65d6f89cd020d52e9,2026-09-27T08:05:19.992073Z,new_player_position_prior,0.43875,True,1.0,0.0,,,3.2899999999999996
351,14,1,Giorgi Mamardashvili,Mamardashvili,Liverpool,LIV,Goalkeeper,4.9,0,3.4,1.0,0,0.1,a,,,,,49,0.693877551020408,0,0.0,0,0,0,0,0,0,449027,,,,,,,2026-27,0c133121c3637cccea64e7dc70a58d499d53501a46c780f65d6f89cd020d52e9,2026-09-27T08:05:19.992073Z,official_2025-26_stats,0.23684210526315788,False,1.0,0.0,,,3.4
629,13,1,Michael Zetterer,Zetterer,Leeds,LEE,Goalkeeper,4.0,0,3.2250998007960225,3.2250998007960225,0,0.7,a,,,,,40,0.8062749501990056,0,0.0,0,0,0,0,0,0,155465,,,,,,,2026-27,0c133121c3637cccea64e7dc70a58d499d53501a46c780f65d6f89cd020d52e9,2026-09-27T08:05:19.992073Z,new_player_position_prior,0.44091650066335186,False,1.0,0.0,,,3.2250998007960225
625,13,1,Alex Cairns,Cairns,Leeds,LEE,Goalkeeper,4.0,0,3.2134164078649987,3.2134164078649987,0,0.2,a,,,,,40,0.8033541019662497,0,0.0,0,0,0,0,0,0,97846,,,,,,,2026-27,0c133121c3637cccea64e7dc70a58d499d53501a46c780f65d6f89cd020d52e9,2026-09-27T08:05:19.992073Z,new_player_position_prior,0.43118033988749893,False,1.0,0.0,,,3.2134164078649987
604,13,3,Alfie Cresswell,Cresswell,Leeds,LEE,Midfielder,4.5,0,3.4094868329805053,3.4094868329805053,0,0.1,a,,,,,45,0.7576637406623346,0,0.0,0,0,0,0,0,0,592740,,,,,,,2026-27,0c133121c3637cccea64e7dc70a58d499d53501a46c780f65d6f89cd020d52e9,2026-09-27T08:05:19.992073Z,new_player_position_prior,0.42790569415042096,False,1.0,0.0,,,3.4094868329805053
603,13,2,Jayden Lienou,Lienou,Leeds,LEE,Defender,4.0,0,3.0094868329805053,3.0094868329805053,0,0.1,a,,,,,40,0.7523717082451263,0,0.0,0,0,0,0,0,0,643970,,,,,,,2026-27,0c133121c3637cccea64e7dc70a58d499d53501a46c780f65d6f89cd020d52e9,2026-09-27T08:05:19.992073Z,new_player_position_prior,0.42790569415042096,False,1.0,0.0,,,3.0094868329805053
349,13,4,Mateo Joseph Fernández-Regatillo,Mateo Joseph,Leeds,LEE,Forward,4.5,0,3.6094868329805054,3.6094868329805054,0,0.1,i,0.0,0.0,Knee injury - Unknown return date,2026-07-29T18:00:10.338170Z,45,0.802108185106779,0,0.0,0,0,0,0,0,0,565297,,,,,,,2026-27,0c133121c3637cccea64e7dc70a58d499d53501a46c780f65d6f89cd020d52e9,2026-09-27T08:05:19.992073Z,new_player_position_prior,0.0,False,0.0,0.0,,,3.6094868329805054
348,13,4,Joël Piroe,Piroe,Leeds,LEE,Forward,5.0,0,1.0625,0.6666666666666666,0,0.1,u,0.0,0.0,Has joined West Ham United on loan for the rest of the season,2026-08-19T13:56:14.666726Z,50,0.2125,0,0.0,0,0,0,0,0,0,235826,3.0,,,,,,2026-27,0c133121c3637cccea64e7dc70a58d499d53501a46c780f65d6f89cd020d52e9,2026-09-27T08:05:19.992073Z,official_2025-26_stats,0.0,False,0.0,0.0,,,1.0625
344,13,3,Ilia Gruev,Gruev,Leeds,LEE,Midfielder,5.0,0,2.4347826086956523,0.0,0,0.0,a,100.0,100.0,,2026-08-14T23:00:06.272027Z,50,0.48695652173913045,0,0.0,0,0,0,0,0,0,486520,,,,,,,2026-27,0c133121c3637cccea64e7dc70a58d499d53501a46c780f65d6f89cd020d52e9,2026-09-27T08:05:19.992073Z,official_2025-26_stats,0.3684210526315789,False,1.0,0.0,,,2.4347826086956523
342,13,3,Jack Harrison,Harrison,Leeds,LEE,Midfielder,5.0,0,1.0909090909090908,0.0,0,0.0,u,0.0,0.0,Has joined New England Revolution permanently,2026-07-28T12:59:09.492431Z,50,0.21818181818181817,0,0.0,0,0,0,0,0,0,221399,,,,,,,2026-27,0c133121c3637cccea64e7dc70a58d499d53501a46c780f65d6f89cd020d52e9,2026-09-27T08:05:19.992073Z,official_2025-26_stats,0.0,False,0.0,0.0,,,1.0909090909090908
341,13,3,Wilfried Gnonto,Gnonto,Leeds,LEE,Midfielder,5.0,0,1.4545454545454546,1.0,0,0.0,u,0.0,0.0,Has joined ACF Fiorentina on loan for the rest of the season,2026-09-02T16:04:47.189648Z,50,0.2909090909090909,0,0.0,0,0,0,0,0,0,492859,,,,,,,2026-27,0c133121c3637cccea64e7dc70a58d499d53501a46c780f65d6f89cd020d52e9,2026-09-27T08:05:19.992073Z,official_2025-26_stats,0.0,False,0.0,0.0,,,1.4545454545454546
333,13,2,Sebastiaan Bornauw,Bornauw,Leeds,LEE,Defender,4.5,0,2.0833333333333335,2.6666666666666665,0,0.0,u,0.0,0.0,Has joined Hamburg SV on loan for the rest of the season,2026-08-19T13:56:14.645970Z,45,0.462962962962963,0,0.0,0,0,0,0,0,0,437738,,,,,,,2026-27,0c133121c3637cccea64e7dc70a58d499d53501a46c780f65d6f89cd020d52e9,2026-09-27T08:05:19.992073Z,official_2025-26_stats,0.0,False,0.0,0.0,,,2.0833333333333335
623,7,1,Dan Bentley,Bentley,Coventry City,COV,Goalkeeper,4.0,0,3.0232379000772447,3.0232379000772447,0,0.6,a,,,,,40,0.7558094750193112,0,0.0,0,0,0,0,0,0,79602,,,,,,,2026-27,0c133121c3637cccea64e7dc70a58d499d53501a46c780f65d6f89cd020d52e9,2026-09-27T08:05:19.992073Z,new_player_position_prior,0.43936491673103706,True,1.0,0.0,,,3.0232379000772447
360,14,2,Conor Bradley,Bradley,Liverpool,LIV,Defender,5.0,0,2.8,0.0,0,0.0,i,0.0,0.0,Knee injury - Unknown return date,2026-07-23T12:01:23.565711Z,50,0.5599999999999999,0,0.0,0,0,0,0,0,0,492777,,,,,,,2026-27,0c133121c3637cccea64e7dc70a58d499d53501a46c780f65d6f89cd020d52e9,2026-09-27T08:05:19.992073Z,official_2025-26_stats,0.0,False,0.0,0.0,,,2.8
359,14,2,Joe Gomez,Gomez,Liverpool,LIV,Defender,4.9,0,1.5714285714285714,0.3333333333333333,0,0.0,a,100.0,100.0,,2026-07-26T08:30:10.078473Z,49,0.32069970845481044,0,0.0,0,0,0,0,0,0,171287,,,,,,,2026-27,0c133121c3637cccea64e7dc70a58d499d53501a46c780f65d6f89cd020d52e9,2026-09-27T08:05:19.992073Z,official_2025-26_stats,0.13157894736842105,False,1.0,0.0,,,1.5714285714285714
181,7,2,Miguel Brau,Brau,Coventry City,COV,Defender,4.0,0,2.8,2.8,0,0.0,u,0.0,0.0,Has joined Academico de Viseu on loan for the rest of the season,2026-08-29T00:35:59.980316Z,40,0.7,0,0.0,0,0,0,0,0,0,577411,,,,,,,2026-27,0c133121c3637cccea64e7dc70a58d499d53501a46c780f65d6f89cd020d52e9,2026-09-27T08:05:19.992073Z,new_player_position_prior,0.0,True,0.0,0.0,,,2.8
180,7,2,Luke Woolfenden,Woolfenden,Coventry City,COV,Defender,4.0,0,2.809486832980505,2.809486832980505,0,0.1,i,0.0,0.0,Knee injury - Unknown return date,2026-08-27T14:56:28.718566Z,40,0.7023717082451263,0,0.0,0,0,0,0,0,0,220583,,,,,,,2026-27,0c133121c3637cccea64e7dc70a58d499d53501a46c780f65d6f89cd020d52e9,2026-09-27T08:05:19.992073Z,new_player_position_prior,0.0,True,0.0,0.0,,,2.809486832980505
178,7,2,Jake Bidwell,Bidwell,Coventry City,COV,Defender,4.0,0,2.809486832980505,2.809486832980505,0,0.1,a,,,,,40,0.7023717082451263,0,0.0,0,0,0,0,0,0,80178,,,,,,,2026-27,0c133121c3637cccea64e7dc70a58d499d53501a46c780f65d6f89cd020d52e9,2026-09-27T08:05:19.992073Z,new_player_position_prior,0.42790569415042096,True,1.0,0.0,,,2.809486832980505
177,7,2,Kaine Kesler-Hayden,Kesler-Hayden,Coventry City,COV,Defender,3.9,0,2.8,2.8,0,0.0,i,0.0,0.0,Hamstring injury - Unknown return date,2026-08-27T14:56:28.704361Z,39,0.717948717948718,0,0.0,0,0,0,0,0,0,465390,,,,,,,2026-27,0c133121c3637cccea64e7dc70a58d499d53501a46c780f65d6f89cd020d52e9,2026-09-27T08:05:19.992073Z,new_player_position_prior,0.0,True,0.0,0.0,,,2.8
174,7,2,Liam Kitching,Kitching,Coventry City,COV,Defender,4.0,0,2.8164316767251547,2.8164316767251547,0,0.3,u,0.0,0.0,Has joined Sheffield United on loan for the rest of the season,2026-09-02T16:21:03.612394Z,40,0.7041079191812887,0,0.0,0,0,0,0,0,0,436761,,,,,,,2026-27,0c133121c3637cccea64e7dc70a58d499d53501a46c780f65d6f89cd020d52e9,2026-09-27T08:05:19.992073Z,new_player_position_prior,0.0,True,0.0,0.0,,,2.8164316767251547
172,7,1,Ben Wilson,Wilson,Coventry City,COV,Goalkeeper,4.4,0,3.1389736659610104,3.1389736659610104,0,0.4,a,,,,,44,0.7134031059002296,0,0.0,0,0,0,0,0,0,110690,,,,,,,2026-27,0c133121c3637cccea64e7dc70a58d499d53501a46c780f65d6f89cd020d52e9,2026-09-27T08:05:19.992073Z,new_player_position_prior,0.4608113883008419,True,1.0,0.0,,,3.1389736659610104
171,7,1,Oliver Dovin,Dovin,Coventry City,COV,Goalkeeper,4.0,0,3.03,3.03,0,1.0,u,0.0,0.0,Has joined Leyton Orient on loan for the rest of the season,2026-09-02T15:44:14.839336Z,40,0.7575,0,0.0,0,0,0,0,0,0,484389,,,,,,,2026-27,0c133121c3637cccea64e7dc70a58d499d53501a46c780f65d6f89cd020d52e9,2026-09-27T08:05:19.992073Z,new_player_position_prior,0.0,True,0.0,0.0,,,3.03
355,14,1,Harvey Davies,Davies,Liverpool,LIV,Goalkeeper,4.0,0,3.2134164078649987,3.2134164078649987,0,0.2,a,,,,,40,0.8033541019662497,0,0.0,0,0,0,0,0,0,464353,,,,,,,2026-27,0c133121c3637cccea64e7dc70a58d499d53501a46c780f65d6f89cd020d52e9,2026-09-27T08:05:19.992073Z,new_player_position_prior,0.43118033988749893,False,1.0,0.0,,,3.2134164078649987
354,14,1,Vitezslav Jaros,Jaros,Liverpool,LIV,Goalkeeper,4.0,0,3.2,3.2,0,0.0,i,0.0,0.0,Knee injury - Unknown return date,2026-07-29T18:00:10.351066Z,40,0.8,0,0.0,0,0,0,0,0,0,432987,,,,,,,2026-27,0c133121c3637cccea64e7dc70a58d499d53501a46c780f65d6f89cd020d52e9,2026-09-27T08:05:19.992073Z,new_player_position_prior,0.0,False,0.0,0.0,,,3.2
353,14,1,Armin Pecsi,Pecsi,Liverpool,LIV,Goalkeeper,4.0,0,3.2,3.2,0,0.0,u,0.0,0.0,Has joined TSV Hartberg on loan for the rest of the season,2026-08-18T14:11:18.638344Z,40,0.8,0,0.0,0,0,0,0,0,0,586268,,,,,,,2026-27,0c133121c3637cccea64e7dc70a58d499d53501a46c780f65d6f89cd020d52e9,2026-09-27T08:05:19.992073Z,new_player_position_prior,0.0,False,0.0,0.0,,,3.2
352,14,1,Freddie Woodman,Woodman,Liverpool,LIV,Goalkeeper,4.0,0,2.0,0.0,0,1.0,a,,,,,40,0.5,0,0.0,0,0,0,0,0,0,155503,,,,,,,2026-27,0c133121c3637cccea64e7dc70a58d499d53501a46c780f65d6f89cd020d52e9,2026-09-27T08:05:19.992073Z,official_2025-26_stats,0.05263157894736842,False,1.0,0.0,,,2.0
374,14,3,Endo Wataru,Endo,Liverpool,LIV,Midfielder,4.9,0,1.5,0.0,0,0.1,a,100.0,100.0,,2026-07-23T12:01:23.612529Z,49,0.3061224489795918,0,0.0,0,0,0,0,0,0,158983,,,,,,,2026-27,0c133121c3637cccea64e7dc70a58d499d53501a46c780f65d6f89cd020d52e9,2026-09-27T08:05:19.992073Z,official_2025-26_stats,0.02631578947368421,False,1.0,0.0,,,1.5
373,14,3,Curtis Jones,C.Jones,Liverpool,LIV,Midfielder,5.5,0,2.3823529411764706,4.666666666666667,0,0.0,u,0.0,0.0,Has joined Internazionale permanently,2026-08-16T18:30:07.426408Z,55,0.43315508021390375,0,0.0,0,0,0,0,0,0,206915,,,,,,,2026-27,0c133121c3637cccea64e7dc70a58d499d53501a46c780f65d6f89cd020d52e9,2026-09-27T08:05:19.992073Z,official_2025-26_stats,0.0,False,0.0,0.0,,,2.3823529411764706
561,6,2,Aaron Anselmino,Anselmino,Chelsea,CHE,Defender,4.5,0,3.15,3.15,0,0.0,a,100.0,100.0,,2026-08-23T19:00:08.536705Z,45,0.7,0,0.0,0,0,0,0,0,0,622758,,,,,,,2026-27,0c133121c3637cccea64e7dc70a58d499d53501a46c780f65d6f89cd020d52e9,2026-09-27T08:05:19.992073Z,new_player_position_prior,0.45125,False,1.0,0.0,,,3.15
560,6,1,Mike Penders,Penders,Chelsea,CHE,Goalkeeper,4.4,0,3.3294868329805056,3.3294868329805056,0,0.1,a,,,,,44,0.7567015529501149,0,0.0,0,0,0,0,0,0,549939,,,,,,,2026-27,0c133121c3637cccea64e7dc70a58d499d53501a46c780f65d6f89cd020d52e9,2026-09-27T08:05:19.992073Z,new_player_position_prior,0.452905694150421,False,1.0,0.0,,,3.3294868329805056
170,6,4,Emmanuel Emegha,Emegha,Chelsea,CHE,Forward,5.0,0,3.7594868329805053,3.7594868329805053,0,0.1,i,0.0,0.0,Hamstring injury - Expected back 10 Oct,2026-09-09T15:00:09.063849Z,50,0.7518973665961011,0,0.0,0,0,0,0,0,0,503037,,,,,,,2026-27,0c133121c3637cccea64e7dc70a58d499d53501a46c780f65d6f89cd020d52e9,2026-09-27T08:05:19.992073Z,new_player_position_prior,0.0,False,0.0,0.0,,,3.7594868329805053
169,6,4,Shumaira Mheuka,Mheuka,Chelsea,CHE,Forward,4.5,0,1.0,0.5,0,0.5,a,,,,,45,0.2222222222222222,0,0.0,0,0,0,0,0,0,567119,,,,,,,2026-27,0c133121c3637cccea64e7dc70a58d499d53501a46c780f65d6f89cd020d52e9,2026-09-27T08:05:19.992073Z,official_2025-26_stats,0.0,False,1.0,0.0,,,1.0
168,6,4,Marc Guiu Paz,Marc Guiu,Chelsea,CHE,Forward,5.0,0,1.3,0.0,0,0.2,u,0.0,0.0,Has joined RB Leipzig permanently,2026-09-01T13:24:48.857362Z,50,0.26,0,0.0,0,0,0,0,0,0,499309,,,,,,,2026-27,0c133121c3637cccea64e7dc70a58d499d53501a46c780f65d6f89cd020d52e9,2026-09-27T08:05:19.992073Z,official_2025-26_stats,0.0,False,0.0,0.0,,,1.3
163,6,3,Dário Luís Essugo,D.Essugo,Chelsea,CHE,Midfielder,4.5,0,0.3333333333333333,0.0,0,0.1,u,0.0,0.0,Has joined RC Strasbourg on loan for the rest of the season,2026-09-02T16:20:41.865225Z,45,0.07407407407407407,0,0.0,0,0,0,0,0,0,491007,,,,,,,2026-27,0c133121c3637cccea64e7dc70a58d499d53501a46c780f65d6f89cd020d52e9,2026-09-27T08:05:19.992073Z,official_2025-26_stats,0.0,False,0.0,0.0,,,0.3333333333333333
370,14,3,Federico Chiesa,Chiesa,Liverpool,LIV,Midfielder,5.3,0,1.4230769230769231,0.6666666666666666,0,0.0,i,0.0,0.0,Back injury - Unknown return date,2026-08-27T13:30:07.598926Z,53,0.26850507982583455,0,0.0,0,0,0,0,0,0,223541,,,,,,,2026-27,0c133121c3637cccea64e7dc70a58d499d53501a46c780f65d6f89cd020d52e9,2026-09-27T08:05:19.992073Z,official_2025-26_stats,0.0,False,0.0,0.0,,,1.4230769230769231
365,14,2,Calvin Ramsay,Ramsay,Liverpool,LIV,Defender,4.0,0,3.0094868329805053,3.0094868329805053,0,0.1,u,0.0,0.0,Has joined St Mirren on loan for the rest of the season,2026-08-26T14:05:26.748768Z,40,0.7523717082451263,0,0.0,0,0,0,0,0,0,489580,,,,,,,2026-27,0c133121c3637cccea64e7dc70a58d499d53501a46c780f65d6f89cd020d52e9,2026-09-27T08:05:19.992073Z,new_player_position_prior,0.0,False,0.0,0.0,,,3.0094868329805053
363,14,2,Giovanni Leoni,Leoni,Liverpool,LIV,Defender,4.0,0,3.0,3.0,0,0.0,i,0.0,0.0,Knee injury - Unknown return date,2026-07-23T12:01:23.596909Z,40,0.75,0,0.0,0,0,0,0,0,0,647681,,,,,,,2026-27,0c133121c3637cccea64e7dc70a58d499d53501a46c780f65d6f89cd020d52e9,2026-09-27T08:05:19.992073Z,new_player_position_prior,0.0,False,0.0,0.0,,,3.0
361,14,2,Wellity Lucky,Lucky,Liverpool,LIV,Defender,4.0,0,3.0094868329805053,3.0094868329805053,0,0.1,a,,,,,40,0.7523717082451263,0,0.0,0,0,0,0,0,0,519440,,,,,,,2026-27,0c133121c3637cccea64e7dc70a58d499d53501a46c780f65d6f89cd020d52e9,2026-09-27T08:05:19.992073Z,new_player_position_prior,0.42790569415042096,False,1.0,0.0,,,3.0094868329805053
158,6,3,Jamie Bynoe-Gittens,Gittens,Chelsea,CHE,Midfielder,5.8,0,1.5625,0.0,0,0.0,d,75.0,,Ankle injury - 75% chance of playing,2026-09-26T05:30:09.245832Z,58,0.26939655172413796,0,0.0,0,0,0,0,0,0,463936,,,,,,,2026-27,0c133121c3637cccea64e7dc70a58d499d53501a46c780f65d6f89cd020d52e9,2026-09-27T08:05:19.992073Z,official_2025-26_stats,0.05263157894736842,False,0.75,0.0,,,1.5625
152,6,2,Marco Palestra,Palestra,Chelsea,CHE,Defender,5.3,0,3.413237900077245,3.413237900077245,0,0.6,d,50.0,50.0,Thigh injury - 50% chance of playing,2026-08-24T18:30:07.421239Z,53,0.6440071509579708,0,0.0,0,0,0,0,0,0,620109,,,,,,,2026-27,0c133121c3637cccea64e7dc70a58d499d53501a46c780f65d6f89cd020d52e9,2026-09-27T08:05:19.992073Z,new_player_position_prior,0.5,False,0.5,0.0,,,3.413237900077245
150,6,2,Mamadou Sarr,M.Sarr,Chelsea,CHE,Defender,4.5,0,1.0,0.3333333333333333,0,0.0,u,0.0,0.0,Has joined Real Sociedad on loan for the rest of the season,2026-08-29T00:34:23.077418Z,45,0.2222222222222222,0,0.0,0,0,0,0,0,0,574458,,,,,,,2026-27,0c133121c3637cccea64e7dc70a58d499d53501a46c780f65d6f89cd020d52e9,2026-09-27T08:05:19.992073Z,official_2025-26_stats,0.0,False,0.0,0.0,,,1.0
146,6,2,Benoît Badiashile Mukinayi,B.Badiashile,Chelsea,CHE,Defender,4.5,0,0.875,0.0,0,0.0,u,0.0,0.0,Has joined Napoli on loan for the rest of the season,2026-08-25T14:03:47.079414Z,45,0.19444444444444445,0,0.0,0,0,0,0,0,0,242880,,,,,,,2026-27,0c133121c3637cccea64e7dc70a58d499d53501a46c780f65d6f89cd020d52e9,2026-09-27T08:05:19.992073Z,official_2025-26_stats,0.0,False,0.0,0.0,,,0.875
143,6,2,Trevoh Chalobah,Chalobah,Chelsea,CHE,Defender,5.5,0,4.121212121212121,0.6666666666666666,0,0.1,u,0.0,0.0,Has joined Como permanently,2026-08-10T14:03:50.769483Z,55,0.7493112947658402,0,0.0,0,0,0,0,0,0,180736,,,,,,,2026-27,0c133121c3637cccea64e7dc70a58d499d53501a46c780f65d6f89cd020d52e9,2026-09-27T08:05:19.992073Z,official_2025-26_stats,0.0,False,0.0,0.0,,,4.121212121212121
273,11,1,Dillon Phillips,Phillips,Hull City,HUL,Goalkeeper,4.0,0,3.035496478698598,3.035496478698598,0,1.4,a,,,,,40,0.7588741196746495,0,0.0,0,0,0,0,0,0,167825,,,,,,,2026-27,0c133121c3637cccea64e7dc70a58d499d53501a46c780f65d6f89cd020d52e9,2026-09-27T08:05:19.992073Z,new_player_position_prior,0.44958039891549806,True,1.0,0.0,,,3.035496478698598
141,6,1,Filip Jörgensen,Jörgensen,Chelsea,CHE,Goalkeeper,5.0,0,1.8,0.6666666666666666,0,0.0,u,0.0,0.0,Has joined RC Strasbourg on loan for the rest of the season,2026-08-12T14:07:02.607115Z,50,0.36,0,0.0,0,0,0,0,0,0,508479,,,,,,,2026-27,0c133121c3637cccea64e7dc70a58d499d53501a46c780f65d6f89cd020d52e9,2026-09-27T08:05:19.992073Z,official_2025-26_stats,0.0,False,0.0,0.0,,,1.8
383,14,3,Harvey Elliott,Elliott,Liverpool,LIV,Midfielder,5.4,0,1.0,0.0,0,0.0,u,0.0,0.0,Has joined Valencia on loan for the rest of the season,2026-09-02T16:05:49.104326Z,54,0.18518518518518517,0,0.0,0,0,0,0,0,0,444884,,,,,,,2026-27,0c133121c3637cccea64e7dc70a58d499d53501a46c780f65d6f89cd020d52e9,2026-09-27T08:05:19.992073Z,official_2025-26_stats,0.0,False,0.0,0.0,,,1.0
382,14,4,Jayden Danns,Danns,Liverpool,LIV,Forward,4.5,0,3.6134164078649986,3.6134164078649986,0,0.2,a,100.0,100.0,,2026-07-23T12:01:23.659279Z,45,0.8029814239699997,0,0.0,0,0,0,0,0,0,500058,,,,,,,2026-27,0c133121c3637cccea64e7dc70a58d499d53501a46c780f65d6f89cd020d52e9,2026-09-27T08:05:19.992073Z,new_player_position_prior,0.43118033988749893,False,1.0,0.0,,,3.6134164078649986
18,1,3,Gabriel Martinelli Silva,Martinelli,Arsenal,ARS,Midfielder,6.3,0,1.9655172413793103,2.6666666666666665,0,0.1,u,0.0,0.0,Has joined Al Hilal permanently,2026-09-04T12:34:46.738449Z,63,0.31198686371100165,0,0.0,0,0,0,0,0,0,444145,,,,,,,2026-27,0c133121c3637cccea64e7dc70a58d499d53501a46c780f65d6f89cd020d52e9,2026-09-27T08:05:19.992073Z,official_2025-26_stats,0.0,False,0.0,0.0,,,1.9655172413793103
380,14,4,Hugo Ekitiké,Ekitiké,Liverpool,LIV,Forward,7.4,0,4.464285714285714,0.0,0,0.1,i,0.0,0.0,Achilles injury - Unknown return date,2026-07-23T12:01:23.643771Z,74,0.6032818532818532,0,0.0,0,0,0,0,0,0,510663,,,,,,,2026-27,0c133121c3637cccea64e7dc70a58d499d53501a46c780f65d6f89cd020d52e9,2026-09-27T08:05:19.992073Z,official_2025-26_stats,0.0,False,0.0,0.0,,,4.464285714285714
378,14,3,James McConnell,McConnell,Liverpool,LIV,Midfielder,4.4,0,3.4134164078649984,3.4134164078649984,0,0.2,a,,,,,44,0.7757764563329541,0,0.0,0,0,0,0,0,0,491501,,,,,,,2026-27,0c133121c3637cccea64e7dc70a58d499d53501a46c780f65d6f89cd020d52e9,2026-09-27T08:05:19.992073Z,new_player_position_prior,0.43118033988749893,False,1.0,0.0,,,3.4134164078649984
376,14,3,Stefan Bajčetić Maquieira,Bajcetic,Liverpool,LIV,Midfielder,5.0,0,3.55,3.55,0,0.0,u,0.0,0.0,Has joined Celta Vigo permanently,2026-07-23T12:01:23.628373Z,50,0.71,0,0.0,0,0,0,0,0,0,535928,,,,,,,2026-27,0c133121c3637cccea64e7dc70a58d499d53501a46c780f65d6f89cd020d52e9,2026-09-27T08:05:19.992073Z,new_player_position_prior,0.0,False,0.0,0.0,,,3.55
22,1,3,Ethan Nwaneri,Nwaneri,Arsenal,ARS,Midfielder,5.4,0,1.3333333333333333,0.0,0,0.0,u,0.0,0.0,Has joined Borussia Dortmund on loan for the rest of the season,2026-09-02T16:01:07.058827Z,54,0.24691358024691354,0,0.0,0,0,0,0,0,0,499175,,,,,,,2026-27,0c133121c3637cccea64e7dc70a58d499d53501a46c780f65d6f89cd020d52e9,2026-09-27T08:05:19.992073Z,official_2025-26_stats,0.0,False,0.0,0.0,,,1.3333333333333333
537,20,2,Jenson Seelt,Seelt,Sunderland,SUN,Defender,4.5,0,1.0,0.0,0,0.0,u,0.0,0.0,Has joined Swansea City on loan for the rest of the season,2026-08-29T00:34:52.425076Z,45,0.2222222222222222,0,0.0,0,0,0,0,0,0,519634,,,,,,,2026-27,0c133121c3637cccea64e7dc70a58d499d53501a46c780f65d6f89cd020d52e9,2026-09-27T08:05:19.992073Z,official_2025-26_stats,0.0,False,0.0,0.0,,,1.0
538,20,2,Leo Fuhr Hjelde,Hjelde,Sunderland,SUN,Defender,4.0,0,3.0,3.0,0,0.0,u,0.0,0.0,Has joined KV Mechelen on loan for the rest of the season,2026-08-12T14:08:03.081789Z,40,0.75,0,0.0,0,0,0,0,0,0,477547,,,,,,,2026-27,0c133121c3637cccea64e7dc70a58d499d53501a46c780f65d6f89cd020d52e9,2026-09-27T08:05:19.992073Z,new_player_position_prior,0.0,False,0.0,0.0,,,3.0
587,15,1,Gerónimo Rulli,Rulli,Man City,MCI,Goalkeeper,5.0,0,3.5,3.5,0,0.0,a,,,,,50,0.7,0,0.0,0,0,0,0,0,0,106921,,,,,,,2026-27,0c133121c3637cccea64e7dc70a58d499d53501a46c780f65d6f89cd020d52e9,2026-09-27T08:05:19.992073Z,new_player_position_prior,0.4825,False,1.0,0.0,,,3.5
410,15,3,Jeremy Monga,Monga,Man City,MCI,Midfielder,4.9,0,3.52,3.52,0,0.0,u,0.0,0.0,Has joined Swansea City on loan for the rest of the season,2026-09-02T16:02:01.136760Z,49,0.7183673469387755,0,0.0,0,0,0,0,0,0,649208,,,,,,,2026-27,0c133121c3637cccea64e7dc70a58d499d53501a46c780f65d6f89cd020d52e9,2026-09-27T08:05:19.992073Z,new_player_position_prior,0.0,False,0.0,0.0,,,3.52
409,15,3,Divine Mukasa,Mukasa,Man City,MCI,Midfielder,4.5,0,1.0,0.0,0,0.1,u,0.0,0.0,has joined West Ham on loan for the rest of the seaon.,2026-09-03T10:34:10.733520Z,45,0.2222222222222222,0,0.0,0,0,0,0,0,0,590039,,,,,,,2026-27,0c133121c3637cccea64e7dc70a58d499d53501a46c780f65d6f89cd020d52e9,2026-09-27T08:05:19.992073Z,official_2025-26_stats,0.0,False,0.0,0.0,,,1.0
408,15,3,Kalvin Phillips,Phillips,Man City,MCI,Midfielder,5.0,0,3.55,3.55,0,0.0,u,0.0,0.0,Has joined Sheffield United on loan for the rest of the season,2026-08-18T14:11:56.348781Z,50,0.71,0,0.0,0,0,0,0,0,0,155405,,,,,,,2026-27,0c133121c3637cccea64e7dc70a58d499d53501a46c780f65d6f89cd020d52e9,2026-09-27T08:05:19.992073Z,new_player_position_prior,0.0,False,0.0,0.0,,,3.55
407,15,3,Claudio Echeverri,Echeverri,Man City,MCI,Midfielder,4.9,0,3.52,3.52,0,0.0,u,0.0,0.0,Has joined Benfica on loan for the rest of the season,2026-09-03T15:41:24.710479Z,49,0.7183673469387755,0,0.0,0,0,0,0,0,0,575204,,,,,,,2026-27,0c133121c3637cccea64e7dc70a58d499d53501a46c780f65d6f89cd020d52e9,2026-09-27T08:05:19.992073Z,new_player_position_prior,0.0,False,0.0,0.0,,,3.52
540,20,2,Arthur Masuaku,Masuaku,Sunderland,SUN,Defender,4.0,0,0.3333333333333333,0.0,0,0.1,u,0.0,0.0,Has joined Konyaspor permanently,2026-08-12T14:08:03.097784Z,40,0.08333333333333333,0,0.0,0,0,0,0,0,0,105717,,,,,,,2026-27,0c133121c3637cccea64e7dc70a58d499d53501a46c780f65d6f89cd020d52e9,2026-09-27T08:05:19.992073Z,official_2025-26_stats,0.0,False,0.0,0.0,,,0.3333333333333333
404,15,3,Tijjani Reijnders,Reijnders,Man City,MCI,Midfielder,6.0,0,3.2857142857142856,2.0,0,0.0,u,0.0,0.0,Has joined Al Qadsiah permanently,2026-08-20T14:02:58.154273Z,60,0.5476190476190476,0,0.0,0,0,0,0,0,0,433036,,,,,,,2026-27,0c133121c3637cccea64e7dc70a58d499d53501a46c780f65d6f89cd020d52e9,2026-09-27T08:05:19.992073Z,official_2025-26_stats,0.0,False,0.0,0.0,,,3.2857142857142856
402,15,3,Rodrigo 'Rodri' Hernandez Cascante,Rodrigo,Man City,MCI,Midfielder,6.5,0,3.2857142857142856,2.3333333333333335,0,0.0,u,0.0,0.0,Has joined Barcelona permanently,2026-07-23T12:01:23.675537Z,65,0.5054945054945055,0,0.0,0,0,0,0,0,0,220566,,,,,,,2026-27,0c133121c3637cccea64e7dc70a58d499d53501a46c780f65d6f89cd020d52e9,2026-09-27T08:05:19.992073Z,official_2025-26_stats,0.0,False,0.0,0.0,,,3.2857142857142856
546,20,3,Simon Adingra,Adingra,Sunderland,SUN,Midfielder,4.9,0,2.4285714285714284,0.0,0,0.0,u,0.0,0.0,Has joined Ajax on loan for the rest of the season,2026-08-20T14:00:08.416985Z,49,0.4956268221574343,0,0.0,0,0,0,0,0,0,535818,,,,,,,2026-27,0c133121c3637cccea64e7dc70a58d499d53501a46c780f65d6f89cd020d52e9,2026-09-27T08:05:19.992073Z,official_2025-26_stats,0.0,False,0.0,0.0,,,2.4285714285714284
495,19,1,Brandon Austin,Austin,Spurs,TOT,Goalkeeper,4.0,0,3.23,3.23,0,1.0,a,,,,,40,0.8075,0,0.0,0,0,0,0,0,0,214572,,,,,,,2026-27,0c133121c3637cccea64e7dc70a58d499d53501a46c780f65d6f89cd020d52e9,2026-09-27T08:05:19.992073Z,new_player_position_prior,0.445,False,1.0,0.0,,,3.23
511,19,2,João Victor de Souza Menezes,Souza,Spurs,TOT,Defender,4.0,0,0.75,0.0,0,0.2,u,0.0,0.0,Has joined FC Porto on loan for the rest of the season,2026-09-01T13:24:26.858636Z,40,0.1875,0,0.0,0,0,0,0,0,0,616221,,,,,,,2026-27,0c133121c3637cccea64e7dc70a58d499d53501a46c780f65d6f89cd020d52e9,2026-09-27T08:05:19.992073Z,official_2025-26_stats,0.0,False,0.0,0.0,,,0.75
394,15,2,Max Alleyne,Alleyne,Man City,MCI,Defender,5.0,0,2.5,0.0,0,0.0,u,0.0,0.0,Has joined Burnley on loan for the rest of the season,2026-08-18T14:11:56.324656Z,50,0.5,0,0.0,0,0,0,0,0,0,494307,,,,,,,2026-27,0c133121c3637cccea64e7dc70a58d499d53501a46c780f65d6f89cd020d52e9,2026-09-27T08:05:19.992073Z,official_2025-26_stats,0.0,False,0.0,0.0,,,2.5
392,15,2,Rayan Aït-Nouri,Aït-Nouri,Man City,MCI,Defender,5.3,0,3.5294117647058822,2.3333333333333335,0,0.4,a,,,,,53,0.6659267480577137,0,0.0,0,0,0,0,0,0,448514,,,,,,,2026-27,0c133121c3637cccea64e7dc70a58d499d53501a46c780f65d6f89cd020d52e9,2026-09-27T08:05:19.992073Z,official_2025-26_stats,0.2631578947368421,False,1.0,0.0,,,3.5294117647058822
386,15,1,Marcus Bettinelli,Bettinelli,Man City,MCI,Goalkeeper,4.5,0,3.35,3.35,0,0.0,a,,,,,45,0.7444444444444445,0,0.0,0,0,0,0,0,0,122074,,,,,,,2026-27,0c133121c3637cccea64e7dc70a58d499d53501a46c780f65d6f89cd020d52e9,2026-09-27T08:05:19.992073Z,new_player_position_prior,0.45125,False,1.0,0.0,,,3.35
414,16,1,Tom Heaton,Heaton,Man Utd,MUN,Goalkeeper,4.0,0,3.2094868329805055,3.2094868329805055,0,0.1,i,0.0,0.0,Hamstring injury - Unknown return date,2026-08-15T16:00:07.854151Z,40,0.8023717082451264,0,0.0,0,0,0,0,0,0,21205,,,,,,,2026-27,0c133121c3637cccea64e7dc70a58d499d53501a46c780f65d6f89cd020d52e9,2026-09-27T08:05:19.992073Z,new_player_position_prior,0.0,False,0.0,0.0,,,3.2094868329805055
413,16,1,Altay Bayındır,Bayindir,Man Utd,MUN,Goalkeeper,4.5,0,1.8333333333333333,0.0,0,0.0,u,0.0,0.0,Has joined Celta Vigo on loan for the rest of the season,2026-08-10T14:02:28.608415Z,45,0.4074074074074074,0,0.0,0,0,0,0,0,0,451302,,,,,,,2026-27,0c133121c3637cccea64e7dc70a58d499d53501a46c780f65d6f89cd020d52e9,2026-09-27T08:05:19.992073Z,official_2025-26_stats,0.0,False,0.0,0.0,,,1.8333333333333333
325,16,1,Karl Darlow,Darlow,Man Utd,MUN,Goalkeeper,4.5,0,3.380952380952381,5.0,0,0.0,d,75.0,100.0,Unspecified injury - 75% chance of playing,2026-09-21T13:30:08.885505Z,45,0.7513227513227513,0,0.0,0,0,0,0,0,0,59735,,,,,,,2026-27,0c133121c3637cccea64e7dc70a58d499d53501a46c780f65d6f89cd020d52e9,2026-09-27T08:05:19.992073Z,official_2025-26_stats,0.5526315789473685,False,0.75,0.0,,,3.380952380952381
636,10,3,Manuel Ángel Morán Ibáñez,Ángel,Fulham,FUL,Midfielder,5.0,0,3.55,3.55,0,0.0,a,,,,,50,0.71,0,0.0,0,0,0,0,0,0,500033,,,,,,,2026-27,0c133121c3637cccea64e7dc70a58d499d53501a46c780f65d6f89cd020d52e9,2026-09-27T08:05:19.992073Z,new_player_position_prior,0.45125,False,1.0,0.0,,,3.55
550,20,3,Djiamgone Jocelin Ta Bi,Jocelin.T,Sunderland,SUN,Midfielder,5.0,0,1.0,0.0,0,0.0,a,,,,,50,0.2,0,0.0,0,0,0,0,0,0,699989,,,,,,,2026-27,0c133121c3637cccea64e7dc70a58d499d53501a46c780f65d6f89cd020d52e9,2026-09-27T08:05:19.992073Z,official_2025-26_stats,0.0,False,1.0,0.0,,,1.0
658,5,3,Younes Ibrahim,Ibrahim,Brighton,BHA,Midfielder,4.5,0,3.4,3.4,0,0.0,a,,,,,45,0.7555555555555555,0,0.0,0,0,0,0,0,0,661016,,,,,,,2026-27,0c133121c3637cccea64e7dc70a58d499d53501a46c780f65d6f89cd020d52e9,2026-09-27T08:05:19.992073Z,new_player_position_prior,0.42,False,1.0,0.0,,,3.4
652,5,3,Femi Azeez,Azeez,Brighton,BHA,Midfielder,5.5,0,3.6999999999999997,3.6999999999999997,0,0.0,i,0.0,0.0,Hamstring injury - Expected back 10 Oct,2026-09-04T11:30:08.661589Z,55,0.6727272727272727,0,0.0,0,0,0,0,0,0,471551,,,,,,,2026-27,0c133121c3637cccea64e7dc70a58d499d53501a46c780f65d6f89cd020d52e9,2026-09-27T08:05:19.992073Z,new_player_position_prior,0.0,False,0.0,0.0,,,3.6999999999999997
624,5,3,Amario Cozier-Duberry,Cozier-Duberry,Brighton,BHA,Midfielder,5.0,0,3.55,3.55,0,0.0,u,0.0,0.0,Has joined Middlesbrough on loan for the rest of the season,2026-09-02T15:38:15.552951Z,50,0.71,0,0.0,0,0,0,0,0,0,519324,,,,,,,2026-27,0c133121c3637cccea64e7dc70a58d499d53501a46c780f65d6f89cd020d52e9,2026-09-27T08:05:19.992073Z,new_player_position_prior,0.0,False,0.0,0.0,,,3.55
614,5,2,Jaouen Hadjam,Hadjam,Brighton,BHA,Defender,4.5,0,3.15,3.15,0,0.0,a,,,,,45,0.7,0,0.0,0,0,0,0,0,0,512123,,,,,,,2026-27,0c133121c3637cccea64e7dc70a58d499d53501a46c780f65d6f89cd020d52e9,2026-09-27T08:05:19.992073Z,new_player_position_prior,0.45125,False,1.0,0.0,,,3.15
613,20,3,Jules Ahoka,Ahoka,Sunderland,SUN,Midfielder,4.5,0,3.4134164078649984,3.4134164078649984,0,0.2,a,,,,,45,0.7585369795255552,0,0.0,0,0,0,0,0,0,696104,,,,,,,2026-27,0c133121c3637cccea64e7dc70a58d499d53501a46c780f65d6f89cd020d52e9,2026-09-27T08:05:19.992073Z,new_player_position_prior,0.43118033988749893,False,1.0,0.0,,,3.4134164078649984
2,1,1,Kepa Arrizabalaga Revuelta,Arrizabalaga,Arsenal,ARS,Goalkeeper,4.9,0,2.0,0.6666666666666666,0,0.1,a,,,,,49,0.4081632653061224,0,0.0,0,0,0,0,0,0,109745,,,,,,,2026-27,0c133121c3637cccea64e7dc70a58d499d53501a46c780f65d6f89cd020d52e9,2026-09-27T08:05:19.992073Z,official_2025-26_stats,0.02631578947368421,False,1.0,0.0,,,2.0
139,5,4,Evan Ferguson,Ferguson,Brighton,BHA,Forward,5.0,0,3.75,3.75,0,0.0,i,0.0,0.0,Ankle injury - Expected back 10 Oct,2026-07-23T12:01:23.448357Z,50,0.75,0,0.0,0,0,0,0,0,0,487117,,,,,,,2026-27,0c133121c3637cccea64e7dc70a58d499d53501a46c780f65d6f89cd020d52e9,2026-09-27T08:05:19.992073Z,new_player_position_prior,0.0,False,0.0,0.0,,,3.75
131,16,3,Carlos Baleba,Baleba,Man Utd,MUN,Midfielder,4.9,0,1.8064516129032258,3.0,0,0.1,a,100.0,50.0,,2026-08-06T16:00:10.997714Z,49,0.36866359447004604,0,0.0,0,0,0,0,0,0,535301,,,,,,,2026-27,0c133121c3637cccea64e7dc70a58d499d53501a46c780f65d6f89cd020d52e9,2026-09-27T08:05:19.992073Z,official_2025-26_stats,0.39473684210526316,False,1.0,0.0,,,1.8064516129032258
653,15,3,Floyd Samba,Samba,Man City,MCI,Midfielder,4.5,0,3.4,3.4,0,0.0,a,,,,,45,0.7555555555555555,0,0.0,0,0,0,0,0,0,595480,,,,,,,2026-27,0c133121c3637cccea64e7dc70a58d499d53501a46c780f65d6f89cd020d52e9,2026-09-27T08:05:19.992073Z,new_player_position_prior,0.42,False,1.0,0.0,,,3.4
628,15,3,Allan Andrade Elias,Allan,Man City,MCI,Midfielder,6.0,0,3.8499999999999996,3.8499999999999996,0,0.0,a,,,,,60,0.6416666666666666,0,0.0,0,0,0,0,0,0,624777,,,,,,,2026-27,0c133121c3637cccea64e7dc70a58d499d53501a46c780f65d6f89cd020d52e9,2026-09-27T08:05:19.992073Z,new_player_position_prior,0.5137499999999999,False,1.0,0.0,,,3.8499999999999996
3,1,1,Illan Meslier,Meslier,Arsenal,ARS,Goalkeeper,4.9,0,3.47,3.47,0,0.0,a,,,,,49,0.7081632653061224,0,0.0,0,0,0,0,0,0,437495,,,,,,,2026-27,0c133121c3637cccea64e7dc70a58d499d53501a46c780f65d6f89cd020d52e9,2026-09-27T08:05:19.992073Z,new_player_position_prior,0.47625,False,1.0,0.0,,,3.47
531,20,1,Melker Ellborg,Ellborg,Sunderland,SUN,Goalkeeper,4.5,0,5.333333333333333,0.0,0,0.1,a,,,,,45,1.1851851851851851,0,0.0,0,0,0,0,0,0,515046,,,,,,,2026-27,0c133121c3637cccea64e7dc70a58d499d53501a46c780f65d6f89cd020d52e9,2026-09-27T08:05:19.992073Z,official_2025-26_stats,0.07894736842105263,False,1.0,0.0,,,5.333333333333333
137,5,4,Stefanos Tzimas,Tzimas,Brighton,BHA,Forward,5.4,0,1.7777777777777777,0.0,0,0.0,i,0.0,0.0,Knee injury - Unknown return date,2026-07-23T12:01:23.432796Z,54,0.3292181069958847,0,0.0,0,0,0,0,0,0,608181,,,,,,,2026-27,0c133121c3637cccea64e7dc70a58d499d53501a46c780f65d6f89cd020d52e9,2026-09-27T08:05:19.992073Z,official_2025-26_stats,0.0,False,0.0,0.0,,,1.7777777777777777
530,20,1,Anthony Patterson,Patterson,Sunderland,SUN,Goalkeeper,4.0,0,3.2094868329805055,3.2094868329805055,0,0.1,u,0.0,0.0,Has joined Wrexham permanently,2026-08-12T14:08:03.064533Z,40,0.8023717082451264,0,0.0,0,0,0,0,0,0,232571,,,,,,,2026-27,0c133121c3637cccea64e7dc70a58d499d53501a46c780f65d6f89cd020d52e9,2026-09-27T08:05:19.992073Z,new_player_position_prior,0.0,False,0.0,0.0,,,3.2094868329805055
134,5,3,Nehemiah Oriola,Oriola,Brighton,BHA,Midfielder,4.5,0,1.0,0.0,0,0.2,a,,,,,45,0.2222222222222222,0,0.0,0,0,0,0,0,0,556637,,,,,,,2026-27,0c133121c3637cccea64e7dc70a58d499d53501a46c780f65d6f89cd020d52e9,2026-09-27T08:05:19.992073Z,official_2025-26_stats,0.0,False,1.0,0.0,,,1.0
133,5,3,Tom Watson,Watson,Brighton,BHA,Midfielder,5.0,0,0.8333333333333334,0.0,0,0.0,u,0.0,0.0,Has joined Leicester City on loan for the rest of the season,2026-08-03T14:05:44.459483Z,50,0.16666666666666669,0,0.0,0,0,0,0,0,0,549074,,,,,,,2026-27,0c133121c3637cccea64e7dc70a58d499d53501a46c780f65d6f89cd020d52e9,2026-09-27T08:05:19.992073Z,official_2025-26_stats,0.0,False,0.0,0.0,,,0.8333333333333334
132,5,3,Harry Howell,Howell,Brighton,BHA,Midfielder,4.5,0,1.3333333333333333,0.0,0,0.0,u,0.0,0.0,Has joined Leicester City on loan for the rest of the season,2026-08-17T13:53:19.019938Z,45,0.2962962962962963,0,0.0,0,0,0,0,0,0,597320,,,,,,,2026-27,0c133121c3637cccea64e7dc70a58d499d53501a46c780f65d6f89cd020d52e9,2026-09-27T08:05:19.992073Z,official_2025-26_stats,0.0,False,0.0,0.0,,,1.3333333333333333
128,5,3,Facundo Buonanotte,Buonanotte,Brighton,BHA,Midfielder,5.0,0,0.75,0.3333333333333333,0,0.0,u,0.0,0.0,Has joined Elche on loan for the rest of the season,2026-08-10T14:03:07.561436Z,50,0.15,0,0.0,0,0,0,0,0,0,536916,,,,,,,2026-27,0c133121c3637cccea64e7dc70a58d499d53501a46c780f65d6f89cd020d52e9,2026-09-27T08:05:19.992073Z,official_2025-26_stats,0.0,False,0.0,0.0,,,0.75
601,19,3,Luca Williams-Barnett,Williams-Barnett,Spurs,TOT,Midfielder,4.5,0,3.4094868329805053,3.4094868329805053,0,0.1,a,,,,,45,0.7576637406623346,0,0.0,0,0,0,0,0,0,611917,,,,,,,2026-27,0c133121c3637cccea64e7dc70a58d499d53501a46c780f65d6f89cd020d52e9,2026-09-27T08:05:19.992073Z,new_player_position_prior,0.42790569415042096,False,1.0,0.0,,,3.4094868329805053
122,5,3,Yankuba Minteh,Minteh,Brighton,BHA,Midfielder,5.8,0,3.5454545454545454,4.333333333333333,0,0.0,i,0.0,0.0,Leg injury - Expected back 28 Nov,2026-08-14T18:00:06.418033Z,58,0.6112852664576802,0,0.0,0,0,0,0,0,0,592031,,,,,5.0,,2026-27,0c133121c3637cccea64e7dc70a58d499d53501a46c780f65d6f89cd020d52e9,2026-09-27T08:05:19.992073Z,official_2025-26_stats,0.0,False,0.0,0.0,,,3.5454545454545454
121,5,3,Mitoma Kaoru,Mitoma,Brighton,BHA,Midfielder,5.9,0,2.5833333333333335,0.0,0,0.0,i,0.0,0.0,Hamstring injury - Expected back 10 Oct,2026-07-24T18:30:10.661894Z,59,0.4378531073446328,0,0.0,0,0,0,0,0,0,451340,,,,,,,2026-27,0c133121c3637cccea64e7dc70a58d499d53501a46c780f65d6f89cd020d52e9,2026-09-27T08:05:19.992073Z,official_2025-26_stats,0.0,False,0.0,0.0,,,2.5833333333333335
425,16,2,Tyler Fredricson,Fredricson,Man Utd,MUN,Defender,4.0,0,1.0,0.0,0,0.0,u,0.0,0.0,Has joined Lausanne-Sport permanently,2026-08-18T14:12:31.904433Z,40,0.25,0,0.0,0,0,0,0,0,0,547676,,,,,,,2026-27,0c133121c3637cccea64e7dc70a58d499d53501a46c780f65d6f89cd020d52e9,2026-09-27T08:05:19.992073Z,official_2025-26_stats,0.0,False,0.0,0.0,,,1.0
424,16,2,Harry Amass,Amass,Man Utd,MUN,Defender,4.0,0,3.0134164078649985,3.0134164078649985,0,0.2,a,,,,,40,0.7533541019662496,0,0.0,0,0,0,0,0,0,577974,,,,,,,2026-27,0c133121c3637cccea64e7dc70a58d499d53501a46c780f65d6f89cd020d52e9,2026-09-27T08:05:19.992073Z,new_player_position_prior,0.43118033988749893,False,1.0,0.0,,,3.0134164078649985
528,19,4,Dane Scarlett,Scarlett,Spurs,TOT,Forward,4.5,0,1.0,0.0,0,1.1,u,0.0,0.0,Has joined Leyton Orient permanently,2026-09-02T16:02:43.413625Z,45,0.2222222222222222,0,0.0,0,0,0,0,0,0,490145,,,,,,,2026-27,0c133121c3637cccea64e7dc70a58d499d53501a46c780f65d6f89cd020d52e9,2026-09-27T08:05:19.992073Z,official_2025-26_stats,0.0,False,0.0,0.0,,,1.0
524,19,3,Callum Olusesi,Olusesi,Spurs,TOT,Midfielder,4.4,0,1.0,0.0,0,1.0,a,,,,,44,0.22727272727272727,0,0.0,0,0,0,0,0,0,499726,,,,,,,2026-27,0c133121c3637cccea64e7dc70a58d499d53501a46c780f65d6f89cd020d52e9,2026-09-27T08:05:19.992073Z,official_2025-26_stats,0.0,False,1.0,0.0,,,1.0
510,19,2,James Rowswell,Rowswell,Spurs,TOT,Defender,4.0,0,1.0,0.0,0,0.1,a,,,,,40,0.25,0,0.0,0,0,0,0,0,0,499716,,,,,,,2026-27,0c133121c3637cccea64e7dc70a58d499d53501a46c780f65d6f89cd020d52e9,2026-09-27T08:05:19.992073Z,official_2025-26_stats,0.0,False,1.0,0.0,,,1.0
416,16,2,Matthijs de Ligt,De Ligt,Man Utd,MUN,Defender,5.0,0,3.3076923076923075,0.0,0,0.0,i,0.0,0.0,Back injury - Unknown return date,2026-07-23T12:01:23.690880Z,50,0.6615384615384615,0,0.0,0,0,0,0,0,0,209365,,,,,,,2026-27,0c133121c3637cccea64e7dc70a58d499d53501a46c780f65d6f89cd020d52e9,2026-09-27T08:05:19.992073Z,official_2025-26_stats,0.0,False,0.0,0.0,,,3.3076923076923075
117,5,2,Diego Coppola,Coppola,Brighton,BHA,Defender,4.5,0,2.0,0.0,0,0.0,a,,,,,45,0.4444444444444444,0,0.0,0,0,0,0,0,0,550090,,,,,,,2026-27,0c133121c3637cccea64e7dc70a58d499d53501a46c780f65d6f89cd020d52e9,2026-09-27T08:05:19.992073Z,official_2025-26_stats,0.05263157894736842,False,1.0,0.0,,,2.0
111,5,1,Jason Steele,Steele,Brighton,BHA,Goalkeeper,4.0,0,3.2607453701939497,3.2607453701939497,0,4.1,a,,,,,40,0.8151863425484874,0,0.0,0,0,0,0,0,0,49262,,,,,,,2026-27,0c133121c3637cccea64e7dc70a58d499d53501a46c780f65d6f89cd020d52e9,2026-09-27T08:05:19.992073Z,new_player_position_prior,0.47062114182829146,False,1.0,0.0,,,3.2607453701939497
661,4,1,Ellery Balcombe,Balcombe,Brentford,BRE,Goalkeeper,4.0,0,3.2,3.2,0,0.0,a,,,,,40,0.8,0,0.0,0,0,0,0,0,0,235448,,,,,,,2026-27,0c133121c3637cccea64e7dc70a58d499d53501a46c780f65d6f89cd020d52e9,2026-09-27T08:05:19.992073Z,new_player_position_prior,0.42,False,1.0,0.0,,,3.2
660,4,2,Benjamin Fredrick,Fredrick,Brentford,BRE,Defender,4.0,0,3.0,3.0,0,0.0,a,,,,,40,0.75,0,0.0,0,0,0,0,0,0,612534,,,,,,,2026-27,0c133121c3637cccea64e7dc70a58d499d53501a46c780f65d6f89cd020d52e9,2026-09-27T08:05:19.992073Z,new_player_position_prior,0.42,False,1.0,0.0,,,3.0
657,4,3,Gustavo Nunes Fernandes Gomes,Nunes,Brentford,BRE,Midfielder,4.5,0,3.4,3.4,0,0.0,a,,,,,45,0.7555555555555555,0,0.0,0,0,0,0,0,0,626464,,,,,,,2026-27,0c133121c3637cccea64e7dc70a58d499d53501a46c780f65d6f89cd020d52e9,2026-09-27T08:05:19.992073Z,new_player_position_prior,0.42,False,1.0,0.0,,,3.4
284,11,2,Cathal McCarthy,McCarthy,Hull City,HUL,Defender,4.0,0,2.809486832980505,2.809486832980505,0,0.1,a,,,,,40,0.7023717082451263,0,0.0,0,0,0,0,0,0,661800,,,,,,,2026-27,0c133121c3637cccea64e7dc70a58d499d53501a46c780f65d6f89cd020d52e9,2026-09-27T08:05:19.992073Z,new_player_position_prior,0.42790569415042096,True,1.0,0.0,,,2.809486832980505
283,11,2,Matty Jacob,Jacob,Hull City,HUL,Defender,4.0,0,2.8,2.8,0,0.0,u,0.0,0.0,Has joined Newport County on loan until January,2026-08-02T09:00:11.038361Z,40,0.7,0,0.0,0,0,0,0,0,0,449428,,,,,,,2026-27,0c133121c3637cccea64e7dc70a58d499d53501a46c780f65d6f89cd020d52e9,2026-09-27T08:05:19.992073Z,new_player_position_prior,0.0,True,0.0,0.0,,,2.8
441,16,4,Chido Obi,Obi,Man Utd,MUN,Forward,4.5,0,3.6284604989415157,3.6284604989415157,0,0.9,u,0.0,0.0,Has joined Willem II on loan for the rest of the season,2026-09-14T16:12:42.090874Z,45,0.8063245553203369,0,0.0,0,0,0,0,0,0,596047,,,,,,,2026-27,0c133121c3637cccea64e7dc70a58d499d53501a46c780f65d6f89cd020d52e9,2026-09-27T08:05:19.992073Z,new_player_position_prior,0.0,False,0.0,0.0,,,3.6284604989415157
278,11,2,Charlie Hughes,Hughes,Hull City,HUL,Defender,3.9,0,2.8134164078649984,2.8134164078649984,0,0.2,i,0.0,0.0,Groin injury - Unknown return date,2026-08-02T09:00:11.030017Z,39,0.7213888225294868,0,11.8,0,0,0,0,0,0,501902,,,,,,,2026-27,0c133121c3637cccea64e7dc70a58d499d53501a46c780f65d6f89cd020d52e9,2026-09-27T08:05:19.992073Z,launch_evidence:official_scout_promoted_player_analysis,0.0,True,0.0,0.75,official_scout_promoted_player_analysis,https://www.premierleague.com/en/news/4680821/the-scouts-analysis-of-15-key-player-prices-in-202627-fantasy,2.8134164078649984
438,16,3,Tyler Fletcher,Fletcher,Man Utd,MUN,Midfielder,4.4,0,1.0,0.3333333333333333,0,0.3,a,,,,,44,0.22727272727272727,0,0.0,0,0,0,0,0,0,519913,,,,,,,2026-27,0c133121c3637cccea64e7dc70a58d499d53501a46c780f65d6f89cd020d52e9,2026-09-27T08:05:19.992073Z,official_2025-26_stats,0.0,False,1.0,0.0,,,1.0
437,16,3,Bendito Mantato,Bendito Mantato,Man Utd,MUN,Midfielder,4.4,0,1.0,0.0,0,0.2,a,,,,,44,0.22727272727272727,0,0.0,0,0,0,0,0,0,576620,,,,,,,2026-27,0c133121c3637cccea64e7dc70a58d499d53501a46c780f65d6f89cd020d52e9,2026-09-27T08:05:19.992073Z,official_2025-26_stats,0.0,False,1.0,0.0,,,1.0
436,16,3,Toby Collyer,Collyer,Man Utd,MUN,Midfielder,5.0,0,3.55,3.55,0,0.0,u,0.0,0.0,Has joined West Brom permanently,2026-09-01T13:16:48.584385Z,50,0.71,0,0.0,0,0,0,0,0,0,490881,,,,,,,2026-27,0c133121c3637cccea64e7dc70a58d499d53501a46c780f65d6f89cd020d52e9,2026-09-27T08:05:19.992073Z,new_player_position_prior,0.0,False,0.0,0.0,,,3.55
654,9,3,Braiden Graham,Graham,Everton,EVE,Midfielder,4.5,0,3.4094868329805053,3.4094868329805053,0,0.1,a,,,,,45,0.7576637406623346,0,0.0,0,0,0,0,0,0,629068,,,,,,,2026-27,0c133121c3637cccea64e7dc70a58d499d53501a46c780f65d6f89cd020d52e9,2026-09-27T08:05:19.992073Z,new_player_position_prior,0.42790569415042096,False,1.0,0.0,,,3.4094868329805053
434,16,3,Jack Fletcher,J.Fletcher,Man Utd,MUN,Midfielder,4.9,0,1.0,0.0,0,0.0,a,,,,,49,0.2040816326530612,0,0.0,0,0,0,0,0,0,547037,,,,,,,2026-27,0c133121c3637cccea64e7dc70a58d499d53501a46c780f65d6f89cd020d52e9,2026-09-27T08:05:19.992073Z,official_2025-26_stats,0.0,False,1.0,0.0,,,1.0
433,16,3,Manuel Ugarte Ribeiro,Ugarte,Man Utd,MUN,Midfielder,5.0,0,1.7272727272727273,0.0,0,0.0,i,0.0,0.0,Knee injury - Unknown return date,2026-07-23T12:01:23.706702Z,50,0.34545454545454546,0,0.0,0,0,0,0,0,0,232112,,,,,,,2026-27,0c133121c3637cccea64e7dc70a58d499d53501a46c780f65d6f89cd020d52e9,2026-09-27T08:05:19.992073Z,official_2025-26_stats,0.0,False,0.0,0.0,,,1.7272727272727273
431,16,3,Amad Diallo,Amad,Man Utd,MUN,Midfielder,5.7,0,2.84375,4.0,0,0.3,i,0.0,0.0,Unspecified injury - Unknown return date,2026-08-22T11:00:08.617283Z,57,0.4989035087719298,0,0.0,0,0,0,0,0,0,493250,,,,,4.0,,2026-27,0c133121c3637cccea64e7dc70a58d499d53501a46c780f65d6f89cd020d52e9,2026-09-27T08:05:19.992073Z,official_2025-26_stats,0.0,False,0.0,0.0,,,2.84375
466,17,4,Sean Neave,Neave,Newcastle,NEW,Forward,4.5,0,1.0,0.3333333333333333,0,0.5,u,0.0,0.0,Has joined Wolves on loan for the rest of the season,2026-09-04T12:37:43.515176Z,45,0.2222222222222222,0,0.0,0,0,0,0,0,0,599303,,,,,,,2026-27,0c133121c3637cccea64e7dc70a58d499d53501a46c780f65d6f89cd020d52e9,2026-09-27T08:05:19.992073Z,official_2025-26_stats,0.0,False,0.0,0.0,,,1.0
107,4,4,Kaye Furo,Furo,Brentford,BRE,Forward,4.5,0,1.0,0.0,0,0.9,i,0.0,0.0,Unspecified injury - Unknown return date,2026-09-14T14:00:09.985723Z,45,0.2222222222222222,0,0.0,0,0,0,0,0,0,593174,,,,,,,2026-27,0c133121c3637cccea64e7dc70a58d499d53501a46c780f65d6f89cd020d52e9,2026-09-27T08:05:19.992073Z,official_2025-26_stats,0.0,False,0.0,0.0,,,1.0
103,4,3,Josh Dasilva,Dasilva,Brentford,BRE,Midfielder,4.9,0,1.0,0.3333333333333333,0,0.0,i,0.0,0.0,Hamstring injury - Expected back 10 Oct,2026-09-04T13:30:08.371955Z,49,0.2040816326530612,0,0.0,0,0,0,0,0,0,183656,,,,,,,2026-27,0c133121c3637cccea64e7dc70a58d499d53501a46c780f65d6f89cd020d52e9,2026-09-27T08:05:19.992073Z,official_2025-26_stats,0.0,False,0.0,0.0,,,1.0
99,4,3,Antoni Milambo,Milambo,Brentford,BRE,Midfielder,5.0,0,1.0,0.0,0,0.0,i,0.0,0.0,Knee injury - Unknown return date,2026-07-23T12:01:23.384798Z,50,0.2,0,0.0,0,0,0,0,0,0,543295,,,,,,,2026-27,0c133121c3637cccea64e7dc70a58d499d53501a46c780f65d6f89cd020d52e9,2026-09-27T08:05:19.992073Z,official_2025-26_stats,0.0,False,0.0,0.0,,,1.0
92,4,2,Kim Ji-soo,Ji-soo,Brentford,BRE,Defender,4.4,0,3.12,3.12,0,0.0,a,,,,,44,0.7090909090909091,0,0.0,0,0,0,0,0,0,570241,,,,,,,2026-27,0c133121c3637cccea64e7dc70a58d499d53501a46c780f65d6f89cd020d52e9,2026-09-27T08:05:19.992073Z,new_player_position_prior,0.445,False,1.0,0.0,,,3.12
235,9,2,Adam Aznou,Aznou,Everton,EVE,Defender,4.0,0,3.0094868329805053,3.0094868329805053,0,0.1,u,0.0,0.0,Has joined Malaga on loan for the rest of the season,2026-09-01T13:23:16.934847Z,40,0.7523717082451263,0,0.0,0,0,0,0,0,0,499300,,,,,,,2026-27,0c133121c3637cccea64e7dc70a58d499d53501a46c780f65d6f89cd020d52e9,2026-09-27T08:05:19.992073Z,new_player_position_prior,0.0,False,0.0,0.0,,,3.0094868329805053
458,17,3,Joelinton Cássio Apolinário de Lira,Joelinton,Newcastle,NEW,Midfielder,5.4,0,2.7037037037037037,0.6666666666666666,0,0.0,i,0.0,0.0,Unspecified injury - Unknown return date,2026-08-16T08:00:08.074045Z,54,0.5006858710562414,0,0.0,0,0,0,0,0,0,180974,,,,,,,2026-27,0c133121c3637cccea64e7dc70a58d499d53501a46c780f65d6f89cd020d52e9,2026-09-27T08:05:19.992073Z,official_2025-26_stats,0.0,False,0.0,0.0,,,2.7037037037037037
234,9,2,Nathan Patterson,Patterson,Everton,EVE,Defender,4.5,0,3.142857142857143,0.0,0,0.0,u,0.0,0.0,Has joined Torino permanently,2026-09-02T16:05:23.326971Z,45,0.6984126984126984,0,0.0,0,0,0,0,0,0,243571,,,,,,,2026-27,0c133121c3637cccea64e7dc70a58d499d53501a46c780f65d6f89cd020d52e9,2026-09-27T08:05:19.992073Z,official_2025-26_stats,0.0,False,0.0,0.0,,,3.142857142857143
451,17,2,Alex Murphy,A.Murphy,Newcastle,NEW,Defender,4.0,0,1.0,0.3333333333333333,0,0.1,u,0.0,0.0,Has joined FC Kaiserslautern on loan for the rest of the season,2026-08-12T14:05:29.224600Z,40,0.25,0,0.0,0,0,0,0,0,0,545477,,,,,,,2026-27,0c133121c3637cccea64e7dc70a58d499d53501a46c780f65d6f89cd020d52e9,2026-09-27T08:05:19.992073Z,official_2025-26_stats,0.0,False,0.0,0.0,,,1.0
448,17,2,Dan Burn,Burn,Newcastle,NEW,Defender,4.8,0,3.206896551724138,1.3333333333333333,0,0.7,i,0.0,0.0,Ankle injury - Expected back 12 Oct,2026-08-23T18:00:08.367241Z,48,0.6681034482758621,0,0.0,0,0,0,0,0,0,78916,,,,,,,2026-27,0c133121c3637cccea64e7dc70a58d499d53501a46c780f65d6f89cd020d52e9,2026-09-27T08:05:19.992073Z,official_2025-26_stats,0.0,False,0.0,0.0,,,3.206896551724138
276,11,1,Thimothée Lo-Tutala,Lo-Tutala,Hull City,HUL,Goalkeeper,4.0,0,3.0,3.0,0,0.0,u,0.0,0.0,Has joined Colchester United on loan for the rest of the season,2026-08-17T13:50:27.125537Z,40,0.75,0,0.0,0,0,0,0,0,0,444307,,,,,,,2026-27,0c133121c3637cccea64e7dc70a58d499d53501a46c780f65d6f89cd020d52e9,2026-09-27T08:05:19.992073Z,new_player_position_prior,0.0,True,0.0,0.0,,,3.0
444,17,1,Ewen Jaouen,Jaouen,Newcastle,NEW,Goalkeeper,4.4,0,3.3200000000000003,3.3200000000000003,0,0.0,d,50.0,50.0,Ankle injury - 50% chance of playing,2026-09-10T16:00:09.127466Z,44,0.7545454545454545,0,0.0,0,0,0,0,0,0,554578,,,,,,,2026-27,0c133121c3637cccea64e7dc70a58d499d53501a46c780f65d6f89cd020d52e9,2026-09-27T08:05:19.992073Z,new_player_position_prior,0.445,False,0.5,0.0,,,3.3200000000000003
443,17,1,Mark Gillespie,Gillespie,Newcastle,NEW,Goalkeeper,4.5,0,3.35,3.35,0,0.0,a,,,,,45,0.7444444444444445,0,0.0,0,0,0,0,0,0,81441,,,,,,,2026-27,0c133121c3637cccea64e7dc70a58d499d53501a46c780f65d6f89cd020d52e9,2026-09-27T08:05:19.992073Z,new_player_position_prior,0.45125,False,1.0,0.0,,,3.35
442,17,1,Nick Pope,Pope,Newcastle,NEW,Goalkeeper,4.9,0,3.5555555555555554,3.0,0,0.9,a,,,,,49,0.7256235827664398,0,0.0,0,0,0,0,0,0,98747,,,,,,,2026-27,0c133121c3637cccea64e7dc70a58d499d53501a46c780f65d6f89cd020d52e9,2026-09-27T08:05:19.992073Z,official_2025-26_stats,0.7105263157894737,False,1.0,0.0,,,3.5555555555555554
275,11,1,Harvey Cartwright,Cartwright,Hull City,HUL,Goalkeeper,4.0,0,3.0,3.0,0,0.0,u,0.0,0.0,Has joined Grimsby Town on loan for the rest of the season,2026-07-29T13:00:27.959925Z,40,0.75,0,0.0,0,0,0,0,0,0,494950,,,,,,,2026-27,0c133121c3637cccea64e7dc70a58d499d53501a46c780f65d6f89cd020d52e9,2026-09-27T08:05:19.992073Z,new_player_position_prior,0.0,True,0.0,0.0,,,3.0
118,5,2,Igor Julio dos Santos de Paulo,Igor,Brighton,BHA,Defender,4.5,0,1.5,0.0,0,0.0,u,0.0,0.0,Has joined Burnley permanently,2026-09-02T15:38:15.529699Z,45,0.3333333333333333,0,0.0,0,0,0,0,0,0,223434,,,,,,,2026-27,0c133121c3637cccea64e7dc70a58d499d53501a46c780f65d6f89cd020d52e9,2026-09-27T08:05:19.992073Z,official_2025-26_stats,0.0,False,0.0,0.0,,,1.5
666,17,3,Kyran Thompson,Thompson,Newcastle,NEW,Midfielder,4.5,0,3.4,3.4,0,0.0,a,,,,,45,0.7555555555555555,0,0.0,0,0,0,0,0,0,671875,,,,,,,2026-27,0c133121c3637cccea64e7dc70a58d499d53501a46c780f65d6f89cd020d52e9,2026-09-27T08:05:19.992073Z,new_player_position_prior,0.42,False,1.0,0.0,,,3.4
665,17,3,Michael Mills,Mills,Newcastle,NEW,Midfielder,4.5,0,3.4,3.4,0,0.0,a,,,,,45,0.7555555555555555,0,0.0,0,0,0,0,0,0,655585,,,,,,,2026-27,0c133121c3637cccea64e7dc70a58d499d53501a46c780f65d6f89cd020d52e9,2026-09-27T08:05:19.992073Z,new_player_position_prior,0.42,False,1.0,0.0,,,3.4
85,4,2,Sepp van den Berg,Van den Berg,Brentford,BRE,Defender,4.9,0,3.53125,2.6666666666666665,0,0.1,i,0.0,0.0,Groin injury - Unknown return date,2026-08-15T15:30:06.416627Z,49,0.7206632653061223,0,0.0,0,0,0,0,0,0,444765,,,,,,,2026-27,0c133121c3637cccea64e7dc70a58d499d53501a46c780f65d6f89cd020d52e9,2026-09-27T08:05:19.992073Z,official_2025-26_stats,0.0,False,0.0,0.0,,,3.53125
83,4,1,Hákon Rafn Valdimarsson,Valdimarsson,Brentford,BRE,Goalkeeper,4.5,0,1.0,0.0,0,0.1,a,,,,,45,0.2222222222222222,0,0.0,0,0,0,0,0,0,507433,,,,,,,2026-27,0c133121c3637cccea64e7dc70a58d499d53501a46c780f65d6f89cd020d52e9,2026-09-27T08:05:19.992073Z,official_2025-26_stats,0.02631578947368421,False,1.0,0.0,,,1.0
274,11,1,Jack Butland,Butland,Hull City,HUL,Goalkeeper,4.4,0,3.1294868329805055,3.1294868329805055,0,0.1,i,0.0,0.0,Arm injury - Unknown return date,2026-08-08T19:00:05.601633Z,44,0.7112470074955693,0,0.0,0,0,0,0,0,0,105666,,,,,,,2026-27,0c133121c3637cccea64e7dc70a58d499d53501a46c780f65d6f89cd020d52e9,2026-09-27T08:05:19.992073Z,new_player_position_prior,0.0,True,0.0,0.0,,,3.1294868329805055
297,11,3,Darko Gyabi,Gyabi,Hull City,HUL,Midfielder,4.4,0,3.1999999999999997,3.1999999999999997,0,0.0,i,0.0,0.0,Thigh injury - Unknown return date,2026-08-04T18:30:11.027155Z,44,0.7272727272727272,0,0.0,0,0,0,0,0,0,470294,,,,,,,2026-27,0c133121c3637cccea64e7dc70a58d499d53501a46c780f65d6f89cd020d52e9,2026-09-27T08:05:19.992073Z,new_player_position_prior,0.0,True,0.0,0.0,,,3.1999999999999997
573,3,2,Juanlu Sánchez,Sanchez,Bournemouth,BOU,Defender,4.4,0,3.1334164078649986,3.1334164078649986,0,0.2,a,,,,,44,0.7121400926965905,0,0.0,0,0,0,0,0,0,494928,,,,,,,2026-27,0c133121c3637cccea64e7dc70a58d499d53501a46c780f65d6f89cd020d52e9,2026-09-27T08:05:19.992073Z,new_player_position_prior,0.45618033988749895,False,1.0,0.0,,,3.1334164078649986
296,11,3,David Akintola,Akintola,Hull City,HUL,Midfielder,5.0,0,3.3499999999999996,3.3499999999999996,0,0.0,u,0.0,0.0,Has joined Omonoia FC permanently,2026-09-11T14:42:38.120231Z,50,0.6699999999999999,0,0.0,0,0,0,0,0,0,213292,,,,,,,2026-27,0c133121c3637cccea64e7dc70a58d499d53501a46c780f65d6f89cd020d52e9,2026-09-27T08:05:19.992073Z,new_player_position_prior,0.0,True,0.0,0.0,,,3.3499999999999996
80,3,4,Enes Ünal,Enes Ünal,Bournemouth,BOU,Forward,5.5,0,1.173913043478261,1.0,0,0.0,u,0.0,0.0,Has joined Getafe permanently,2026-08-14T14:14:21.881112Z,55,0.21343873517786563,0,0.0,0,0,0,0,0,0,168636,,,,,,,2026-27,0c133121c3637cccea64e7dc70a58d499d53501a46c780f65d6f89cd020d52e9,2026-09-27T08:05:19.992073Z,official_2025-26_stats,0.0,False,0.0,0.0,,,1.173913043478261
78,3,3,Junior Kroupi,Kroupi.Jr,Bournemouth,BOU,Midfielder,7.4,0,3.53125,4.0,0,0.2,i,0.0,0.0,Foot injury - Expected back 7 Nov,2026-07-29T17:30:09.796802Z,74,0.47719594594594594,0,0.0,0,0,0,0,0,0,560262,1.0,,,,,,2026-27,0c133121c3637cccea64e7dc70a58d499d53501a46c780f65d6f89cd020d52e9,2026-09-27T08:05:19.992073Z,official_2025-26_stats,0.0,False,0.0,0.0,,,3.53125
77,3,3,Amine Adli,Adli,Bournemouth,BOU,Midfielder,4.9,0,2.161290322580645,0.6666666666666666,0,0.0,i,0.0,0.0,Calf injury - Unknown return date,2026-08-15T16:00:07.590566Z,49,0.44107965766951934,0,0.0,0,0,0,0,0,0,489888,,,,,,,2026-27,0c133121c3637cccea64e7dc70a58d499d53501a46c780f65d6f89cd020d52e9,2026-09-27T08:05:19.992073Z,official_2025-26_stats,0.0,False,0.0,0.0,,,2.161290322580645
664,17,4,Vakhtang Salia,Salia,Newcastle,NEW,Forward,4.5,0,3.6094868329805054,3.6094868329805054,0,0.1,a,,,,,45,0.802108185106779,0,0.0,0,0,0,0,0,0,601767,,,,,,,2026-27,0c133121c3637cccea64e7dc70a58d499d53501a46c780f65d6f89cd020d52e9,2026-09-27T08:05:19.992073Z,new_player_position_prior,0.42790569415042096,False,1.0,0.0,,,3.6094868329805054
663,17,2,Miodrag Pivas,Pivas,Newcastle,NEW,Defender,4.0,0,3.0,3.0,0,0.0,a,,,,,40,0.75,0,0.0,0,0,0,0,0,0,578512,,,,,,,2026-27,0c133121c3637cccea64e7dc70a58d499d53501a46c780f65d6f89cd020d52e9,2026-09-27T08:05:19.992073Z,new_player_position_prior,0.42,False,1.0,0.0,,,3.0
659,17,3,Mason Miley,Miley,Newcastle,NEW,Midfielder,4.5,0,3.4,3.4,0,0.0,a,,,,,45,0.7555555555555555,0,0.0,0,0,0,0,0,0,665243,,,,,,,2026-27,0c133121c3637cccea64e7dc70a58d499d53501a46c780f65d6f89cd020d52e9,2026-09-27T08:05:19.992073Z,new_player_position_prior,0.42,False,1.0,0.0,,,3.4
609,17,2,Leo Shahar,Shahar,Newcastle,NEW,Defender,4.0,0,3.0134164078649985,3.0134164078649985,0,0.2,u,0.0,0.0,has joined Arouca on loan for the rest of the seaon.,2026-09-11T14:41:57.406766Z,40,0.7533541019662496,0,0.0,0,0,0,0,0,0,553746,,,,,,,2026-27,0c133121c3637cccea64e7dc70a58d499d53501a46c780f65d6f89cd020d52e9,2026-09-27T08:05:19.992073Z,new_player_position_prior,0.0,False,0.0,0.0,,,3.0134164078649985
294,11,3,Óscar Zambrano,Zambrano,Hull City,HUL,Midfielder,4.5,0,3.209486832980505,3.209486832980505,0,0.1,a,100.0,100.0,,2026-08-04T18:30:11.016909Z,45,0.71321929621789,0,0.0,0,0,0,0,0,0,553783,,,,,,,2026-27,0c133121c3637cccea64e7dc70a58d499d53501a46c780f65d6f89cd020d52e9,2026-09-27T08:05:19.992073Z,new_player_position_prior,0.42790569415042096,True,1.0,0.0,,,3.209486832980505
485,18,3,Dilane Bakwa,Bakwa,Nott'm Forest,NFO,Midfielder,5.5,0,1.8571428571428572,1.3333333333333333,0,0.0,u,0.0,0.0,Has joined Lille on loan for the rest of the season,2026-08-27T14:53:03.381941Z,55,0.33766233766233766,0,0.0,0,0,0,0,0,0,476887,,,,,,,2026-27,0c133121c3637cccea64e7dc70a58d499d53501a46c780f65d6f89cd020d52e9,2026-09-27T08:05:19.992073Z,official_2025-26_stats,0.0,False,0.0,0.0,,,1.8571428571428572
484,18,3,Omari Hutchinson,Hutchinson,Nott'm Forest,NFO,Midfielder,5.4,0,2.6451612903225805,2.6666666666666665,0,0.1,u,0.0,0.0,Has joined AC Milan on loan for the rest of the season,2026-09-01T13:23:52.340206Z,54,0.4898446833930704,0,0.0,0,0,0,0,0,0,503301,,,,,,,2026-27,0c133121c3637cccea64e7dc70a58d499d53501a46c780f65d6f89cd020d52e9,2026-09-27T08:05:19.992073Z,official_2025-26_stats,0.0,False,0.0,0.0,,,2.6451612903225805
293,11,3,Abu Kamara,Kamara,Hull City,HUL,Midfielder,5.0,0,3.3499999999999996,3.3499999999999996,0,0.0,u,0.0,0.0,Has joined Portsmouth permanently,2026-08-12T14:08:23.542043Z,50,0.6699999999999999,0,0.0,0,0,0,0,0,0,490161,,,,,,,2026-27,0c133121c3637cccea64e7dc70a58d499d53501a46c780f65d6f89cd020d52e9,2026-09-27T08:05:19.992073Z,new_player_position_prior,0.0,True,0.0,0.0,,,3.3499999999999996
479,18,2,Tyler Bindon,Bindon,Nott'm Forest,NFO,Defender,4.0,0,3.0094868329805053,3.0094868329805053,0,0.1,u,0.0,0.0,Has joined Charlton Athletic on loan for the rest of the season,2026-09-01T13:16:05.383880Z,40,0.7523717082451263,0,0.0,0,0,0,0,0,0,538638,,,,,,,2026-27,0c133121c3637cccea64e7dc70a58d499d53501a46c780f65d6f89cd020d52e9,2026-09-27T08:05:19.992073Z,new_player_position_prior,0.0,False,0.0,0.0,,,3.0094868329805053
231,9,2,Michael Keane,Keane,Everton,EVE,Defender,4.8,0,3.9696969696969697,3.0,0,0.7,a,,,,,48,0.8270202020202021,0,0.0,0,0,0,0,0,0,106611,,,,,,,2026-27,0c133121c3637cccea64e7dc70a58d499d53501a46c780f65d6f89cd020d52e9,2026-09-27T08:05:19.992073Z,official_2025-26_stats,0.7631578947368421,False,1.0,0.0,,,3.9696969696969697
228,9,1,Tom King,King,Everton,EVE,Goalkeeper,4.5,0,3.35,3.35,0,0.0,a,,,,,45,0.7444444444444445,0,0.0,0,0,0,0,0,0,138001,,,,,,,2026-27,0c133121c3637cccea64e7dc70a58d499d53501a46c780f65d6f89cd020d52e9,2026-09-27T08:05:19.992073Z,new_player_position_prior,0.45125,False,1.0,0.0,,,3.35
66,3,2,Julio Soler Barreto,Soler,Bournemouth,BOU,Defender,4.0,0,1.0,0.0,0,0.3,a,100.0,100.0,,2026-08-15T16:30:07.021055Z,40,0.25,0,0.0,0,0,0,0,0,0,575901,,,,,,,2026-27,0c133121c3637cccea64e7dc70a58d499d53501a46c780f65d6f89cd020d52e9,2026-09-27T08:05:19.992073Z,official_2025-26_stats,0.0,False,1.0,0.0,,,1.0
65,3,2,Julián Araujo Zúñiga,J.Araujo,Bournemouth,BOU,Defender,4.4,0,3.12,3.12,0,0.0,i,0.0,0.0,Thigh injury - Unknown return date,2026-08-09T08:00:05.645826Z,44,0.7090909090909091,0,0.0,0,0,0,0,0,0,436893,,,,,,,2026-27,0c133121c3637cccea64e7dc70a58d499d53501a46c780f65d6f89cd020d52e9,2026-09-27T08:05:19.992073Z,new_player_position_prior,0.0,False,0.0,0.0,,,3.12
63,3,2,Veljko Milosavljevic,Milosavljević,Bournemouth,BOU,Defender,4.9,0,2.7142857142857144,0.0,0,0.0,i,0.0,0.0,Thigh injury - Unknown return date,2026-08-06T10:00:10.456051Z,49,0.553935860058309,0,0.0,0,0,0,0,0,0,620487,,,,,,,2026-27,0c133121c3637cccea64e7dc70a58d499d53501a46c780f65d6f89cd020d52e9,2026-09-27T08:05:19.992073Z,official_2025-26_stats,0.0,False,0.0,0.0,,,2.7142857142857144
62,3,2,Bafodé Diakité,Diakité,Bournemouth,BOU,Defender,4.9,0,2.5555555555555554,0.0,0,0.2,a,,,,,49,0.5215419501133786,0,0.0,0,0,0,0,0,0,242882,,,,,,,2026-27,0c133121c3637cccea64e7dc70a58d499d53501a46c780f65d6f89cd020d52e9,2026-09-27T08:05:19.992073Z,official_2025-26_stats,0.34210526315789475,False,1.0,0.0,,,2.5555555555555554
227,9,1,Mark Travers,Travers,Everton,EVE,Goalkeeper,5.0,0,3.5,3.5,0,0.0,a,,,,,50,0.7,0,0.0,0,0,0,0,0,0,229600,,,,,,,2026-27,0c133121c3637cccea64e7dc70a58d499d53501a46c780f65d6f89cd020d52e9,2026-09-27T08:05:19.992073Z,new_player_position_prior,0.4825,False,1.0,0.0,,,3.5
477,18,2,Zach Abbott,Abbott,Nott'm Forest,NFO,Defender,4.0,0,1.0,0.0,0,0.1,u,0.0,0.0,Has joined Southampton on loan for the rest of the season,2026-09-02T16:19:54.536676Z,40,0.25,0,0.0,0,0,0,0,0,0,549067,,,,,,,2026-27,0c133121c3637cccea64e7dc70a58d499d53501a46c780f65d6f89cd020d52e9,2026-09-27T08:05:19.992073Z,official_2025-26_stats,0.0,False,0.0,0.0,,,1.0
476,18,2,Omar Richards,O.Richards,Nott'm Forest,NFO,Defender,4.0,0,3.0134164078649985,3.0134164078649985,0,0.2,a,,,,,40,0.7533541019662496,0,0.0,0,0,0,0,0,0,204822,,,,,,,2026-27,0c133121c3637cccea64e7dc70a58d499d53501a46c780f65d6f89cd020d52e9,2026-09-27T08:05:19.992073Z,new_player_position_prior,0.43118033988749893,False,1.0,0.0,,,3.0134164078649985
475,18,2,Nicolò Savona,Savona,Nott'm Forest,NFO,Defender,4.5,0,2.7857142857142856,0.0,0,0.0,i,0.0,0.0,Knee injury - Unknown return date,2026-07-23T12:01:23.816304Z,45,0.6190476190476191,0,0.0,0,0,0,0,0,0,500151,,,,,,,2026-27,0c133121c3637cccea64e7dc70a58d499d53501a46c780f65d6f89cd020d52e9,2026-09-27T08:05:19.992073Z,official_2025-26_stats,0.0,False,0.0,0.0,,,2.7857142857142856
470,18,2,Felipe Rodrigues da Silva,Morato,Nott'm Forest,NFO,Defender,5.0,0,2.5238095238095237,5.0,0,0.0,u,0.0,0.0,Has joined West Ham on loan for the rest of the season,2026-09-02T16:19:54.503286Z,50,0.5047619047619047,0,0.0,0,0,0,0,0,0,485047,,,,,,,2026-27,0c133121c3637cccea64e7dc70a58d499d53501a46c780f65d6f89cd020d52e9,2026-09-27T08:05:19.992073Z,official_2025-26_stats,0.0,False,0.0,0.0,,,2.5238095238095237
468,18,1,John Victor Maciel Furtado,John,Nott'm Forest,NFO,Goalkeeper,4.5,0,2.2,0.0,0,0.1,a,,,,,45,0.48888888888888893,0,0.0,0,0,0,0,0,0,221389,,,,,,,2026-27,0c133121c3637cccea64e7dc70a58d499d53501a46c780f65d6f89cd020d52e9,2026-09-27T08:05:19.992073Z,official_2025-26_stats,0.13157894736842105,False,1.0,0.0,,,2.2
494,19,1,Guglielmo Vicario,Vicario,Spurs,TOT,Goalkeeper,4.5,0,2.903225806451613,0.0,0,0.1,u,0.0,0.0,Has joined Juventus on loan for the rest of the season,2026-08-19T13:55:33.193962Z,45,0.6451612903225806,0,0.0,0,0,0,0,0,0,184254,,,,,,,2026-27,0c133121c3637cccea64e7dc70a58d499d53501a46c780f65d6f89cd020d52e9,2026-09-27T08:05:19.992073Z,official_2025-26_stats,0.0,False,0.0,0.0,,,2.903225806451613
21,9,3,Christian Nørgaard,Nørgaard,Everton,EVE,Midfielder,4.9,0,1.0,0.3333333333333333,0,0.0,i,0.0,0.0,Groin injury - Unknown return date,2026-08-15T20:00:06.779594Z,49,0.2040816326530612,0,0.0,0,0,0,0,0,0,128295,,,,,,,2026-27,0c133121c3637cccea64e7dc70a58d499d53501a46c780f65d6f89cd020d52e9,2026-09-27T08:05:19.992073Z,official_2025-26_stats,0.0,False,0.0,0.0,,,1.0
59,3,1,Will Dennis,Dennis,Bournemouth,BOU,Goalkeeper,4.0,0,3.2094868329805055,3.2094868329805055,0,0.1,u,0.0,0.0,Has joined MK Dons permanently,2026-08-27T14:53:48.692835Z,40,0.8023717082451264,0,0.0,0,0,0,0,0,0,444172,,,,,,,2026-27,0c133121c3637cccea64e7dc70a58d499d53501a46c780f65d6f89cd020d52e9,2026-09-27T08:05:19.992073Z,new_player_position_prior,0.0,False,0.0,0.0,,,3.2094868329805055
58,3,1,Fraser Forster,Forster,Bournemouth,BOU,Goalkeeper,4.0,0,3.2561248608016093,3.2561248608016093,0,3.5,a,,,,,40,0.8140312152004023,0,0.0,0,0,0,0,0,0,40383,,,,,,,2026-27,0c133121c3637cccea64e7dc70a58d499d53501a46c780f65d6f89cd020d52e9,2026-09-27T08:05:19.992073Z,new_player_position_prior,0.46677071733467423,False,1.0,0.0,,,3.2561248608016093
667,2,1,James Wright,Wright,Aston Villa,AVL,Goalkeeper,4.0,0,3.2094868329805055,3.2094868329805055,0,0.1,a,,,,,40,0.8023717082451264,0,0.0,0,0,0,0,0,0,481283,,,,,,,2026-27,0c133121c3637cccea64e7dc70a58d499d53501a46c780f65d6f89cd020d52e9,2026-09-27T08:05:19.992073Z,new_player_position_prior,0.42790569415042096,False,1.0,0.0,,,3.2094868329805055
292,11,3,Abdülkadir Ömür,Ömür,Hull City,HUL,Midfielder,4.9,0,3.32,3.32,0,0.0,a,,,,,49,0.6775510204081632,0,0.0,0,0,0,0,0,0,208481,,,,,,,2026-27,0c133121c3637cccea64e7dc70a58d499d53501a46c780f65d6f89cd020d52e9,2026-09-27T08:05:19.992073Z,new_player_position_prior,0.445,True,1.0,0.0,,,3.32
630,2,2,Taylor Harwood-Bellis,Harwood-Bellis,Aston Villa,AVL,Defender,4.5,0,3.15,3.15,0,0.0,a,,,,,45,0.7,0,0.0,0,0,0,0,0,0,245719,,,,,,,2026-27,0c133121c3637cccea64e7dc70a58d499d53501a46c780f65d6f89cd020d52e9,2026-09-27T08:05:19.992073Z,new_player_position_prior,0.45125,False,1.0,0.0,,,3.15
618,2,3,Leon Goretzka,Goretzka,Aston Villa,AVL,Midfielder,5.9,0,3.82,3.82,0,0.0,i,0.0,0.0,Knee injury - Expected back 10 Oct,2026-09-09T09:30:08.229436Z,59,0.647457627118644,0,0.0,0,0,0,0,0,0,119090,,,,,,,2026-27,0c133121c3637cccea64e7dc70a58d499d53501a46c780f65d6f89cd020d52e9,2026-09-27T08:05:19.992073Z,new_player_position_prior,0.0,False,0.0,0.0,,,3.82
607,2,3,Luka Lynch,Lynch,Aston Villa,AVL,Midfielder,4.5,0,3.4094868329805053,3.4094868329805053,0,0.1,u,0.0,0.0,Has joined Oxford United on loan until January,2026-09-04T12:35:39.820426Z,45,0.7576637406623346,0,0.0,0,0,0,0,0,0,571380,,,,,,,2026-27,0c133121c3637cccea64e7dc70a58d499d53501a46c780f65d6f89cd020d52e9,2026-09-27T08:05:19.992073Z,new_player_position_prior,0.0,False,0.0,0.0,,,3.4094868329805053
606,2,2,Triston Rowe,Rowe,Aston Villa,AVL,Defender,4.0,0,3.0134164078649985,3.0134164078649985,0,0.2,a,,,,,40,0.7533541019662496,0,0.0,0,0,0,0,0,0,569577,,,,,,,2026-27,0c133121c3637cccea64e7dc70a58d499d53501a46c780f65d6f89cd020d52e9,2026-09-27T08:05:19.992073Z,new_player_position_prior,0.43118033988749893,False,1.0,0.0,,,3.0134164078649985
582,2,4,Brian Madjo,Madjo,Aston Villa,AVL,Forward,5.4,0,3.8834164078649986,3.8834164078649986,0,0.2,i,0.0,0.0,Unspecified injury - Unknown return date,2026-08-15T16:00:07.974271Z,54,0.7191511866416663,0,0.0,0,0,0,0,0,0,690838,,,,,,,2026-27,0c133121c3637cccea64e7dc70a58d499d53501a46c780f65d6f89cd020d52e9,2026-09-27T08:05:19.992073Z,new_player_position_prior,0.0,False,0.0,0.0,,,3.8834164078649986
291,11,3,Eliot Matazo,Matazo,Hull City,HUL,Midfielder,4.5,0,3.1999999999999997,3.1999999999999997,0,0.0,i,0.0,0.0,Knee injury - Unknown return date,2026-07-23T12:01:23.532635Z,45,0.711111111111111,0,0.0,0,0,0,0,0,0,465525,,,,,,,2026-27,0c133121c3637cccea64e7dc70a58d499d53501a46c780f65d6f89cd020d52e9,2026-09-27T08:05:19.992073Z,new_player_position_prior,0.0,True,0.0,0.0,,,3.1999999999999997
590,18,1,Steven Benda,Benda,Nott'm Forest,NFO,Goalkeeper,4.5,0,3.3594868329805054,3.3594868329805054,0,0.1,a,,,,,45,0.7465526295512235,0,0.0,0,0,0,0,0,0,428971,,,,,,,2026-27,0c133121c3637cccea64e7dc70a58d499d53501a46c780f65d6f89cd020d52e9,2026-09-27T08:05:19.992073Z,new_player_position_prior,0.45915569415042096,False,1.0,0.0,,,3.3594868329805054
288,11,3,Kieran Dowell,Dowell,Hull City,HUL,Midfielder,4.5,0,3.2164316767251546,3.2164316767251546,0,0.3,a,,,,,45,0.7147625948278121,0,0.0,0,0,0,0,0,0,171270,,,,,,,2026-27,0c133121c3637cccea64e7dc70a58d499d53501a46c780f65d6f89cd020d52e9,2026-09-27T08:05:19.992073Z,new_player_position_prior,0.43369306393762913,True,1.0,0.0,,,3.2164316767251546
489,18,3,Ryan Yates,Yates,Nott'm Forest,NFO,Midfielder,4.5,0,1.3636363636363635,0.3333333333333333,0,1.2,a,100.0,100.0,,2026-08-17T20:30:08.195072Z,45,0.303030303030303,0,0.0,0,0,0,0,0,0,204968,,,,,,,2026-27,0c133121c3637cccea64e7dc70a58d499d53501a46c780f65d6f89cd020d52e9,2026-09-27T08:05:19.992073Z,official_2025-26_stats,0.07894736842105263,False,1.0,0.0,,,1.3636363636363635
307,12,2,Ben Johnson,Johnson,Ipswich Town,IPS,Defender,4.0,0,2.809486832980505,2.809486832980505,0,0.1,u,0.0,0.0,Has joined Stoke City on loan for the rest of the season,2026-09-04T12:36:56.236331Z,40,0.7023717082451263,0,0.0,0,0,0,0,0,0,222018,,,,,,,2026-27,0c133121c3637cccea64e7dc70a58d499d53501a46c780f65d6f89cd020d52e9,2026-09-27T08:05:19.992073Z,new_player_position_prior,0.0,True,0.0,0.0,,,2.809486832980505
509,19,2,Jun'ai Byfield,Byfield,Spurs,TOT,Defender,4.0,0,1.0,0.0,0,0.1,a,,,,,40,0.25,0,0.0,0,0,0,0,0,0,640419,,,,,,,2026-27,0c133121c3637cccea64e7dc70a58d499d53501a46c780f65d6f89cd020d52e9,2026-09-27T08:05:19.992073Z,official_2025-26_stats,0.0,False,1.0,0.0,,,1.0
615,3,1,Michele Di Gregorio,Di Gregorio,Bournemouth,BOU,Goalkeeper,4.5,0,3.35,3.35,0,0.0,a,,,,,45,0.7444444444444445,0,0.0,0,0,0,0,0,0,230650,,,,,,,2026-27,0c133121c3637cccea64e7dc70a58d499d53501a46c780f65d6f89cd020d52e9,2026-09-27T08:05:19.992073Z,new_player_position_prior,0.45125,False,1.0,0.0,,,3.35
507,19,2,Ashley Phillips,Phillips,Spurs,TOT,Defender,4.5,0,3.15,3.15,0,0.0,u,0.0,0.0,Has joined Middlesbrough permanently,2026-08-18T14:13:08.474144Z,45,0.7,0,0.0,0,0,0,0,0,0,548308,,,,,,,2026-27,0c133121c3637cccea64e7dc70a58d499d53501a46c780f65d6f89cd020d52e9,2026-09-27T08:05:19.992073Z,new_player_position_prior,0.0,False,0.0,0.0,,,3.15
55,2,4,Ollie Watkins,Watkins,Aston Villa,AVL,Forward,7.8,0,4.513513513513513,12.333333333333334,0,2.5,u,0.0,0.0,Has joined Al Hilal permanently,2026-09-01T13:15:16.698799Z,78,0.5786555786555786,0,0.0,0,0,0,0,0,0,178301,,,,,,,2026-27,0c133121c3637cccea64e7dc70a58d499d53501a46c780f65d6f89cd020d52e9,2026-09-27T08:05:19.992073Z,official_2025-26_stats,0.0,False,0.0,0.0,,,4.513513513513513
303,12,2,Cédric Kipré,Kipré,Ipswich Town,IPS,Defender,3.9,0,2.8284604989415154,2.8284604989415154,0,0.9,a,,,,,39,0.7252462817798757,0,0.0,0,0,0,0,0,0,183015,,,,,,,2026-27,0c133121c3637cccea64e7dc70a58d499d53501a46c780f65d6f89cd020d52e9,2026-09-27T08:05:19.992073Z,new_player_position_prior,0.44371708245126285,True,1.0,0.0,,,2.8284604989415154
50,2,3,Bradley Burrowes,Burrowes,Aston Villa,AVL,Midfielder,4.5,0,1.0,0.0,0,0.6,a,,,,,45,0.2222222222222222,0,0.0,0,0,0,0,0,0,645618,,,,,,,2026-27,0c133121c3637cccea64e7dc70a58d499d53501a46c780f65d6f89cd020d52e9,2026-09-27T08:05:19.992073Z,official_2025-26_stats,0.0,False,1.0,0.0,,,1.0
49,2,3,Samuel Iling-Junior,Iling Jr,Aston Villa,AVL,Midfielder,5.0,0,3.55,3.55,0,0.0,u,0.0,0.0,Has joined Bolton Wanderers on loan for the rest of the season,2026-08-17T13:52:28.532616Z,50,0.71,0,0.0,0,0,0,0,0,0,469247,,,,,,,2026-27,0c133121c3637cccea64e7dc70a58d499d53501a46c780f65d6f89cd020d52e9,2026-09-27T08:05:19.992073Z,new_player_position_prior,0.0,False,0.0,0.0,,,3.55
48,2,3,Amadou Onana,Onana,Aston Villa,AVL,Midfielder,4.9,0,3.04,0.3333333333333333,0,0.0,i,0.0,0.0,Knee injury - Unknown return date,2026-07-23T12:01:23.352497Z,49,0.6204081632653061,0,0.0,0,0,0,0,0,0,449871,,,,,,,2026-27,0c133121c3637cccea64e7dc70a58d499d53501a46c780f65d6f89cd020d52e9,2026-09-27T08:05:19.992073Z,official_2025-26_stats,0.0,False,0.0,0.0,,,3.04
44,2,3,Leon Bailey,Bailey,Aston Villa,AVL,Midfielder,5.4,0,1.6153846153846154,2.0,0,0.1,u,0.0,0.0,Has joined Olympiakos permanently,2026-09-04T12:35:14.472260Z,54,0.29914529914529914,0,0.0,0,0,0,0,0,0,215711,,,,,,,2026-27,0c133121c3637cccea64e7dc70a58d499d53501a46c780f65d6f89cd020d52e9,2026-09-27T08:05:19.992073Z,official_2025-26_stats,0.0,False,0.0,0.0,,,1.6153846153846154
39,2,2,Kosta Nedeljkovic,Nedeljkovic,Aston Villa,AVL,Defender,4.0,0,3.0094868329805053,3.0094868329805053,0,0.1,u,0.0,0.0,Has joined Rangers on loan for the rest of the season,2026-08-19T13:56:46.385411Z,40,0.7523717082451263,0,0.0,0,0,0,0,0,0,578545,,,,,,,2026-27,0c133121c3637cccea64e7dc70a58d499d53501a46c780f65d6f89cd020d52e9,2026-09-27T08:05:19.992073Z,new_player_position_prior,0.0,False,0.0,0.0,,,3.0094868329805053
38,2,2,Andrés García,A.García,Aston Villa,AVL,Defender,4.0,0,0.8333333333333334,0.3333333333333333,0,1.5,a,,,,,40,0.20833333333333334,0,0.0,0,0,0,0,0,0,606798,,,,,,,2026-27,0c133121c3637cccea64e7dc70a58d499d53501a46c780f65d6f89cd020d52e9,2026-09-27T08:05:19.992073Z,official_2025-26_stats,0.0,False,1.0,0.0,,,0.8333333333333334
505,19,2,Djed Spence,Spence,Spurs,TOT,Defender,4.5,0,2.6,2.6666666666666665,0,0.2,u,0.0,0.0,Has joined Internazionale permanently,2026-08-18T14:13:08.454214Z,45,0.5777777777777778,0,0.0,0,0,0,0,0,0,232859,,,,,,,2026-27,0c133121c3637cccea64e7dc70a58d499d53501a46c780f65d6f89cd020d52e9,2026-09-27T08:05:19.992073Z,official_2025-26_stats,0.0,False,0.0,0.0,,,2.6
500,19,2,Cristian Romero,Romero,Spurs,TOT,Defender,5.0,0,3.9565217391304346,0.0,0,0.1,u,0.0,0.0,Has joined Atletico Madrid permanently,2026-08-17T13:49:05.465401Z,50,0.7913043478260869,0,0.0,0,0,0,0,0,0,221632,,,,,,,2026-27,0c133121c3637cccea64e7dc70a58d499d53501a46c780f65d6f89cd020d52e9,2026-09-27T08:05:19.992073Z,official_2025-26_stats,0.0,False,0.0,0.0,,,3.9565217391304346
302,12,1,David Button,Button,Ipswich Town,IPS,Goalkeeper,4.0,0,3.0232379000772447,3.0232379000772447,0,0.6,a,,,,,40,0.7558094750193112,0,0.0,0,0,0,0,0,0,50093,,,,,,,2026-27,0c133121c3637cccea64e7dc70a58d499d53501a46c780f65d6f89cd020d52e9,2026-09-27T08:05:19.992073Z,new_player_position_prior,0.43936491673103706,True,1.0,0.0,,,3.0232379000772447
497,19,1,Martin Dubravka,Dubravka,Spurs,TOT,Goalkeeper,4.0,0,2.823529411764706,0.0,0,17.1,a,,,,,40,0.7058823529411765,0,0.0,0,0,0,0,0,0,67089,,,,,,,2026-27,0c133121c3637cccea64e7dc70a58d499d53501a46c780f65d6f89cd020d52e9,2026-09-27T08:05:19.992073Z,official_2025-26_stats,0.8947368421052632,False,1.0,0.0,,,2.823529411764706
301,12,1,Alex Palmer,Palmer,Ipswich Town,IPS,Goalkeeper,4.0,0,3.0592452529743945,3.0592452529743945,0,3.9,a,,,,,40,0.7648113132435986,0,0.0,0,0,0,0,0,0,112520,,,,,,,2026-27,0c133121c3637cccea64e7dc70a58d499d53501a46c780f65d6f89cd020d52e9,2026-09-27T08:05:19.992073Z,new_player_position_prior,0.4693710441453287,True,1.0,0.0,,,3.0592452529743945
645,11,3,Christos Mouzakitis,Mouzakitis,Hull City,HUL,Midfielder,5.0,0,3.3499999999999996,3.3499999999999996,0,0.0,a,,,,,50,0.6699999999999999,0,0.0,0,0,0,0,0,0,647839,,,,,,,2026-27,0c133121c3637cccea64e7dc70a58d499d53501a46c780f65d6f89cd020d52e9,2026-09-27T08:05:19.992073Z,new_player_position_prior,0.45125,True,1.0,0.0,,,3.3499999999999996
626,10,3,Macaulay Zepa,Zepa,Fulham,FUL,Midfielder,4.4,0,3.416431676725155,3.416431676725155,0,0.3,a,,,,,44,0.7764617447102624,0,0.0,0,0,0,0,0,0,616069,,,,,,,2026-27,0c133121c3637cccea64e7dc70a58d499d53501a46c780f65d6f89cd020d52e9,2026-09-27T08:05:19.992073Z,new_player_position_prior,0.43369306393762913,False,1.0,0.0,,,3.416431676725155
610,10,2,Luc De Fougerolles,De Fougerolles,Fulham,FUL,Defender,4.0,0,3.0094868329805053,3.0094868329805053,0,0.1,u,0.0,0.0,has joined  Real Salt Lake on loan for the rest of the seaon.,2026-08-28T11:30:08.336405Z,40,0.7523717082451263,0,0.0,0,0,0,0,0,0,547686,,,,,,,2026-27,0c133121c3637cccea64e7dc70a58d499d53501a46c780f65d6f89cd020d52e9,2026-09-27T08:05:19.992073Z,new_player_position_prior,0.0,False,0.0,0.0,,,3.0094868329805053
272,10,4,Jonah Kusi-Asare,Kusi-Asare,Fulham,FUL,Forward,4.5,0,0.8571428571428571,0.3333333333333333,0,5.4,a,,,,,45,0.19047619047619047,0,0.0,0,0,0,0,0,0,631786,,,,,,,2026-27,0c133121c3637cccea64e7dc70a58d499d53501a46c780f65d6f89cd020d52e9,2026-09-27T08:05:19.992073Z,official_2025-26_stats,0.0,False,1.0,0.0,,,0.8571428571428571
632,11,4,Ilyas Ansah,Ansah,Hull City,HUL,Forward,5.0,0,3.55,3.55,0,0.0,i,0.0,0.0,Back injury - Unknown return date,2026-09-09T10:00:08.919489Z,50,0.71,0,0.0,0,0,0,0,0,0,626751,,,,,,,2026-27,0c133121c3637cccea64e7dc70a58d499d53501a46c780f65d6f89cd020d52e9,2026-09-27T08:05:19.992073Z,new_player_position_prior,0.0,True,0.0,0.0,,,3.55
270,10,3,Harrison Reed,Reed,Fulham,FUL,Midfielder,4.4,0,2.142857142857143,0.0,0,1.1,a,,,,,44,0.48701298701298695,0,0.0,0,0,0,0,0,0,153366,,,,,,,2026-27,0c133121c3637cccea64e7dc70a58d499d53501a46c780f65d6f89cd020d52e9,2026-09-27T08:05:19.992073Z,official_2025-26_stats,0.02631578947368421,False,1.0,0.0,,,2.142857142857143
299,11,4,Mason Burstow,Burstow,Hull City,HUL,Forward,4.5,0,3.4,3.4,0,0.0,u,0.0,0.0,Has joined Sheffield Wednesday on loan for the rest of the season,2026-08-03T14:05:20.234842Z,45,0.7555555555555555,0,0.0,0,0,0,0,0,0,534392,,,,,,,2026-27,0c133121c3637cccea64e7dc70a58d499d53501a46c780f65d6f89cd020d52e9,2026-09-27T08:05:19.992073Z,new_player_position_prior,0.0,True,0.0,0.0,,,3.4
266,10,3,Tom Cairney,Cairney,Fulham,FUL,Midfielder,4.9,0,1.7083333333333333,2.6666666666666665,0,0.0,i,0.0,0.0,Knee injury - Expected back 10 Oct,2026-08-14T18:00:06.460944Z,49,0.34863945578231287,0,0.0,0,0,0,0,0,0,76357,,,,,,,2026-27,0c133121c3637cccea64e7dc70a58d499d53501a46c780f65d6f89cd020d52e9,2026-09-27T08:05:19.992073Z,official_2025-26_stats,0.0,False,0.0,0.0,,,1.7083333333333333
298,11,4,Enis Destan,Destan,Hull City,HUL,Forward,4.5,0,3.4134164078649984,3.4134164078649984,0,0.2,u,0.0,0.0,Has joined Konyaspor permanently,2026-08-17T13:50:27.145733Z,45,0.7585369795255552,0,0.0,0,0,0,0,0,0,500957,,,,,,,2026-27,0c133121c3637cccea64e7dc70a58d499d53501a46c780f65d6f89cd020d52e9,2026-09-27T08:05:19.992073Z,new_player_position_prior,0.0,True,0.0,0.0,,,3.4134164078649984
256,10,2,Kenny Tete,Tete,Fulham,FUL,Defender,4.4,0,3.6818181818181817,0.0,27,0.2,a,100.0,0.0,,2026-09-18T12:30:09.546158Z,44,0.8367768595041322,3,10.0,0,0,-1,3,0,0,167074,,,,,,,2026-27,0c133121c3637cccea64e7dc70a58d499d53501a46c780f65d6f89cd020d52e9,2026-09-27T08:05:19.992073Z,official_2025-26_stats,0.5,False,1.0,0.0,,,3.6818181818181817
311,12,3,Wes Burns,Burns,Ipswich Town,IPS,Midfielder,5.0,0,3.3499999999999996,3.3499999999999996,0,0.0,u,0.0,0.0,Has joined Leicester City permanently,2026-08-10T14:02:47.597478Z,50,0.6699999999999999,0,0.0,0,0,0,0,0,0,149929,,,,,,,2026-27,0c133121c3637cccea64e7dc70a58d499d53501a46c780f65d6f89cd020d52e9,2026-09-27T08:05:19.992073Z,new_player_position_prior,0.0,True,0.0,0.0,,,3.3499999999999996
310,12,3,Azor Matusiwa,Matusiwa,Ipswich Town,IPS,Midfielder,4.9,0,3.32,3.32,0,0.0,a,100.0,100.0,,2026-07-29T18:00:10.305484Z,49,0.6775510204081632,0,0.0,0,0,0,0,0,0,241117,,,,,,,2026-27,0c133121c3637cccea64e7dc70a58d499d53501a46c780f65d6f89cd020d52e9,2026-09-27T08:05:19.992073Z,new_player_position_prior,0.445,True,1.0,0.0,,,3.32
252,10,1,Alfie McNally,McNally,Fulham,FUL,Goalkeeper,4.0,0,3.2094868329805055,3.2094868329805055,0,0.1,u,0.0,0.0,Has joined York City on loan for the rest of the season,2026-09-01T13:25:11.231240Z,40,0.8023717082451264,0,0.0,0,0,0,0,0,0,505079,,,,,,,2026-27,0c133121c3637cccea64e7dc70a58d499d53501a46c780f65d6f89cd020d52e9,2026-09-27T08:05:19.992073Z,new_player_position_prior,0.0,False,0.0,0.0,,,3.2094868329805055
251,10,1,Benjamin Lecomte,Lecomte,Fulham,FUL,Goalkeeper,4.0,0,3.231464265445105,3.231464265445105,0,1.1,a,,,,,40,0.8078660663612762,0,0.0,0,0,0,0,0,0,86873,,,,,,,2026-27,0c133121c3637cccea64e7dc70a58d499d53501a46c780f65d6f89cd020d52e9,2026-09-27T08:05:19.992073Z,new_player_position_prior,0.44622022120425375,False,1.0,0.0,,,3.231464265445105
6,1,2,William Saliba,Saliba,Arsenal,ARS,Defender,5.9,0,4.419354838709677,4.333333333333333,0,0.2,i,0.0,0.0,Back injury - Unknown return date,2026-07-23T12:01:23.289376Z,59,0.7490431930016401,0,0.0,0,0,0,0,0,0,462424,,,,,,,2026-27,0c133121c3637cccea64e7dc70a58d499d53501a46c780f65d6f89cd020d52e9,2026-09-27T08:05:19.992073Z,official_2025-26_stats,0.0,False,0.0,0.0,,,4.419354838709677
651,20,4,Juan Angulo,J.Angulo,Sunderland,SUN,Forward,4.5,0,3.6250998007960225,3.6250998007960225,0,0.7,a,,,,,45,0.8055777335102272,0,0.0,0,0,0,0,0,0,661313,,,,,,,2026-27,0c133121c3637cccea64e7dc70a58d499d53501a46c780f65d6f89cd020d52e9,2026-09-27T08:05:19.992073Z,new_player_position_prior,0.44091650066335186,False,1.0,0.0,,,3.6250998007960225
555,8,1,Remi Matthews,Matthews,Crystal Palace,CRY,Goalkeeper,4.0,0,3.239115214431216,3.239115214431216,0,1.7,a,,,,,40,0.809778803607804,0,0.0,0,0,0,0,0,0,169593,,,,,,,2026-27,0c133121c3637cccea64e7dc70a58d499d53501a46c780f65d6f89cd020d52e9,2026-09-27T08:05:19.992073Z,new_player_position_prior,0.45259601202601324,False,1.0,0.0,,,3.239115214431216
225,8,4,Christantus Uche,Uche,Crystal Palace,CRY,Forward,5.0,0,1.2142857142857142,0.0,0,0.0,u,0.0,0.0,has returned to Getafe CF,2026-07-23T12:18:56.275922Z,50,0.24285714285714283,0,0.0,0,0,0,0,0,0,660392,,,,,,,2026-27,0c133121c3637cccea64e7dc70a58d499d53501a46c780f65d6f89cd020d52e9,2026-09-27T08:05:19.992073Z,official_2025-26_stats,0.0,False,0.0,0.0,,,1.2142857142857142
30,2,2,Lucas Digne,Digne,Aston Villa,AVL,Defender,4.5,0,3.129032258064516,1.6666666666666667,0,0.0,u,0.0,0.0,Has joined Paris Saint-Germain permanently,2026-08-10T14:03:30.089007Z,45,0.6953405017921147,0,0.0,0,0,0,0,0,0,101188,,,,,,,2026-27,0c133121c3637cccea64e7dc70a58d499d53501a46c780f65d6f89cd020d52e9,2026-09-27T08:05:19.992073Z,official_2025-26_stats,0.0,False,0.0,0.0,,,3.129032258064516
221,8,3,Joél Drakes-Thomas,Drakes-Thomas,Crystal Palace,CRY,Midfielder,4.5,0,1.0,0.0,0,0.1,a,,,,,45,0.2222222222222222,0,0.0,0,0,0,0,0,0,672492,,,,,,,2026-27,0c133121c3637cccea64e7dc70a58d499d53501a46c780f65d6f89cd020d52e9,2026-09-27T08:05:19.992073Z,official_2025-26_stats,0.0,False,1.0,0.0,,,1.0
27,1,4,Gabriel Fernando de Jesus,G.Jesus,Arsenal,ARS,Forward,5.9,0,1.7142857142857142,1.6666666666666667,0,0.1,u,0.0,0.0,Has joined FC Barcelona permanently,2026-09-02T16:00:28.475184Z,59,0.29055690072639223,0,0.0,0,0,0,0,0,0,205651,,,,,,,2026-27,0c133121c3637cccea64e7dc70a58d499d53501a46c780f65d6f89cd020d52e9,2026-09-27T08:05:19.992073Z,official_2025-26_stats,0.0,False,0.0,0.0,,,1.7142857142857142
220,8,2,Rio Cardines,Cardines,Crystal Palace,CRY,Defender,4.5,0,2.0,0.6666666666666666,0,0.0,u,0.0,0.0,Has joined Bristol City on loan for the rest of the season,2026-08-12T14:08:46.501813Z,45,0.4444444444444444,0,0.0,0,0,0,0,0,0,590014,,,,,,,2026-27,0c133121c3637cccea64e7dc70a58d499d53501a46c780f65d6f89cd020d52e9,2026-09-27T08:05:19.992073Z,official_2025-26_stats,0.0,False,0.0,0.0,,,2.0
24,1,3,Reiss Nelson,Nelson,Arsenal,ARS,Midfielder,5.5,0,1.3,0.3333333333333333,0,0.0,u,0.0,0.0,has departed the club as a free agent.,2026-08-29T00:33:08.556767Z,55,0.23636363636363636,0,0.0,0,0,0,0,0,0,200641,,,,,,,2026-27,0c133121c3637cccea64e7dc70a58d499d53501a46c780f65d6f89cd020d52e9,2026-09-27T08:05:19.992073Z,official_2025-26_stats,0.0,False,0.0,0.0,,,1.3
23,1,3,Fábio Ferreira Vieira,Fábio Vieira,Arsenal,ARS,Midfielder,5.5,0,3.6999999999999997,3.6999999999999997,0,0.0,u,0.0,0.0,Has joined Hamburger SV permanently,2026-09-02T16:00:28.446370Z,55,0.6727272727272727,0,0.0,0,0,0,0,0,0,438098,,,,,,,2026-27,0c133121c3637cccea64e7dc70a58d499d53501a46c780f65d6f89cd020d52e9,2026-09-27T08:05:19.992073Z,new_player_position_prior,0.0,False,0.0,0.0,,,3.6999999999999997
521,19,3,Dejan Kulusevski,Kulusevski,Spurs,TOT,Midfielder,6.5,0,4.0,4.0,0,0.0,i,0.0,0.0,Knee injury - Unknown return date,2026-07-23T12:01:23.895175Z,65,0.6153846153846154,0,0.0,0,0,0,0,0,0,445044,,,,,,,2026-27,0c133121c3637cccea64e7dc70a58d499d53501a46c780f65d6f89cd020d52e9,2026-09-27T08:05:19.992073Z,new_player_position_prior,0.0,False,0.0,0.0,,,4.0
219,8,3,Jesurun Rak-Sakyi,J.Rak-Sakyi,Crystal Palace,CRY,Midfielder,4.9,0,3.52,3.52,0,0.0,u,0.0,0.0,has joined  Kasimpasa on loan for the rest of the seaon.,2026-09-10T09:12:47.224598Z,49,0.7183673469387755,0,0.0,0,0,0,0,0,0,450542,,,,,,,2026-27,0c133121c3637cccea64e7dc70a58d499d53501a46c780f65d6f89cd020d52e9,2026-09-27T08:05:19.992073Z,new_player_position_prior,0.0,False,0.0,0.0,,,3.52
518,19,3,Pape Matar Sarr,P.M.Sarr,Spurs,TOT,Midfielder,4.9,0,2.730769230769231,1.3333333333333333,0,0.1,u,0.0,0.0,Has joined Juventus on loan for the rest of the season,2026-09-02T16:02:43.386849Z,49,0.5572998430141287,0,0.0,0,0,0,0,0,0,482442,,,,,,,2026-27,0c133121c3637cccea64e7dc70a58d499d53501a46c780f65d6f89cd020d52e9,2026-09-27T08:05:19.992073Z,official_2025-26_stats,0.0,False,0.0,0.0,,,2.730769230769231
517,19,3,Wilson Odobert,Odobert,Spurs,TOT,Midfielder,5.5,0,1.9166666666666667,0.0,0,0.0,i,0.0,0.0,Knee injury - Unknown return date,2026-07-23T12:01:23.879434Z,55,0.3484848484848485,0,0.0,0,0,0,0,0,0,550839,,,,,,,2026-27,0c133121c3637cccea64e7dc70a58d499d53501a46c780f65d6f89cd020d52e9,2026-09-27T08:05:19.992073Z,official_2025-26_stats,0.0,False,0.0,0.0,,,1.9166666666666667
218,8,3,Cheick Doucouré,Doucouré,Crystal Palace,CRY,Midfielder,4.8,0,3.4899999999999998,3.4899999999999998,0,0.0,a,,,,,48,0.7270833333333333,0,0.0,0,0,0,0,0,0,438464,,,,,,,2026-27,0c133121c3637cccea64e7dc70a58d499d53501a46c780f65d6f89cd020d52e9,2026-09-27T08:05:19.992073Z,new_player_position_prior,0.43875,False,1.0,0.0,,,3.4899999999999998
513,19,3,Xavi Simons,Xavi,Spurs,TOT,Midfielder,5.9,0,2.857142857142857,0.0,0,0.0,i,0.0,0.0,Knee injury - Unknown return date,2026-07-23T12:01:23.864304Z,59,0.48426150121065376,0,0.0,0,0,0,0,0,0,493362,4.0,,2.0,,,,2026-27,0c133121c3637cccea64e7dc70a58d499d53501a46c780f65d6f89cd020d52e9,2026-09-27T08:05:19.992073Z,official_2025-26_stats,0.0,False,0.0,0.0,,,2.857142857142857
508,19,2,Ben Davies,Davies,Spurs,TOT,Defender,3.9,0,3.3333333333333335,0.0,0,0.9,a,,,,,39,0.8547008547008548,0,0.0,0,0,0,0,0,0,115556,,,,,,,2026-27,0c133121c3637cccea64e7dc70a58d499d53501a46c780f65d6f89cd020d52e9,2026-09-27T08:05:19.992073Z,official_2025-26_stats,0.02631578947368421,False,1.0,0.0,,,3.3333333333333335
612,20,2,Dayann Méthalie,Methalie,Sunderland,SUN,Defender,4.5,-1,3.15,3.15,90,0.0,a,100.0,100.0,,2026-08-28T13:00:08.950445Z,45,0.7,3,3.0,1,0,-8,2,1,4,638411,,,,,,,2026-27,0c133121c3637cccea64e7dc70a58d499d53501a46c780f65d6f89cd020d52e9,2026-09-27T08:05:19.992073Z,new_player_position_prior,0.45125,False,1.0,0.0,,,3.15
